GeoFIPS,GeoName,Region,TableName,LineCode,IndustryClassification,Description,Unit,2001,2002,2003,2004,2005,2006,2007,2008,2009,2010,2011,2012,2013,2014,2015,2016,2017,2018,2019,2020,2021
 "29000","Missouri",4,CAGDP1,1,"...","Real GDP (thousands of chained 2012 dollars) ","Thousands of chained 2012 dollars",243060396,247437120,252677326,259741416,265735080,267221098,267691158,273436218,266834878,270732917,268533828,271535143,274599267,276080683,279020850,279109151,281253345,284540264,290619535,282754114,295687293
 "29000","Missouri",4,CAGDP1,2,"...","Chain-type quantity indexes for real GDP ","Quantity index",89.513,91.125,93.055,95.657,97.864,98.411,98.584,100.700,98.269,99.705,98.895,100.000,101.128,101.674,102.757,102.789,103.579,104.789,107.028,104.132,108.895
 "29000","Missouri",4,CAGDP1,3,"...","Current-dollar GDP (thousands of current dollars) ","Thousands of dollars",190657100,197557693,205588494,217084232,227971272,236385981,244331336,254045769,253317655,259816135,262067060,271535143,280571033,287507453,296929326,300914508,308002320,318153534,332485836,330249929,358571975
 "29001","Adair, MO",4,CAGDP1,1,"...","Real GDP (thousands of chained 2012 dollars) ","Thousands of chained 2012 dollars",729129,728202,717328,740144,779069,787049,772581,770295,778335,805225,845858,717462,740759,741410,734374,704943,722099,733931,736266,714698,714345
 "29001","Adair, MO",4,CAGDP1,2,"...","Chain-type quantity indexes for real GDP ","Quantity index",101.626,101.497,99.981,103.161,108.587,109.699,107.682,107.364,108.484,112.232,117.896,100.000,103.247,103.338,102.357,98.255,100.646,102.295,102.621,99.615,99.565
 "29001","Adair, MO",4,CAGDP1,3,"...","Current-dollar GDP (thousands of current dollars) ","Thousands of dollars",572638,585021,589248,622385,670583,696639,707129,719690,744197,779589,821042,717462,759233,775040,785981,769021,798634,826548,850205,854026,887363
 "29003","Andrew, MO",4,CAGDP1,1,"...","Real GDP (thousands of chained 2012 dollars) ","Thousands of chained 2012 dollars",231876,244331,233721,275302,260731,253025,254542,254515,276243,263080,257436,248911,291673,286612,245326,270017,275078,259903,314522,306581,309059
 "29003","Andrew, MO",4,CAGDP1,2,"...","Chain-type quantity indexes for real GDP ","Quantity index",93.156,98.160,93.897,110.603,104.749,101.653,102.262,102.251,110.980,105.692,103.425,100.000,117.180,115.146,98.559,108.479,110.512,104.416,126.359,123.169,124.164
 "29003","Andrew, MO",4,CAGDP1,3,"...","Current-dollar GDP (thousands of current dollars) ","Thousands of dollars",172285,185515,182879,224947,217416,218516,231908,236111,252006,246973,251680,248911,297598,292651,254378,280906,295841,285435,350486,347282,383355
 "29005","Atchison, MO",4,CAGDP1,1,"...","Real GDP (thousands of chained 2012 dollars) ","Thousands of chained 2012 dollars",181839,164201,170756,189671,191442,194456,201456,222767,305634,284930,271137,279853,308278,297870,189914,274618,257461,279176,309956,322709,371646
 "29005","Atchison, MO",4,CAGDP1,2,"...","Chain-type quantity indexes for real GDP ","Quantity index",64.977,58.674,61.016,67.775,68.408,69.485,71.986,79.601,109.212,101.814,96.886,100.000,110.157,106.438,67.862,98.129,91.999,99.758,110.757,115.313,132.800
 "29005","Atchison, MO",4,CAGDP1,3,"...","Current-dollar GDP (thousands of current dollars) ","Thousands of dollars",131546,119347,129657,153128,150343,154505,177738,199118,247841,247417,264767,279853,317227,298531,185943,263438,256645,282786,319537,334193,441296
 "29007","Audrain, MO",4,CAGDP1,1,"...","Real GDP (thousands of chained 2012 dollars) ","Thousands of chained 2012 dollars",871840,863176,850773,935553,883003,934836,934560,951162,949620,964647,926368,884581,911704,975089,993567,1016275,1006149,884967,845728,832579,839314
 "29007","Audrain, MO",4,CAGDP1,2,"...","Chain-type quantity indexes for real GDP ","Quantity index",98.560,97.580,96.178,105.762,99.822,105.681,105.650,107.527,107.352,109.051,104.724,100.000,103.066,110.232,112.321,114.888,113.743,100.044,95.608,94.121,94.883
 "29007","Audrain, MO",4,CAGDP1,3,"...","Current-dollar GDP (thousands of current dollars) ","Thousands of dollars",648554,650372,654871,747474,717472,785606,824737,857770,851045,889528,903527,884581,928657,1006080,1032034,1054485,1071023,961749,936473,935109,1026899
 "29009","Barry, MO",4,CAGDP1,1,"...","Real GDP (thousands of chained 2012 dollars) ","Thousands of chained 2012 dollars",1160589,1198372,1203811,1258739,1368692,1398853,1339124,1378780,1268949,1329247,1255015,1254176,1347223,1415907,1675374,1503617,1459595,1597394,1501099,1421888,1481399
 "29009","Barry, MO",4,CAGDP1,2,"...","Chain-type quantity indexes for real GDP ","Quantity index",92.538,95.551,95.984,100.364,109.131,111.536,106.773,109.935,101.178,105.986,100.067,100.000,107.419,112.895,133.584,119.889,116.379,127.366,119.688,113.372,118.117
 "29009","Barry, MO",4,CAGDP1,3,"...","Current-dollar GDP (thousands of current dollars) ","Thousands of dollars",885237,928645,947290,1028490,1126312,1175273,1194368,1259047,1169336,1247384,1219127,1254176,1371037,1453414,1700339,1502684,1475939,1624381,1556337,1507770,1636941
 "29011","Barton, MO",4,CAGDP1,1,"...","Real GDP (thousands of chained 2012 dollars) ","Thousands of chained 2012 dollars",375485,379760,412694,421565,396182,381439,346436,335654,352519,349518,336255,366113,344879,347678,317066,346630,340881,319418,308925,345645,341695
 "29011","Barton, MO",4,CAGDP1,2,"...","Chain-type quantity indexes for real GDP ","Quantity index",102.560,103.727,112.723,115.146,108.213,104.186,94.625,91.680,96.287,95.467,91.844,100.000,94.200,94.965,86.603,94.678,93.108,87.246,84.380,94.409,93.330
 "29011","Barton, MO",4,CAGDP1,3,"...","Current-dollar GDP (thousands of current dollars) ","Thousands of dollars",273457,278604,314356,334698,323427,319865,307865,303825,306453,316298,327298,366113,354685,355422,319261,344118,350871,333368,328245,374694,423027
 "29013","Bates, MO",4,CAGDP1,1,"...","Real GDP (thousands of chained 2012 dollars) ","Thousands of chained 2012 dollars",381082,353696,379825,403271,406574,399681,391670,406407,399349,391052,374969,418959,425518,407576,367336,402085,417205,393746,429092,436613,421861
 "29013","Bates, MO",4,CAGDP1,2,"...","Chain-type quantity indexes for real GDP ","Quantity index",90.959,84.422,90.659,96.255,97.044,95.398,93.486,97.004,95.319,93.339,89.500,100.000,101.565,97.283,87.678,95.972,99.581,93.982,102.419,104.214,100.693
 "29013","Bates, MO",4,CAGDP1,3,"...","Current-dollar GDP (thousands of current dollars) ","Thousands of dollars",276555,260667,288406,323951,331981,340070,350877,375322,364661,367645,365860,418959,436654,421018,383265,424215,451869,436769,487334,508152,533000
 "29015","Benton, MO",4,CAGDP1,1,"...","Real GDP (thousands of chained 2012 dollars) ","Thousands of chained 2012 dollars",292226,290106,294130,339806,333442,329324,321932,324087,333423,358876,351755,336057,358355,358702,396055,356291,354649,387244,371986,344138,359640
 "29015","Benton, MO",4,CAGDP1,2,"...","Chain-type quantity indexes for real GDP ","Quantity index",86.957,86.326,87.524,101.115,99.222,97.996,95.797,96.438,99.216,106.790,104.671,100.000,106.635,106.738,117.853,106.021,105.532,115.231,110.691,102.404,107.017
 "29015","Benton, MO",4,CAGDP1,3,"...","Current-dollar GDP (thousands of current dollars) ","Thousands of dollars",229682,232085,241224,287424,288247,294550,297646,304274,314309,343353,343056,336057,368244,376937,420758,382253,390145,436781,431038,409697,452166
 "29017","Bollinger, MO",4,CAGDP1,1,"...","Real GDP (thousands of chained 2012 dollars) ","Thousands of chained 2012 dollars",171956,165218,165092,177194,176178,162144,157225,157657,202171,170543,163453,172296,169880,178109,160232,168329,190634,187205,180240,179767,176163
 "29017","Bollinger, MO",4,CAGDP1,2,"...","Chain-type quantity indexes for real GDP ","Quantity index",99.803,95.892,95.818,102.843,102.253,94.108,91.253,91.503,117.339,98.983,94.867,100.000,98.598,103.373,92.998,97.698,110.643,108.653,104.611,104.336,102.244
 "29017","Bollinger, MO",4,CAGDP1,3,"...","Current-dollar GDP (thousands of current dollars) ","Thousands of dollars",132654,129881,133389,149388,151841,144552,144637,147808,192657,163575,159455,172296,174558,185956,170165,182110,210996,211815,209025,213285,220777
 "29019","Boone, MO",4,CAGDP1,1,"...","Real GDP (thousands of chained 2012 dollars) ","Thousands of chained 2012 dollars",6181879,6281158,6458556,6662732,6897568,7006682,6955683,7093101,7060113,7190522,7358988,7628381,7870972,7888336,8097724,8132616,8307257,8376293,8755124,8753923,9255256
 "29019","Boone, MO",4,CAGDP1,2,"...","Chain-type quantity indexes for real GDP ","Quantity index",81.038,82.339,84.665,87.341,90.420,91.850,91.182,92.983,92.551,94.260,96.469,100.000,103.180,103.408,106.153,106.610,108.899,109.804,114.770,114.755,121.327
 "29019","Boone, MO",4,CAGDP1,3,"...","Current-dollar GDP (thousands of current dollars) ","Thousands of dollars",4728766,4917462,5161943,5486593,5855857,6151679,6318097,6571454,6710308,6927498,7185561,7628381,8064609,8249361,8673486,8840026,9157251,9459940,10121907,10387164,11309187
 "29021","Buchanan, MO",4,CAGDP1,1,"...","Real GDP (thousands of chained 2012 dollars) ","Thousands of chained 2012 dollars",3712664,3849502,3899174,4075280,4097993,4161213,4162075,4273407,4176867,4233259,4283264,4721179,4762870,4569232,4431573,4446210,4640734,4543520,4621158,4463954,4585493
 "29021","Buchanan, MO",4,CAGDP1,2,"...","Chain-type quantity indexes for real GDP ","Quantity index",78.639,81.537,82.589,86.319,86.800,88.139,88.158,90.516,88.471,89.665,90.724,100.000,100.883,96.782,93.866,94.176,98.296,96.237,97.881,94.552,97.126
 "29021","Buchanan, MO",4,CAGDP1,3,"...","Current-dollar GDP (thousands of current dollars) ","Thousands of dollars",2835508,2995227,3079808,3286699,3399370,3551748,3651591,3858331,3949748,4021937,4135702,4721179,4871456,4777518,4773617,4875837,5145772,5129805,5349524,5292679,5647905
 "29023","Butler, MO",4,CAGDP1,1,"...","Real GDP (thousands of chained 2012 dollars) ","Thousands of chained 2012 dollars",1319194,1343047,1432638,1421051,1480351,1430967,1376725,1444543,1419923,1424683,1440968,1454781,1454481,1444060,1369603,1399653,1336030,1318464,1288467,1322798,1368087
 "29023","Butler, MO",4,CAGDP1,2,"...","Chain-type quantity indexes for real GDP ","Quantity index",90.680,92.320,98.478,97.681,101.758,98.363,94.634,99.296,97.604,97.931,99.051,100.000,99.979,99.263,94.145,96.211,91.837,90.630,88.568,90.928,94.041
 "29023","Butler, MO",4,CAGDP1,3,"...","Current-dollar GDP (thousands of current dollars) ","Thousands of dollars",1026902,1064651,1165224,1193912,1267589,1262135,1266617,1351297,1344949,1365473,1402025,1454781,1491477,1499763,1451169,1501143,1459494,1472744,1478574,1557730,1693412
 "29025","Caldwell, MO",4,CAGDP1,1,"...","Real GDP (thousands of chained 2012 dollars) ","Thousands of chained 2012 dollars",166623,135836,143680,167305,166000,170106,172266,173494,178844,173014,175507,158112,166840,173185,162019,168129,192579,218856,198719,206963,202969
 "29025","Caldwell, MO",4,CAGDP1,2,"...","Chain-type quantity indexes for real GDP ","Quantity index",105.383,85.911,90.872,105.814,104.989,107.586,108.952,109.729,113.112,109.425,111.002,100.000,105.520,109.534,102.471,106.336,121.799,138.418,125.683,130.897,128.370
 "29025","Caldwell, MO",4,CAGDP1,3,"...","Current-dollar GDP (thousands of current dollars) ","Thousands of dollars",124863,103156,112851,138804,135941,141663,155143,159005,156355,157133,171366,158112,170988,178980,168572,176389,207746,239439,221264,235912,255214
 "29027","Callaway, MO",4,CAGDP1,1,"...","Real GDP (thousands of chained 2012 dollars) ","Thousands of chained 2012 dollars",1321708,1320792,1346710,1379222,1411053,1435765,1471789,1520103,1537956,1589093,1565263,1599034,1594895,1594421,1709300,1760666,1622076,1690290,1677591,1626293,1514295
 "29027","Callaway, MO",4,CAGDP1,2,"...","Chain-type quantity indexes for real GDP ","Quantity index",82.657,82.599,84.220,86.253,88.244,89.790,92.042,95.064,96.180,99.378,97.888,100.000,99.741,99.712,106.896,110.108,101.441,105.707,104.913,101.705,94.701
 "29027","Callaway, MO",4,CAGDP1,3,"...","Current-dollar GDP (thousands of current dollars) ","Thousands of dollars",1036554,1036226,1086881,1144442,1212419,1291838,1365657,1429318,1521873,1565514,1559939,1599034,1636179,1695024,1847351,1890915,1771229,1891606,1929350,1893710,1864860
 "29029","Camden, MO",4,CAGDP1,1,"...","Real GDP (thousands of chained 2012 dollars) ","Thousands of chained 2012 dollars",1231043,1252123,1290458,1344119,1449226,1462504,1442171,1417429,1384558,1381822,1418485,1391641,1348899,1381243,1411598,1309205,1362348,1409199,1410299,1369966,1472777
 "29029","Camden, MO",4,CAGDP1,2,"...","Chain-type quantity indexes for real GDP ","Quantity index",88.460,89.975,92.729,96.585,104.138,105.092,103.631,101.853,99.491,99.294,101.929,100.000,96.929,99.253,101.434,94.076,97.895,101.262,101.341,98.442,105.830
 "29029","Camden, MO",4,CAGDP1,3,"...","Current-dollar GDP (thousands of current dollars) ","Thousands of dollars",969298,1008912,1060063,1133840,1261047,1317362,1342157,1337494,1322600,1332273,1384815,1391641,1379137,1442907,1514983,1436879,1524030,1614003,1662222,1659336,1850074
 "29031","Cape Girardeau, MO",4,CAGDP1,1,"...","Real GDP (thousands of chained 2012 dollars) ","Thousands of chained 2012 dollars",2957668,3074178,3107182,3247596,3422518,3475848,3547157,3561519,3479560,3442969,3455257,3502129,3506661,3522799,3636253,3687148,3670386,3727298,3693087,3561205,3676134
 "29031","Cape Girardeau, MO",4,CAGDP1,2,"...","Chain-type quantity indexes for real GDP ","Quantity index",84.453,87.780,88.723,92.732,97.727,99.250,101.286,101.696,99.356,98.311,98.662,100.000,100.129,100.590,103.830,105.283,104.804,106.429,105.453,101.687,104.969
 "29031","Cape Girardeau, MO",4,CAGDP1,3,"...","Current-dollar GDP (thousands of current dollars) ","Thousands of dollars",2414140,2548280,2609663,2787932,3001219,3138167,3277722,3344795,3308286,3330177,3380105,3502129,3583838,3657094,3864776,3974058,4025298,4175736,4226438,4139397,4443552
 "29033","Carroll, MO",4,CAGDP1,1,"...","Real GDP (thousands of chained 2012 dollars) ","Thousands of chained 2012 dollars",240398,271263,247228,274760,279560,299598,280963,287890,292286,256424,301704,285411,323603,339213,273646,354864,339003,286506,354330,315617,294080
 "29033","Carroll, MO",4,CAGDP1,2,"...","Chain-type quantity indexes for real GDP ","Quantity index",84.229,95.043,86.622,96.268,97.950,104.971,98.442,100.868,102.409,89.844,105.709,100.000,113.381,118.851,95.878,124.334,118.777,100.384,124.147,110.583,103.037
 "29033","Carroll, MO",4,CAGDP1,3,"...","Current-dollar GDP (thousands of current dollars) ","Thousands of dollars",183344,207011,197083,231685,232300,252882,258891,268402,256772,233864,291553,285411,332358,345042,277019,355688,354047,302987,379291,342096,371891
 "29035","Carter, MO",4,CAGDP1,1,"...","Real GDP (thousands of chained 2012 dollars) ","Thousands of chained 2012 dollars",138280,146469,141721,136914,135747,100874,97503,120150,123996,118453,115065,111372,108642,108083,108908,106405,107411,107148,109483,108076,111221
 "29035","Carter, MO",4,CAGDP1,2,"...","Chain-type quantity indexes for real GDP ","Quantity index",124.160,131.513,127.250,122.934,121.886,90.574,87.547,107.881,111.335,106.357,103.316,100.000,97.549,97.047,97.788,95.540,96.443,96.207,98.304,97.040,99.864
 "29035","Carter, MO",4,CAGDP1,3,"...","Current-dollar GDP (thousands of current dollars) ","Thousands of dollars",106209,115180,114767,117649,120916,93264,92145,114717,115469,113649,111884,111372,111961,115159,119406,119367,123575,127045,133170,134940,147456
 "29037","Cass, MO",4,CAGDP1,1,"...","Real GDP (thousands of chained 2012 dollars) ","Thousands of chained 2012 dollars",1818794,1912722,2036147,2095920,2086514,2113728,2158531,2153248,2072106,2193761,2112917,2164662,2225655,2176801,2228434,2330083,2377391,2422675,2484208,2474629,2567329
 "29037","Cass, MO",4,CAGDP1,2,"...","Chain-type quantity indexes for real GDP ","Quantity index",84.022,88.361,94.063,96.824,96.390,97.647,99.717,99.473,95.724,101.344,97.610,100.000,102.818,100.561,102.946,107.642,109.827,111.919,114.762,114.319,118.602
 "29037","Cass, MO",4,CAGDP1,3,"...","Current-dollar GDP (thousands of current dollars) ","Thousands of dollars",1372939,1480576,1614793,1720622,1773555,1869951,1975786,2009643,1969227,2106497,2068289,2164662,2276780,2271076,2384464,2537005,2643110,2759103,2906651,2972976,3247220
 "29039","Cedar, MO",4,CAGDP1,1,"...","Real GDP (thousands of chained 2012 dollars) ","Thousands of chained 2012 dollars",231229,236269,251615,259940,260808,262841,261270,254004,246845,251571,248318,234960,235952,246732,249803,239430,228329,238602,247870,258561,266270
 "29039","Cedar, MO",4,CAGDP1,2,"...","Chain-type quantity indexes for real GDP ","Quantity index",98.412,100.557,107.089,110.632,111.001,111.866,111.198,108.105,105.059,107.070,105.685,100.000,100.422,105.011,106.317,101.903,97.178,101.550,105.495,110.045,113.326
 "29039","Cedar, MO",4,CAGDP1,3,"...","Current-dollar GDP (thousands of current dollars) ","Thousands of dollars",182356,190272,207473,220100,226782,236498,242085,238839,234953,242697,242442,234960,242462,259149,267118,259624,252546,270805,289876,311231,332042
 "29041","Chariton, MO",4,CAGDP1,1,"...","Real GDP (thousands of chained 2012 dollars) ","Thousands of chained 2012 dollars",227152,244474,238112,279621,266469,271926,242838,249866,285668,251233,259139,227654,277777,305842,272081,284463,282093,269441,284940,283569,277954
 "29041","Chariton, MO",4,CAGDP1,2,"...","Chain-type quantity indexes for real GDP ","Quantity index",99.779,107.388,104.593,122.827,117.050,119.447,106.669,109.757,125.483,110.357,113.830,100.000,122.017,134.345,119.515,124.954,123.913,118.355,125.163,124.561,122.095
 "29041","Chariton, MO",4,CAGDP1,3,"...","Current-dollar GDP (thousands of current dollars) ","Thousands of dollars",161266,173274,176308,220447,208916,218286,214389,224408,237030,221179,251968,227654,285387,308485,265881,270813,280307,270311,289887,291306,331038
 "29043","Christian, MO",4,CAGDP1,1,"...","Real GDP (thousands of chained 2012 dollars) ","Thousands of chained 2012 dollars",1058902,1113216,1173617,1250316,1331763,1374944,1384090,1393879,1382952,1410457,1367205,1397837,1360578,1420604,1435360,1460164,1503723,1537198,1619926,1607467,1712119
 "29043","Christian, MO",4,CAGDP1,2,"...","Chain-type quantity indexes for real GDP ","Quantity index",75.753,79.638,83.959,89.446,95.273,98.362,99.017,99.717,98.935,100.903,97.809,100.000,97.335,101.629,102.684,104.459,107.575,109.970,115.888,114.997,122.483
 "29043","Christian, MO",4,CAGDP1,3,"...","Current-dollar GDP (thousands of current dollars) ","Thousands of dollars",819205,881193,948181,1043480,1151891,1237627,1285549,1313550,1324880,1361275,1335864,1397837,1392553,1487696,1545480,1602755,1680067,1757311,1904670,1944927,2144362
 "29045","Clark, MO",4,CAGDP1,1,"...","Real GDP (thousands of chained 2012 dollars) ","Thousands of chained 2012 dollars",107836,120683,136646,142124,133561,148076,151054,141172,166248,139531,150740,168907,182663,165317,121349,148734,138273,123097,134996,139952,138793
 "29045","Clark, MO",4,CAGDP1,2,"...","Chain-type quantity indexes for real GDP ","Quantity index",63.843,71.449,80.900,84.143,79.074,87.667,89.430,83.579,98.426,82.608,89.244,100.000,108.144,97.875,71.844,88.057,81.863,72.879,79.923,82.858,82.171
 "29045","Clark, MO",4,CAGDP1,3,"...","Current-dollar GDP (thousands of current dollars) ","Thousands of dollars",80053,91240,107471,119163,111240,126532,140591,133310,146830,128864,147235,168907,186985,166976,121811,148913,143579,130719,146138,153571,173722
 "29047","Clay, MO",4,CAGDP1,1,"...","Real GDP (thousands of chained 2012 dollars) ","Thousands of chained 2012 dollars",8958554,9559341,9881630,9933543,9906225,9545757,10114730,10338584,9843412,9852123,9283672,9114453,9607856,10313768,10921397,10289871,10937684,11010950,11459541,11293734,11904310
 "29047","Clay, MO",4,CAGDP1,2,"...","Chain-type quantity indexes for real GDP ","Quantity index",98.290,104.881,108.417,108.987,108.687,104.732,110.975,113.431,107.998,108.093,101.857,100.000,105.413,113.158,119.825,112.896,120.004,120.808,125.729,123.910,130.609
 "29047","Clay, MO",4,CAGDP1,3,"...","Current-dollar GDP (thousands of current dollars) ","Thousands of dollars",7717953,8287123,8613542,8731740,8835201,8647704,9359286,9674867,9523190,9533193,9069113,9114453,9794472,10704610,11711823,11178648,11999565,12230231,12993419,13038202,13936780
 "29049","Clinton, MO",4,CAGDP1,1,"...","Real GDP (thousands of chained 2012 dollars) ","Thousands of chained 2012 dollars",403815,405715,392970,426175,435819,432380,415464,423369,446135,430603,405069,335600,393455,369649,375739,357445,357880,376669,357898,351812,370096
 "29049","Clinton, MO",4,CAGDP1,2,"...","Chain-type quantity indexes for real GDP ","Quantity index",120.326,120.892,117.095,126.989,129.862,128.838,123.797,126.153,132.937,128.308,120.700,100.000,117.239,110.146,111.960,106.509,106.639,112.238,106.644,104.831,110.279
 "29049","Clinton, MO",4,CAGDP1,3,"...","Current-dollar GDP (thousands of current dollars) ","Thousands of dollars",292407,301878,300663,342258,360531,373003,373358,389123,409949,405030,395004,335600,404060,385977,400314,387692,396692,427317,417180,422253,464465
 "29051","Cole, MO",4,CAGDP1,1,"...","Real GDP (thousands of chained 2012 dollars) ","Thousands of chained 2012 dollars",3939196,3977624,4062972,4173545,4213305,4244437,4179929,4327986,4246815,4293388,4350264,4332208,4473015,4500517,4478697,4494840,4509514,4503745,4846927,4774463,4906317
 "29051","Cole, MO",4,CAGDP1,2,"...","Chain-type quantity indexes for real GDP ","Quantity index",90.928,91.815,93.785,96.338,97.255,97.974,96.485,99.903,98.029,99.104,100.417,100.000,103.250,103.885,103.381,103.754,104.093,103.960,111.881,110.209,113.252
 "29051","Cole, MO",4,CAGDP1,3,"...","Current-dollar GDP (thousands of current dollars) ","Thousands of dollars",3027486,3124979,3271579,3468210,3611562,3768384,3836469,4038696,4035636,4141234,4250239,4332208,4588988,4719753,4811286,4898727,4994721,5119296,5627099,5680322,6079250
 "29053","Cooper, MO",4,CAGDP1,1,"...","Real GDP (thousands of chained 2012 dollars) ","Thousands of chained 2012 dollars",440779,457428,468320,511884,478607,474719,487703,484092,467644,467458,457426,440920,428784,427525,401500,413113,418104,419032,408354,398399,389064
 "29053","Cooper, MO",4,CAGDP1,2,"...","Chain-type quantity indexes for real GDP ","Quantity index",99.968,103.744,106.214,116.094,108.547,107.665,110.610,109.791,106.061,106.019,103.743,100.000,97.248,96.962,91.060,93.693,94.825,95.036,92.614,90.356,88.239
 "29053","Cooper, MO",4,CAGDP1,3,"...","Current-dollar GDP (thousands of current dollars) ","Thousands of dollars",331415,350653,368731,420826,400532,410065,439643,443502,424376,434491,443672,440920,441098,447256,427847,444519,462809,474103,472700,470301,501901
 "29055","Crawford, MO",4,CAGDP1,1,"...","Real GDP (thousands of chained 2012 dollars) ","Thousands of chained 2012 dollars",474349,503747,500540,501481,515827,525313,522008,524324,518947,551781,554650,570162,624864,664697,605314,575270,605220,630096,609378,574961,615007
 "29055","Crawford, MO",4,CAGDP1,2,"...","Chain-type quantity indexes for real GDP ","Quantity index",83.196,88.352,87.789,87.954,90.470,92.134,91.554,91.961,91.017,96.776,97.279,100.000,109.594,116.580,106.165,100.896,106.149,110.512,106.878,100.842,107.865
 "29055","Crawford, MO",4,CAGDP1,3,"...","Current-dollar GDP (thousands of current dollars) ","Thousands of dollars",378797,407497,412018,427871,453889,479349,490725,499792,498697,536771,546033,570162,629480,673174,637166,619759,661523,703020,696380,670144,751005
 "29057","Dade, MO",4,CAGDP1,1,"...","Real GDP (thousands of chained 2012 dollars) ","Thousands of chained 2012 dollars",129675,139284,167808,172964,168689,170246,161185,165821,156294,150458,143028,165823,165498,200310,189662,177238,166370,170717,172850,179951,177468
 "29057","Dade, MO",4,CAGDP1,2,"...","Chain-type quantity indexes for real GDP ","Quantity index",78.201,83.996,101.197,104.307,101.729,102.668,97.203,99.999,94.254,90.734,86.254,100.000,99.804,120.798,114.377,106.884,100.330,102.952,104.238,108.520,107.023
 "29057","Dade, MO",4,CAGDP1,3,"...","Current-dollar GDP (thousands of current dollars) ","Thousands of dollars",102689,112086,139335,151865,147774,152782,151996,157999,146239,144494,139515,165823,170321,205850,192279,176991,171105,178404,184707,196091,211274
 "29059","Dallas, MO",4,CAGDP1,1,"...","Real GDP (thousands of chained 2012 dollars) ","Thousands of chained 2012 dollars",215153,235823,241929,261806,266989,267670,260034,253214,235101,233924,229325,232010,227235,239021,250676,239765,239781,240171,239117,227615,232399
 "29059","Dallas, MO",4,CAGDP1,2,"...","Chain-type quantity indexes for real GDP ","Quantity index",92.734,101.643,104.275,112.842,115.076,115.370,112.079,109.139,101.332,100.825,98.842,100.000,97.942,103.022,108.045,103.342,103.349,103.518,103.063,98.106,100.167
 "29059","Dallas, MO",4,CAGDP1,3,"...","Current-dollar GDP (thousands of current dollars) ","Thousands of dollars",166892,187371,197454,220508,228834,235843,236814,236205,223685,225053,223184,232010,232994,250485,267216,259935,265739,273604,281035,274740,292337
 "29061","Daviess, MO",4,CAGDP1,1,"...","Real GDP (thousands of chained 2012 dollars) ","Thousands of chained 2012 dollars",151388,158853,145974,192255,183725,190494,191325,222560,224119,229177,240323,231654,226678,240251,170562,164526,147604,151074,168196,178839,152039
 "29061","Daviess, MO",4,CAGDP1,2,"...","Chain-type quantity indexes for real GDP ","Quantity index",65.351,68.573,63.014,82.992,79.310,82.232,82.591,96.074,96.747,98.931,103.742,100.000,97.852,103.711,73.628,71.023,63.717,65.215,72.606,77.201,65.632
 "29061","Daviess, MO",4,CAGDP1,3,"...","Current-dollar GDP (thousands of current dollars) ","Thousands of dollars",115342,122340,115367,157560,148887,155907,169531,198689,191813,204603,232879,231654,232900,245147,174189,170018,155512,162665,185317,201221,183877
 "29063","DeKalb, MO",4,CAGDP1,1,"...","Real GDP (thousands of chained 2012 dollars) ","Thousands of chained 2012 dollars",223343,218764,235099,255788,253778,255712,267529,309061,310565,310252,307351,269327,290528,290112,274025,283953,299269,289461,296953,294585,279701
 "29063","DeKalb, MO",4,CAGDP1,2,"...","Chain-type quantity indexes for real GDP ","Quantity index",82.926,81.226,87.291,94.973,94.227,94.945,99.332,114.753,115.311,115.195,114.118,100.000,107.872,107.717,101.744,105.430,111.117,107.476,110.257,109.378,103.852
 "29063","DeKalb, MO",4,CAGDP1,3,"...","Current-dollar GDP (thousands of current dollars) ","Thousands of dollars",167533,167707,185664,210011,211733,220306,242001,283888,282663,290735,301159,269327,298926,305320,293036,306551,328793,327582,345551,349872,360232
 "29065","Dent, MO",4,CAGDP1,1,"...","Real GDP (thousands of chained 2012 dollars) ","Thousands of chained 2012 dollars",307320,320935,308674,308851,322536,321999,324936,308193,298045,304175,305434,302902,303745,328722,335923,316368,305366,327381,345581,334950,341902
 "29065","Dent, MO",4,CAGDP1,2,"...","Chain-type quantity indexes for real GDP ","Quantity index",101.458,105.953,101.905,101.964,106.482,106.304,107.274,101.747,98.396,100.420,100.836,100.000,100.278,108.524,110.901,104.446,100.813,108.081,114.090,110.580,112.875
 "29065","Dent, MO",4,CAGDP1,3,"...","Current-dollar GDP (thousands of current dollars) ","Thousands of dollars",240276,254435,250200,258930,278590,287160,296519,286005,280991,291243,296749,302902,312803,346067,358938,341902,338409,372696,402216,399519,440433
 "29067","Douglas, MO",4,CAGDP1,1,"...","Real GDP (thousands of chained 2012 dollars) ","Thousands of chained 2012 dollars",206145,205391,232967,245744,292696,271243,262358,263029,251867,269436,204445,190120,177542,207148,190559,193969,199384,205375,199272,187349,193484
 "29067","Douglas, MO",4,CAGDP1,2,"...","Chain-type quantity indexes for real GDP ","Quantity index",108.429,108.032,122.537,129.257,153.953,142.669,137.996,138.349,132.478,141.719,107.535,100.000,93.384,108.957,100.231,102.025,104.873,108.024,104.814,98.542,101.769
 "29067","Douglas, MO",4,CAGDP1,3,"...","Current-dollar GDP (thousands of current dollars) ","Thousands of dollars",163629,165519,190975,206362,250559,238417,239405,244342,244352,260084,198817,190120,182652,217280,204517,211671,221101,231578,231529,224036,237539
 "29069","Dunklin, MO",4,CAGDP1,1,"...","Real GDP (thousands of chained 2012 dollars) ","Thousands of chained 2012 dollars",758291,720148,897699,829230,854349,903558,808510,809814,795166,811385,875197,738531,769388,643266,683583,652186,603599,629823,646899,625927,659523
 "29069","Dunklin, MO",4,CAGDP1,2,"...","Chain-type quantity indexes for real GDP ","Quantity index",102.676,97.511,121.552,112.281,115.682,122.345,109.475,109.652,107.669,109.865,118.505,100.000,104.178,87.101,92.560,88.309,81.730,85.280,87.593,84.753,89.302
 "29069","Dunklin, MO",4,CAGDP1,3,"...","Current-dollar GDP (thousands of current dollars) ","Thousands of dollars",580493,558311,714450,690145,714842,771688,733328,745708,718361,753127,855793,738531,789340,671997,728304,702071,663070,709446,747691,740300,842147
 "29071","Franklin, MO",4,CAGDP1,1,"...","Real GDP (thousands of chained 2012 dollars) ","Thousands of chained 2012 dollars",3324031,3363390,3389205,3613073,3719596,3806099,3836295,3870139,3685923,3964386,4026009,3889407,4047333,3938079,4090026,4174561,4210672,4107734,4242782,4264688,4374389
 "29071","Franklin, MO",4,CAGDP1,2,"...","Chain-type quantity indexes for real GDP ","Quantity index",85.464,86.476,87.139,92.895,95.634,97.858,98.634,99.505,94.768,101.928,103.512,100.000,104.060,101.251,105.158,107.332,108.260,105.613,109.086,109.649,112.469
 "29071","Franklin, MO",4,CAGDP1,3,"...","Current-dollar GDP (thousands of current dollars) ","Thousands of dollars",2691086,2732516,2801306,3045657,3232730,3440331,3546943,3629474,3598514,3865981,3968127,3889407,4149823,4161462,4419757,4531406,4644365,4627789,4908502,5006367,5412044
 "29073","Gasconade, MO",4,CAGDP1,1,"...","Real GDP (thousands of chained 2012 dollars) ","Thousands of chained 2012 dollars",365238,363184,358934,389998,398371,428955,429017,403057,390830,401419,403151,401979,410513,409033,403679,385394,430835,440519,431691,393665,416757
 "29073","Gasconade, MO",4,CAGDP1,2,"...","Chain-type quantity indexes for real GDP ","Quantity index",90.860,90.349,89.292,97.020,99.103,106.711,106.726,100.268,97.227,99.861,100.292,100.000,102.123,101.755,100.423,95.874,107.179,109.588,107.392,97.932,103.677
 "29073","Gasconade, MO",4,CAGDP1,3,"...","Current-dollar GDP (thousands of current dollars) ","Thousands of dollars",294137,296423,298148,330963,347582,387422,398187,378568,374642,388061,393230,401979,420141,426445,433699,422051,478549,498136,502547,470097,514990
 "29075","Gentry, MO",4,CAGDP1,1,"...","Real GDP (thousands of chained 2012 dollars) ","Thousands of chained 2012 dollars",159495,156878,142281,184178,203451,224333,234215,225360,267883,254108,262434,249954,241950,265682,206904,181050,210993,194262,224594,213887,204310
 "29075","Gentry, MO",4,CAGDP1,2,"...","Chain-type quantity indexes for real GDP ","Quantity index",63.810,62.763,56.923,73.685,81.395,89.750,93.703,90.161,107.173,101.662,104.993,100.000,96.798,106.292,82.777,72.433,84.413,77.719,89.854,85.571,81.739
 "29075","Gentry, MO",4,CAGDP1,3,"...","Current-dollar GDP (thousands of current dollars) ","Thousands of dollars",116239,116073,108285,145813,157559,175102,206936,201622,220989,221816,255552,249954,248702,268630,203996,179909,214548,201679,239631,232488,242876
 "29077","Greene, MO",4,CAGDP1,1,"...","Real GDP (thousands of chained 2012 dollars) ","Thousands of chained 2012 dollars",11723226,11984865,12554711,13040345,13615823,13719894,13808720,13948064,13625803,13475362,13295513,13465374,13436196,13849469,14303872,14362144,14491182,14752037,15367936,15040904,16050223
 "29077","Greene, MO",4,CAGDP1,2,"...","Chain-type quantity indexes for real GDP ","Quantity index",87.062,89.005,93.237,96.844,101.117,101.890,102.550,103.585,101.191,100.074,98.739,100.000,99.783,102.852,106.227,106.660,107.618,109.555,114.129,111.701,119.196
 "29077","Greene, MO",4,CAGDP1,3,"...","Current-dollar GDP (thousands of current dollars) ","Thousands of dollars",9255905,9653781,10281602,10928895,11724055,12171980,12593688,12963083,13005776,12979620,12955919,13465374,13724359,14415285,15276667,15612235,15939651,16584734,17738738,17760926,19642844
 "29079","Grundy, MO",4,CAGDP1,1,"...","Real GDP (thousands of chained 2012 dollars) ","Thousands of chained 2012 dollars",327285,337557,315888,334712,334767,338751,335317,317176,324161,322887,384636,396780,441173,428762,384994,361636,357552,344309,331522,307004,303139
 "29079","Grundy, MO",4,CAGDP1,2,"...","Chain-type quantity indexes for real GDP ","Quantity index",82.485,85.074,79.613,84.357,84.371,85.375,84.510,79.938,81.698,81.377,96.939,100.000,111.188,108.061,97.030,91.143,90.113,86.776,83.553,77.374,76.400
 "29079","Grundy, MO",4,CAGDP1,3,"...","Current-dollar GDP (thousands of current dollars) ","Thousands of dollars",241805,254236,243931,268737,272192,281564,293364,284670,295676,301794,371310,396780,451753,445184,408439,385990,387302,374418,366279,347093,363303
 "29081","Harrison, MO",4,CAGDP1,1,"...","Real GDP (thousands of chained 2012 dollars) ","Thousands of chained 2012 dollars",228079,246422,228668,263282,270981,272111,251876,240756,272913,280667,276209,235973,249820,239025,217210,208730,219246,219879,230767,236888,224936
 "29081","Harrison, MO",4,CAGDP1,2,"...","Chain-type quantity indexes for real GDP ","Quantity index",96.655,104.428,96.904,111.573,114.836,115.314,106.739,102.027,115.654,118.940,117.051,100.000,105.868,101.294,92.049,88.455,92.911,93.180,97.794,100.388,95.323
 "29081","Harrison, MO",4,CAGDP1,3,"...","Current-dollar GDP (thousands of current dollars) ","Thousands of dollars",169470,184143,176330,211885,217419,222972,221251,214864,234468,252108,268465,235973,256593,245354,223591,217751,233259,239806,257968,271744,283238
 "29083","Henry, MO",4,CAGDP1,1,"...","Real GDP (thousands of chained 2012 dollars) ","Thousands of chained 2012 dollars",693735,696709,672921,743417,756084,752605,760532,786844,766932,786263,731030,692791,772562,776108,703548,648342,652729,648181,639902,638675,680473
 "29083","Henry, MO",4,CAGDP1,2,"...","Chain-type quantity indexes for real GDP ","Quantity index",100.136,100.566,97.132,107.307,109.136,108.634,109.778,113.576,110.702,113.492,105.520,100.000,111.514,112.026,101.553,93.584,94.217,93.561,92.366,92.189,98.222
 "29083","Henry, MO",4,CAGDP1,3,"...","Current-dollar GDP (thousands of current dollars) ","Thousands of dollars",530295,536727,533309,605213,637459,660613,686253,724260,730923,757348,716389,692791,792859,821755,759593,702019,723546,743106,741251,751077,857899
 "29085","Hickory, MO",4,CAGDP1,1,"...","Real GDP (thousands of chained 2012 dollars) ","Thousands of chained 2012 dollars",101059,107454,102314,111166,106637,107847,104953,98716,101522,110338,112155,112101,112090,122414,130337,119564,126996,137564,134777,130956,130119
 "29085","Hickory, MO",4,CAGDP1,2,"...","Chain-type quantity indexes for real GDP ","Quantity index",90.150,95.854,91.269,99.166,95.125,96.205,93.623,88.060,90.563,98.428,100.048,100.000,99.990,109.200,116.267,106.657,113.287,122.714,120.228,116.820,116.073
 "29085","Hickory, MO",4,CAGDP1,3,"...","Current-dollar GDP (thousands of current dollars) ","Thousands of dollars",77860,85167,83375,93718,92667,97292,97535,93337,97083,106656,109781,112101,114873,127928,137346,127208,138708,153035,153192,152850,160639
 "29087","Holt, MO",4,CAGDP1,1,"...","Real GDP (thousands of chained 2012 dollars) ","Thousands of chained 2012 dollars",169947,172665,163241,161113,161231,189372,186934,182580,210163,151486,176175,190941,216281,209882,161413,231270,211210,155018,241215,220962,199580
 "29087","Holt, MO",4,CAGDP1,2,"...","Chain-type quantity indexes for real GDP ","Quantity index",89.005,90.429,85.493,84.378,84.441,99.178,97.902,95.621,110.067,79.337,92.267,100.000,113.271,109.920,84.536,121.121,110.615,81.186,126.330,115.723,104.524
 "29087","Holt, MO",4,CAGDP1,3,"...","Current-dollar GDP (thousands of current dollars) ","Thousands of dollars",124617,126272,124489,132004,129388,154742,167594,166723,178302,136017,171836,190941,221029,209656,157577,220212,210625,157233,245934,224735,239864
 "29089","Howard, MO",4,CAGDP1,1,"...","Real GDP (thousands of chained 2012 dollars) ","Thousands of chained 2012 dollars",194759,203169,197046,216016,197193,195747,193648,189602,207767,204288,208369,187872,209183,210237,198520,210665,205498,196731,209056,201183,205576
 "29089","Howard, MO",4,CAGDP1,2,"...","Chain-type quantity indexes for real GDP ","Quantity index",103.666,108.142,104.883,114.980,104.961,104.192,103.074,100.921,110.590,108.738,110.910,100.000,111.343,111.904,105.668,112.132,109.382,104.715,111.276,107.085,109.423
 "29089","Howard, MO",4,CAGDP1,3,"...","Current-dollar GDP (thousands of current dollars) ","Thousands of dollars",146567,155618,156088,178835,166412,170520,176033,175527,190923,192425,202603,187872,215301,219908,211178,227991,228499,224728,244715,241149,266090
 "29091","Howell, MO",4,CAGDP1,1,"...","Real GDP (thousands of chained 2012 dollars) ","Thousands of chained 2012 dollars",957334,971802,1000869,1038603,1087703,1104130,1070774,1058377,1005077,1084192,1087565,1089995,1096061,1140152,1160818,1085781,1077551,1119560,1143745,1093780,1119970
 "29091","Howell, MO",4,CAGDP1,2,"...","Chain-type quantity indexes for real GDP ","Quantity index",87.829,89.157,91.823,95.285,99.790,101.297,98.237,97.099,92.209,99.468,99.777,100.000,100.557,104.602,106.498,99.613,98.858,102.712,104.931,100.347,102.750
 "29091","Howell, MO",4,CAGDP1,3,"...","Current-dollar GDP (thousands of current dollars) ","Thousands of dollars",777458,801586,842783,899289,962202,999734,990054,989331,961603,1047058,1056652,1089995,1125015,1192741,1236189,1170951,1182707,1255884,1312298,1286706,1391330
 "29093","Iron, MO",4,CAGDP1,1,"...","Real GDP (thousands of chained 2012 dollars) ","Thousands of chained 2012 dollars",403787,404095,398981,403096,468513,424073,467754,409373,398372,425264,461441,461223,465771,474771,434026,394499,397565,421424,418332,431002,443388
 "29093","Iron, MO",4,CAGDP1,2,"...","Chain-type quantity indexes for real GDP ","Quantity index",87.547,87.614,86.505,87.397,101.581,91.945,101.416,88.758,86.373,92.204,100.047,100.000,100.986,102.937,94.103,85.533,86.198,91.371,90.701,93.448,96.133
 "29093","Iron, MO",4,CAGDP1,3,"...","Current-dollar GDP (thousands of current dollars) ","Thousands of dollars",206916,214166,217157,243956,322017,326987,383690,362835,350749,402916,467547,461223,441749,447982,392964,352645,381625,421824,418515,425207,479169
 "29095","Jackson, MO",4,CAGDP1,1,"...","Real GDP (thousands of chained 2012 dollars) ","Thousands of chained 2012 dollars",38004288,38270658,37964254,38626455,39470023,39571278,39337650,39971006,39076484,39010804,38674581,39366753,39639570,39701826,40461161,40546632,41176883,41990434,43099087,41865173,44123333
 "29095","Jackson, MO",4,CAGDP1,2,"...","Chain-type quantity indexes for real GDP ","Quantity index",96.539,97.216,96.437,98.119,100.262,100.520,99.926,101.535,99.263,99.096,98.242,100.000,100.693,100.851,102.780,102.997,104.598,106.665,109.481,106.347,112.083
 "29095","Jackson, MO",4,CAGDP1,3,"...","Current-dollar GDP (thousands of current dollars) ","Thousands of dollars",29806100,30585310,30970575,32351246,34079924,35301812,36155529,37360024,37328183,37606215,37798311,39366753,40524437,41419417,43174211,43875021,45255698,47192104,49488627,49122775,53240292
 "29097","Jasper, MO",4,CAGDP1,1,"...","Real GDP (thousands of chained 2012 dollars) ","Thousands of chained 2012 dollars",4551871,4525825,4622305,4754319,4832541,4889798,4900872,4977874,4759547,4811581,4875967,4845104,4911102,4864127,4970063,4993109,5090376,5079972,5016933,4717132,4897015
 "29097","Jasper, MO",4,CAGDP1,2,"...","Chain-type quantity indexes for real GDP ","Quantity index",93.948,93.410,95.402,98.126,99.741,100.922,101.151,102.740,98.234,99.308,100.637,100.000,101.362,100.393,102.579,103.055,105.062,104.848,103.546,97.359,101.071
 "29097","Jasper, MO",4,CAGDP1,3,"...","Current-dollar GDP (thousands of current dollars) ","Thousands of dollars",3575458,3613399,3750219,3936872,4135355,4305972,4421884,4588878,4515950,4601658,4744579,4845104,5002863,5060631,5301396,5363070,5549595,5669399,5702547,5450365,5967352
 "29099","Jefferson, MO",4,CAGDP1,1,"...","Real GDP (thousands of chained 2012 dollars) ","Thousands of chained 2012 dollars",3953962,4074616,4140642,4287658,4455394,4529003,4638702,4731474,4618586,4571047,4634941,4657237,4729939,4679894,4623783,4621479,4728036,4766381,4764880,4718713,4875019
 "29099","Jefferson, MO",4,CAGDP1,2,"...","Chain-type quantity indexes for real GDP ","Quantity index",84.899,87.490,88.908,92.064,95.666,97.247,99.602,101.594,99.170,98.149,99.521,100.000,101.561,100.486,99.282,99.232,101.520,102.344,102.311,101.320,104.676
 "29099","Jefferson, MO",4,CAGDP1,3,"...","Current-dollar GDP (thousands of current dollars) ","Thousands of dollars",3045564,3199994,3318719,3545196,3821959,4055633,4275187,4438016,4440526,4421760,4550450,4657237,4839402,4922709,4987570,5060493,5277391,5452145,5611327,5698978,6145926
 "29101","Johnson, MO",4,CAGDP1,1,"...","Real GDP (thousands of chained 2012 dollars) ","Thousands of chained 2012 dollars",1353892,1441364,1451155,1528180,1546061,1574499,1504658,1528822,1455058,1499471,1537382,1557502,1616851,1594966,1608219,1655504,1678554,1677391,1654878,1679717,1695070
 "29101","Johnson, MO",4,CAGDP1,2,"...","Chain-type quantity indexes for real GDP ","Quantity index",86.927,92.543,93.172,98.117,99.265,101.091,96.607,98.159,93.423,96.274,98.708,100.000,103.811,102.405,103.256,106.292,107.772,107.697,106.252,107.847,108.833
 "29101","Johnson, MO",4,CAGDP1,3,"...","Current-dollar GDP (thousands of current dollars) ","Thousands of dollars",1015126,1111139,1149087,1258141,1312481,1394151,1385857,1435340,1374295,1445913,1511384,1557502,1649471,1665324,1713390,1783817,1845607,1897082,1916272,1984963,2098659
 "29103","Knox, MO",4,CAGDP1,1,"...","Real GDP (thousands of chained 2012 dollars) ","Thousands of chained 2012 dollars",125525,125918,128186,138134,103015,111205,112768,108325,132015,114014,98483,131111,135417,133837,98885,112929,111347,100610,123209,119684,109746
 "29103","Knox, MO",4,CAGDP1,2,"...","Chain-type quantity indexes for real GDP ","Quantity index",95.739,96.039,97.769,105.356,78.570,84.817,86.009,82.621,100.690,86.959,75.114,100.000,103.284,102.079,75.421,86.132,84.926,76.736,93.973,91.285,83.704
 "29103","Knox, MO",4,CAGDP1,3,"...","Current-dollar GDP (thousands of current dollars) ","Thousands of dollars",91358,92960,98958,112900,84369,93056,102016,99798,115591,104906,95788,131111,139061,135262,98128,112279,113852,105227,131298,129757,133816
 "29105","Laclede, MO",4,CAGDP1,1,"...","Real GDP (thousands of chained 2012 dollars) ","Thousands of chained 2012 dollars",909195,926442,950823,987228,1043049,980862,962121,980578,935743,1036795,1031412,994200,987422,983176,1023310,1032077,1050329,1080574,1120730,1085639,1143930
 "29105","Laclede, MO",4,CAGDP1,2,"...","Chain-type quantity indexes for real GDP ","Quantity index",91.450,93.185,95.637,99.299,104.913,98.658,96.773,98.630,94.120,104.284,103.743,100.000,99.318,98.891,102.928,103.810,105.646,108.688,112.727,109.197,115.060
 "29105","Laclede, MO",4,CAGDP1,3,"...","Current-dollar GDP (thousands of current dollars) ","Thousands of dollars",744871,769651,802148,850553,918145,883671,888780,914807,903176,1001237,1000527,994200,1014826,1033467,1105527,1132623,1162391,1218167,1299435,1294231,1414726
 "29107","Lafayette, MO",4,CAGDP1,1,"...","Real GDP (thousands of chained 2012 dollars) ","Thousands of chained 2012 dollars",719174,719828,719809,806263,802039,846938,868710,874453,884784,992849,1012327,765488,828474,793972,773819,805547,787570,773841,750366,769990,797181
 "29107","Lafayette, MO",4,CAGDP1,2,"...","Chain-type quantity indexes for real GDP ","Quantity index",93.950,94.035,94.033,105.327,104.775,110.640,113.484,114.235,115.584,129.701,132.246,100.000,108.228,103.721,101.088,105.233,102.885,101.091,98.025,100.588,104.140
 "29107","Lafayette, MO",4,CAGDP1,3,"...","Current-dollar GDP (thousands of current dollars) ","Thousands of dollars",561115,574941,589405,682457,686930,746062,803166,822149,825735,939938,959787,765488,850799,827116,822022,868078,865205,869102,866321,913325,1002515
 "29109","Lawrence, MO",4,CAGDP1,1,"...","Real GDP (thousands of chained 2012 dollars) ","Thousands of chained 2012 dollars",666268,693058,691070,741477,760739,749878,771932,797048,735528,784043,746265,756753,789588,863237,935099,815042,832602,916626,827875,805535,832599
 "29109","Lawrence, MO",4,CAGDP1,2,"...","Chain-type quantity indexes for real GDP ","Quantity index",88.043,91.583,91.320,97.981,100.527,99.092,102.006,105.325,97.195,103.606,98.614,100.000,104.339,114.071,123.567,107.703,110.023,121.126,109.398,106.446,110.023
 "29109","Lawrence, MO",4,CAGDP1,3,"...","Current-dollar GDP (thousands of current dollars) ","Thousands of dollars",522170,555244,564464,622881,648399,654372,697841,736430,695073,747829,725080,756753,807130,896272,975391,848070,881963,983011,907548,906897,994443
 "29111","Lewis, MO",4,CAGDP1,1,"...","Real GDP (thousands of chained 2012 dollars) ","Thousands of chained 2012 dollars",204677,205426,242902,250908,230541,237164,235915,234090,250140,234835,228909,226716,251004,252947,228494,198659,200717,225473,215430,209674,219024
 "29111","Lewis, MO",4,CAGDP1,2,"...","Chain-type quantity indexes for real GDP ","Quantity index",90.279,90.609,107.139,110.671,101.687,104.608,104.058,103.253,110.332,103.581,100.967,100.000,110.713,111.570,100.784,87.625,88.532,99.452,95.022,92.483,96.607
 "29111","Lewis, MO",4,CAGDP1,3,"...","Current-dollar GDP (thousands of current dollars) ","Thousands of dollars",148043,151591,185497,203158,187658,198743,213844,215885,220339,215612,222637,226716,257520,259587,236589,208735,215252,247859,243280,242767,268546
 "29113","Lincoln, MO",4,CAGDP1,1,"...","Real GDP (thousands of chained 2012 dollars) ","Thousands of chained 2012 dollars",794543,843235,920414,977962,998733,997834,977213,972567,990545,1003677,961500,993284,1011475,1017131,1019926,1123937,1118779,1106049,1160411,1184220,1245901
 "29113","Lincoln, MO",4,CAGDP1,2,"...","Chain-type quantity indexes for real GDP ","Quantity index",79.992,84.894,92.664,98.457,100.549,100.458,98.382,97.914,99.724,101.046,96.800,100.000,101.831,102.401,102.682,113.154,112.634,111.353,116.826,119.223,125.433
 "29113","Lincoln, MO",4,CAGDP1,3,"...","Current-dollar GDP (thousands of current dollars) ","Thousands of dollars",587189,637246,711598,802153,853009,899871,917616,929944,925916,962928,948170,993284,1023958,1056243,1074318,1195377,1226060,1253142,1337620,1372122,1560760
 "29115","Linn, MO",4,CAGDP1,1,"...","Real GDP (thousands of chained 2012 dollars) ","Thousands of chained 2012 dollars",339718,350411,364785,430271,429032,426097,403659,397881,419506,399235,407796,401725,411727,408112,391943,362259,381437,387043,384013,370358,374026
 "29115","Linn, MO",4,CAGDP1,2,"...","Chain-type quantity indexes for real GDP ","Quantity index",84.565,87.226,90.804,107.106,106.797,106.067,100.481,99.043,104.426,99.380,101.511,100.000,102.490,101.590,97.565,90.176,94.950,96.345,95.591,92.192,93.105
 "29115","Linn, MO",4,CAGDP1,3,"...","Current-dollar GDP (thousands of current dollars) ","Thousands of dollars",272619,284955,301314,364719,370060,378613,374893,375241,396926,382599,398148,401725,421088,420562,409169,380860,408376,420676,426611,419390,448894
 "29117","Livingston, MO",4,CAGDP1,1,"...","Real GDP (thousands of chained 2012 dollars) ","Thousands of chained 2012 dollars",453114,469308,442309,491271,479341,489287,484219,480770,526280,503275,515803,505156,525365,533066,498297,522302,526002,524437,539100,522258,532277
 "29117","Livingston, MO",4,CAGDP1,2,"...","Chain-type quantity indexes for real GDP ","Quantity index",89.698,92.904,87.559,97.252,94.890,96.859,95.855,95.173,104.182,99.628,102.108,100.000,104.001,105.525,98.642,103.394,104.127,103.817,106.720,103.386,105.369
 "29117","Livingston, MO",4,CAGDP1,3,"...","Current-dollar GDP (thousands of current dollars) ","Thousands of dollars",346948,364231,351304,404092,402941,426214,443299,446231,478022,470856,503510,505156,537509,551019,519058,544977,564237,573888,602727,596145,658763
 "29119","McDonald, MO",4,CAGDP1,1,"...","Real GDP (thousands of chained 2012 dollars) ","Thousands of chained 2012 dollars",537529,502839,473097,573677,601218,600413,604977,642160,561344,584275,562564,557113,588321,638380,770245,693144,687640,723245,691960,683007,720193
 "29119","McDonald, MO",4,CAGDP1,2,"...","Chain-type quantity indexes for real GDP ","Quantity index",96.485,90.258,84.919,102.973,107.917,107.772,108.591,115.266,100.759,104.875,100.978,100.000,105.602,114.587,138.256,124.417,123.429,129.820,124.205,122.598,129.272
 "29119","McDonald, MO",4,CAGDP1,3,"...","Current-dollar GDP (thousands of current dollars) ","Thousands of dollars",418317,399574,382578,472091,498598,502658,516356,569360,527435,553212,538933,557113,601325,666989,805634,724123,720682,756752,741939,762255,827908
 "29121","Macon, MO",4,CAGDP1,1,"...","Real GDP (thousands of chained 2012 dollars) ","Thousands of chained 2012 dollars",425128,446402,434556,463312,456334,503159,528500,545575,548574,482898,480725,473480,480865,479695,511716,550147,556321,542596,520945,500730,489545
 "29121","Macon, MO",4,CAGDP1,2,"...","Chain-type quantity indexes for real GDP ","Quantity index",89.788,94.281,91.779,97.852,96.379,106.268,111.620,115.227,115.860,101.989,101.530,100.000,101.560,101.313,108.075,116.192,117.496,114.597,110.025,105.755,103.393
 "29121","Macon, MO",4,CAGDP1,3,"...","Current-dollar GDP (thousands of current dollars) ","Thousands of dollars",318790,340883,341708,376665,378165,429979,468450,498385,507634,456085,464975,473480,495514,501783,541161,585327,602963,598373,589044,579432,602836
 "29123","Madison, MO",4,CAGDP1,1,"...","Real GDP (thousands of chained 2012 dollars) ","Thousands of chained 2012 dollars",196445,207126,210622,229046,240666,240096,234709,238193,239395,249910,263942,264342,283070,280476,263976,238060,256037,262724,271051,257698,264573
 "29123","Madison, MO",4,CAGDP1,2,"...","Chain-type quantity indexes for real GDP ","Quantity index",74.315,78.355,79.678,86.648,91.044,90.828,88.790,90.108,90.563,94.541,99.849,100.000,107.085,106.103,99.862,90.058,96.858,99.388,102.538,97.487,100.087
 "29123","Madison, MO",4,CAGDP1,3,"...","Current-dollar GDP (thousands of current dollars) ","Thousands of dollars",152956,164516,171580,192319,208068,215188,216069,223422,225427,238706,256076,264342,291168,294248,283064,258861,283499,296536,312940,305462,329330
 "29125","Maries, MO",4,CAGDP1,1,"...","Real GDP (thousands of chained 2012 dollars) ","Thousands of chained 2012 dollars",150541,168163,153877,151801,180266,167660,165727,165721,162547,166309,166034,165670,174935,179731,159567,131736,159305,172253,165464,167877,173173
 "29125","Maries, MO",4,CAGDP1,2,"...","Chain-type quantity indexes for real GDP ","Quantity index",90.868,101.505,92.882,91.629,108.810,101.201,100.035,100.031,98.115,100.386,100.220,100.000,105.593,108.487,96.316,79.517,96.158,103.974,99.876,101.332,104.529
 "29125","Maries, MO",4,CAGDP1,3,"...","Current-dollar GDP (thousands of current dollars) ","Thousands of dollars",112905,128353,120342,120917,148097,144056,148499,152173,151592,157581,161143,165670,179141,186162,167953,141661,175406,193592,189972,196018,209530
 "29127","Marion, MO",4,CAGDP1,1,"...","Real GDP (thousands of chained 2012 dollars) ","Thousands of chained 2012 dollars",1052900,1070152,1065876,1064694,1016777,1052872,1083862,1075013,1088869,1100671,1056748,1052935,1080338,1019790,1004563,1001402,1033262,1082969,1077665,1073328,1108389
 "29127","Marion, MO",4,CAGDP1,2,"...","Chain-type quantity indexes for real GDP ","Quantity index",99.997,101.635,101.229,101.117,96.566,99.994,102.937,102.097,103.413,104.534,100.362,100.000,102.602,96.852,95.406,95.106,98.132,102.852,102.349,101.937,105.267
 "29127","Marion, MO",4,CAGDP1,3,"...","Current-dollar GDP (thousands of current dollars) ","Thousands of dollars",796696,825837,839084,863260,850341,913271,976151,990998,1016948,1046700,1030332,1052935,1104496,1059592,1061576,1072388,1129775,1214570,1238212,1257652,1375481
 "29129","Mercer, MO",4,CAGDP1,1,"...","Real GDP (thousands of chained 2012 dollars) ","Thousands of chained 2012 dollars",84673,81932,68752,131826,131601,140816,119597,116690,138671,134996,124753,129240,117153,147232,88998,84561,101403,99208,105778,98877,107307
 "29129","Mercer, MO",4,CAGDP1,2,"...","Chain-type quantity indexes for real GDP ","Quantity index",65.516,63.395,53.197,102.001,101.827,108.957,92.539,90.290,107.298,104.454,96.528,100.000,90.648,113.922,68.863,65.429,78.461,76.763,81.846,76.507,83.029
 "29129","Mercer, MO",4,CAGDP1,3,"...","Current-dollar GDP (thousands of current dollars) ","Thousands of dollars",63394,61270,53102,107929,100203,106196,104282,102626,108753,114293,121544,129240,120310,146177,84685,80794,99479,98406,106052,100332,122991
 "29131","Miller, MO",4,CAGDP1,1,"...","Real GDP (thousands of chained 2012 dollars) ","Thousands of chained 2012 dollars",540082,562181,575633,640631,674529,660973,643522,613792,574760,607789,618895,650929,654813,660215,724188,633843,628013,628995,627831,610456,659366
 "29131","Miller, MO",4,CAGDP1,2,"...","Chain-type quantity indexes for real GDP ","Quantity index",82.971,86.366,88.433,98.418,103.626,101.543,98.862,94.295,88.298,93.373,95.079,100.000,100.597,101.427,111.255,97.375,96.480,96.630,96.452,93.782,101.296
 "29131","Miller, MO",4,CAGDP1,3,"...","Current-dollar GDP (thousands of current dollars) ","Thousands of dollars",418826,441255,461315,531269,568953,574599,589191,569636,535614,573783,601998,650929,671235,689564,768652,673414,678514,690680,706185,704142,793871
 "29133","Mississippi, MO",4,CAGDP1,1,"...","Real GDP (thousands of chained 2012 dollars) ","Thousands of chained 2012 dollars",322791,302932,382811,340756,315715,338536,323206,358864,366306,329159,332151,358492,381283,384626,305076,369811,354261,293786,334973,326887,318506
 "29133","Mississippi, MO",4,CAGDP1,2,"...","Chain-type quantity indexes for real GDP ","Quantity index",90.041,84.502,106.784,95.052,88.067,94.433,90.157,100.104,102.179,91.817,92.652,100.000,106.357,107.290,85.100,103.157,98.820,81.950,93.439,91.184,88.846
 "29133","Mississippi, MO",4,CAGDP1,3,"...","Current-dollar GDP (thousands of current dollars) ","Thousands of dollars",241724,229320,300049,283117,261978,288063,295896,334809,326084,303020,322308,358492,392431,391896,312257,376172,373274,315892,368056,364855,408853
 "29135","Moniteau, MO",4,CAGDP1,1,"...","Real GDP (thousands of chained 2012 dollars) ","Thousands of chained 2012 dollars",327774,306867,321348,363706,368348,395525,390760,407979,386448,402391,378492,389154,336640,375448,442628,364522,358010,382343,398688,421242,441682
 "29135","Moniteau, MO",4,CAGDP1,2,"...","Chain-type quantity indexes for real GDP ","Quantity index",84.228,78.855,82.576,93.461,94.654,101.637,100.413,104.838,99.305,103.402,97.260,100.000,86.506,96.478,113.741,93.670,91.997,98.250,102.450,108.246,113.498
 "29135","Moniteau, MO",4,CAGDP1,3,"...","Current-dollar GDP (thousands of current dollars) ","Thousands of dollars",243876,235282,251976,294507,299167,327923,346483,369847,350422,374501,366556,389154,345681,391836,455609,372995,372852,404498,433018,471207,518901
 "29137","Monroe, MO",4,CAGDP1,1,"...","Real GDP (thousands of chained 2012 dollars) ","Thousands of chained 2012 dollars",250958,237630,225322,271861,220521,242974,239655,226030,259709,248218,219549,190658,231357,227658,190758,212041,208063,173629,175360,179290,178631
 "29137","Monroe, MO",4,CAGDP1,2,"...","Chain-type quantity indexes for real GDP ","Quantity index",131.627,124.637,118.181,142.590,115.663,127.439,125.699,118.552,136.217,130.190,115.153,100.000,121.347,119.406,100.052,111.215,109.129,91.068,91.976,94.037,93.691
 "29137","Monroe, MO",4,CAGDP1,3,"...","Current-dollar GDP (thousands of current dollars) ","Thousands of dollars",172540,164404,159990,213218,175617,204537,220177,210951,216465,221917,216915,190658,234160,229660,189878,210499,215643,185710,190888,196215,222517
 "29139","Montgomery, MO",4,CAGDP1,1,"...","Real GDP (thousands of chained 2012 dollars) ","Thousands of chained 2012 dollars",278890,281042,292194,302607,274309,295437,273352,289310,289292,324375,293114,264791,300855,335074,292079,312248,299312,320712,337094,340804,356993
 "29139","Montgomery, MO",4,CAGDP1,2,"...","Chain-type quantity indexes for real GDP ","Quantity index",105.324,106.137,110.349,114.282,103.594,111.574,103.233,109.260,109.253,122.502,110.696,100.000,113.620,126.543,110.306,117.922,113.037,121.119,127.306,128.707,134.821
 "29139","Montgomery, MO",4,CAGDP1,3,"...","Current-dollar GDP (thousands of current dollars) ","Thousands of dollars",211312,215769,231377,251735,231784,257179,247283,265001,263989,304016,284747,264791,309152,347451,306808,330265,323993,354962,381565,394140,442350
 "29141","Morgan, MO",4,CAGDP1,1,"...","Real GDP (thousands of chained 2012 dollars) ","Thousands of chained 2012 dollars",391414,435762,416610,461995,522861,511699,467240,444914,439373,472910,466118,507175,421419,477871,556525,456457,461081,518896,478357,481748,512666
 "29141","Morgan, MO",4,CAGDP1,2,"...","Chain-type quantity indexes for real GDP ","Quantity index",77.175,85.919,82.143,91.092,103.093,100.892,92.126,87.724,86.631,93.244,91.905,100.000,83.091,94.222,109.730,90.000,90.912,102.311,94.318,94.986,101.083
 "29141","Morgan, MO",4,CAGDP1,3,"...","Current-dollar GDP (thousands of current dollars) ","Thousands of dollars",296317,333876,329125,381371,431692,432363,425156,410891,394196,436569,453746,507175,432764,494698,568000,462181,477032,547151,517018,535666,603017
 "29143","New Madrid, MO",4,CAGDP1,1,"...","Real GDP (thousands of chained 2012 dollars) ","Thousands of chained 2012 dollars",1020196,1010689,1029653,972828,903246,972680,977602,1054958,952675,1006694,1000232,995007,1121161,961678,982749,980217,956201,917673,946800,938339,944397
 "29143","New Madrid, MO",4,CAGDP1,2,"...","Chain-type quantity indexes for real GDP ","Quantity index",102.532,101.576,103.482,97.771,90.778,97.756,98.251,106.025,95.746,101.175,100.525,100.000,112.679,96.650,98.768,98.514,96.100,92.228,95.155,94.305,94.914
 "29143","New Madrid, MO",4,CAGDP1,3,"...","Current-dollar GDP (thousands of current dollars) ","Thousands of dollars",790610,773227,811546,820750,783282,894060,945340,1041028,894086,975634,1013988,995007,1131723,1008186,1019774,991184,994611,978948,1037339,1027111,1169123
 "29145","Newton, MO",4,CAGDP1,1,"...","Real GDP (thousands of chained 2012 dollars) ","Thousands of chained 2012 dollars",1487868,1549118,1545807,1647851,1716712,1702712,1635591,1742481,1678333,1761748,1747041,1757227,1779176,1843263,2012531,1912871,1853701,1973454,1921941,1885748,1958803
 "29145","Newton, MO",4,CAGDP1,2,"...","Chain-type quantity indexes for real GDP ","Quantity index",84.671,88.157,87.969,93.776,97.694,96.898,93.078,99.161,95.510,100.257,99.420,100.000,101.249,104.896,114.529,108.857,105.490,112.305,109.374,107.314,111.471
 "29145","Newton, MO",4,CAGDP1,3,"...","Current-dollar GDP (thousands of current dollars) ","Thousands of dollars",1148164,1223513,1244294,1361877,1443903,1469085,1469494,1601088,1572712,1673559,1698032,1757227,1820162,1912544,2106970,2015853,1987323,2154038,2155750,2166093,2351710
 "29147","Nodaway, MO",4,CAGDP1,1,"...","Real GDP (thousands of chained 2012 dollars) ","Thousands of chained 2012 dollars",634667,632351,669105,713977,724105,715698,711605,694762,747858,724481,734093,713225,767388,722130,677094,677860,642523,628483,647177,673850,687482
 "29147","Nodaway, MO",4,CAGDP1,2,"...","Chain-type quantity indexes for real GDP ","Quantity index",88.986,88.661,93.814,100.106,101.525,100.347,99.773,97.411,104.856,101.578,102.926,100.000,107.594,101.249,94.934,95.042,90.087,88.119,90.740,94.479,96.391
 "29147","Nodaway, MO",4,CAGDP1,3,"...","Current-dollar GDP (thousands of current dollars) ","Thousands of dollars",515330,517649,556362,613454,625530,632200,658144,647135,695300,688528,716390,713225,785960,748470,713935,721662,696458,697205,735020,780125,849494
 "29149","Oregon, MO",4,CAGDP1,1,"...","Real GDP (thousands of chained 2012 dollars) ","Thousands of chained 2012 dollars",181704,194126,187867,199120,205041,201244,183496,177755,171626,176345,184978,183913,188760,225348,229108,205250,186429,195540,192815,180627,174819
 "29149","Oregon, MO",4,CAGDP1,2,"...","Chain-type quantity indexes for real GDP ","Quantity index",98.799,105.553,102.150,108.269,111.488,109.423,99.773,96.652,93.319,95.885,100.579,100.000,102.635,122.530,124.574,111.602,101.368,106.322,104.840,98.213,95.055
 "29149","Oregon, MO",4,CAGDP1,3,"...","Current-dollar GDP (thousands of current dollars) ","Thousands of dollars",137388,148866,148416,163890,172416,174923,164925,164512,160614,167939,179414,183913,194977,236734,240898,215136,199823,214217,216987,209663,214893
 "29151","Osage, MO",4,CAGDP1,1,"...","Real GDP (thousands of chained 2012 dollars) ","Thousands of chained 2012 dollars",243340,254627,258221,304462,332405,342165,354929,352508,324842,340726,361452,355240,370079,402114,448306,410833,390353,385829,388872,390112,413762
 "29151","Osage, MO",4,CAGDP1,2,"...","Chain-type quantity indexes for real GDP ","Quantity index",68.500,71.678,72.689,85.706,93.572,96.319,99.912,99.231,91.443,95.914,101.749,100.000,104.177,113.195,126.198,115.650,109.884,108.611,109.467,109.816,116.474
 "29151","Osage, MO",4,CAGDP1,3,"...","Current-dollar GDP (thousands of current dollars) ","Thousands of dollars",194298,207057,214388,260898,287252,300478,323177,325238,301569,322794,348718,355240,384502,424367,475811,437571,421363,422482,437351,450682,493964
 "29153","Ozark, MO",4,CAGDP1,1,"...","Real GDP (thousands of chained 2012 dollars) ","Thousands of chained 2012 dollars",131785,143305,139823,142922,143759,136643,128517,124260,124079,134614,135994,129610,126213,137074,132422,125176,126080,125614,122749,119179,119504
 "29153","Ozark, MO",4,CAGDP1,2,"...","Chain-type quantity indexes for real GDP ","Quantity index",101.678,110.567,107.880,110.271,110.917,105.426,99.157,95.872,95.733,103.861,104.926,100.000,97.379,105.759,102.170,96.579,97.277,96.917,94.707,91.952,92.203
 "29153","Ozark, MO",4,CAGDP1,3,"...","Current-dollar GDP (thousands of current dollars) ","Thousands of dollars",104301,115865,116122,122433,126202,123874,119618,117525,118014,129801,132501,129610,129822,144334,141340,135795,139900,143230,143786,143089,149741
 "29155","Pemiscot, MO",4,CAGDP1,1,"...","Real GDP (thousands of chained 2012 dollars) ","Thousands of chained 2012 dollars",451859,456818,501714,449239,459357,483755,457877,496292,483344,462252,530092,481014,591178,473680,452951,516345,416016,386987,382809,401940,405355
 "29155","Pemiscot, MO",4,CAGDP1,2,"...","Chain-type quantity indexes for real GDP ","Quantity index",93.939,94.970,104.304,93.394,95.498,100.570,95.190,103.176,100.485,96.100,110.203,100.000,122.903,98.475,94.166,107.345,86.487,80.452,79.584,83.561,84.271
 "29155","Pemiscot, MO",4,CAGDP1,3,"...","Current-dollar GDP (thousands of current dollars) ","Thousands of dollars",339643,347099,395934,375528,388243,422177,425719,469305,443200,435023,518098,481014,606003,488253,470569,530902,441958,419668,424406,454585,514026
 "29157","Perry, MO",4,CAGDP1,1,"...","Real GDP (thousands of chained 2012 dollars) ","Thousands of chained 2012 dollars",659609,687056,704578,740265,757942,737335,728342,747528,773383,910849,981519,1004848,1020635,988100,1029457,1040822,998627,1026044,1030810,1017752,1020257
 "29157","Perry, MO",4,CAGDP1,2,"...","Chain-type quantity indexes for real GDP ","Quantity index",65.643,68.374,70.118,73.669,75.428,73.378,72.483,74.392,76.965,90.645,97.678,100.000,101.571,98.333,102.449,103.580,99.381,102.109,102.584,101.284,101.533
 "29157","Perry, MO",4,CAGDP1,3,"...","Current-dollar GDP (thousands of current dollars) ","Thousands of dollars",509370,540466,563462,604191,633650,638571,641473,675923,731744,860626,942941,1004848,1046706,1021752,1102341,1126182,1080654,1126142,1164800,1173862,1234059
 "29159","Pettis, MO",4,CAGDP1,1,"...","Real GDP (thousands of chained 2012 dollars) ","Thousands of chained 2012 dollars",1373157,1354877,1402780,1532222,1564927,1474677,1496434,1612985,1509779,1607972,1643013,1539332,1604335,1610285,1636706,1633704,1571798,1521697,1581930,1560301,1647658
 "29159","Pettis, MO",4,CAGDP1,2,"...","Chain-type quantity indexes for real GDP ","Quantity index",89.205,88.017,91.129,99.538,101.663,95.800,97.213,104.785,98.080,104.459,106.735,100.000,104.223,104.609,106.326,106.131,102.109,98.854,102.767,101.362,107.037
 "29159","Pettis, MO",4,CAGDP1,3,"...","Current-dollar GDP (thousands of current dollars) ","Thousands of dollars",1098088,1104534,1156850,1288050,1337104,1288891,1348658,1485888,1426003,1533225,1595761,1539332,1640461,1676756,1740615,1753294,1704731,1674406,1780884,1790494,1980527
 "29161","Phelps, MO",4,CAGDP1,1,"...","Real GDP (thousands of chained 2012 dollars) ","Thousands of chained 2012 dollars",1245897,1310935,1345316,1436733,1423527,1411503,1392066,1343841,1344436,1362258,1379887,1371250,1368716,1398434,1434622,1435917,1400226,1460183,1422297,1386667,1414142
 "29161","Phelps, MO",4,CAGDP1,2,"...","Chain-type quantity indexes for real GDP ","Quantity index",90.858,95.601,98.109,104.775,103.812,102.935,101.518,98.001,98.045,99.344,100.630,100.000,99.815,101.982,104.621,104.716,102.113,106.486,103.723,101.124,103.128
 "29161","Phelps, MO",4,CAGDP1,3,"...","Current-dollar GDP (thousands of current dollars) ","Thousands of dollars",955934,1030263,1082300,1188406,1214097,1243806,1269939,1255899,1285332,1318629,1350924,1371250,1397980,1455701,1528297,1551756,1537119,1642806,1638318,1645371,1744999
 "29163","Pike, MO",4,CAGDP1,1,"...","Real GDP (thousands of chained 2012 dollars) ","Thousands of chained 2012 dollars",479070,505295,512471,537696,500127,511538,499635,517901,522014,539077,491724,479797,509547,533269,490698,479647,493796,492818,466614,479915,493806
 "29163","Pike, MO",4,CAGDP1,2,"...","Chain-type quantity indexes for real GDP ","Quantity index",99.849,105.314,106.810,112.068,104.237,106.616,104.135,107.942,108.799,112.355,102.486,100.000,106.201,111.145,102.272,99.969,102.918,102.714,97.252,100.025,102.920
 "29163","Pike, MO",4,CAGDP1,3,"...","Current-dollar GDP (thousands of current dollars) ","Thousands of dollars",348082,374202,387893,422324,405112,431820,439015,464647,470582,499441,478650,479797,522306,555162,519442,514883,542128,553743,536948,565255,620560
 "29165","Platte, MO",4,CAGDP1,1,"...","Real GDP (thousands of chained 2012 dollars) ","Thousands of chained 2012 dollars",3591121,3650477,3795739,3959630,3974908,4059980,4027489,4356115,4446460,4661874,4637152,4764639,4815577,5112255,5933405,5931146,6384734,6324462,6474215,5887206,6253887
 "29165","Platte, MO",4,CAGDP1,2,"...","Chain-type quantity indexes for real GDP ","Quantity index",75.370,76.616,79.665,83.105,83.425,85.211,84.529,91.426,93.322,97.843,97.324,100.000,101.069,107.296,124.530,124.483,134.002,132.737,135.880,123.560,131.256
 "29165","Platte, MO",4,CAGDP1,3,"...","Current-dollar GDP (thousands of current dollars) ","Thousands of dollars",2886441,2978606,3136757,3342270,3432347,3628928,3707841,4079377,4279003,4507059,4529987,4764639,4920920,5358769,6396194,6464301,7048525,7110539,7521461,6911458,7691214
 "29167","Polk, MO",4,CAGDP1,1,"...","Real GDP (thousands of chained 2012 dollars) ","Thousands of chained 2012 dollars",553529,576530,582882,615910,664713,646171,633960,636715,624858,643680,655707,676039,677023,696469,735930,678958,707269,759596,731508,707677,736227
 "29167","Polk, MO",4,CAGDP1,2,"...","Chain-type quantity indexes for real GDP ","Quantity index",81.878,85.281,86.220,91.106,98.325,95.582,93.776,94.183,92.429,95.213,96.992,100.000,100.146,103.022,108.859,100.432,104.620,112.360,108.205,104.680,108.903
 "29167","Polk, MO",4,CAGDP1,3,"...","Current-dollar GDP (thousands of current dollars) ","Thousands of dollars",419410,447169,464775,511271,566364,571283,581142,594200,591408,618581,640992,676039,694434,726542,773918,717943,764342,839229,827720,823137,900021
 "29169","Pulaski, MO",4,CAGDP1,1,"...","Real GDP (thousands of chained 2012 dollars) ","Thousands of chained 2012 dollars",1552609,1631361,1689241,1749249,1893720,2020613,2043501,2226001,2367347,2351581,2418987,2270619,2249584,2133814,2116473,1988504,2019332,1989048,2078026,2131556,2073930
 "29169","Pulaski, MO",4,CAGDP1,2,"...","Chain-type quantity indexes for real GDP ","Quantity index",68.378,71.847,74.396,77.038,83.401,88.990,89.997,98.035,104.260,103.566,106.534,100.000,99.074,93.975,93.211,87.575,88.933,87.599,91.518,93.876,91.338
 "29169","Pulaski, MO",4,CAGDP1,3,"...","Current-dollar GDP (thousands of current dollars) ","Thousands of dollars",1120455,1227628,1327880,1422993,1599306,1773903,1859122,2070261,2244571,2280760,2388494,2270619,2281852,2214275,2245909,2136074,2207429,2235371,2388059,2503454,2523072
 "29171","Putnam, MO",4,CAGDP1,1,"...","Real GDP (thousands of chained 2012 dollars) ","Thousands of chained 2012 dollars",80932,100968,84406,108406,104275,107281,99122,102203,107097,108842,123146,141571,157743,179938,135023,115817,115042,118158,120110,117360,117109
 "29171","Putnam, MO",4,CAGDP1,2,"...","Chain-type quantity indexes for real GDP ","Quantity index",57.167,71.320,59.621,76.573,73.656,75.778,70.015,72.192,75.649,76.882,86.985,100.000,111.423,127.101,95.374,81.809,81.261,83.462,84.841,82.898,82.721
 "29171","Putnam, MO",4,CAGDP1,3,"...","Current-dollar GDP (thousands of current dollars) ","Thousands of dollars",62279,78735,68446,91832,88065,92880,89415,93348,96329,100540,119971,141571,161900,181773,131769,111415,114358,119815,124252,123685,136218
 "29173","Ralls, MO",4,CAGDP1,1,"...","Real GDP (thousands of chained 2012 dollars) ","Thousands of chained 2012 dollars",297523,294430,368934,391559,340891,333392,311086,284211,282594,299726,370172,416081,433556,409258,400635,376361,381291,390401,523747,592624,660095
 "29173","Ralls, MO",4,CAGDP1,2,"...","Chain-type quantity indexes for real GDP ","Quantity index",71.506,70.763,88.669,94.107,81.929,80.127,74.766,68.307,67.918,72.036,88.966,100.000,104.200,98.360,96.288,90.454,91.639,93.828,125.876,142.430,158.646
 "29173","Ralls, MO",4,CAGDP1,3,"...","Current-dollar GDP (thousands of current dollars) ","Thousands of dollars",225375,223388,285593,315852,278566,281329,276081,255586,254015,274533,354726,416081,442485,424370,427659,408988,412917,422764,581951,684954,775677
 "29175","Randolph, MO",4,CAGDP1,1,"...","Real GDP (thousands of chained 2012 dollars) ","Thousands of chained 2012 dollars",910967,870186,915352,982139,999013,1020325,993115,997969,962017,1042879,1117486,1067979,1130691,1116028,1095554,1122457,1132111,1086818,1112439,1070495,1141768
 "29175","Randolph, MO",4,CAGDP1,2,"...","Chain-type quantity indexes for real GDP ","Quantity index",85.298,81.480,85.709,91.962,93.542,95.538,92.990,93.445,90.078,97.650,104.636,100.000,105.872,104.499,102.582,105.101,106.005,101.764,104.163,100.236,106.909
 "29175","Randolph, MO",4,CAGDP1,3,"...","Current-dollar GDP (thousands of current dollars) ","Thousands of dollars",758111,718956,777743,853299,889705,939462,937475,948428,956517,1032492,1108143,1067979,1159626,1184842,1183295,1204179,1238289,1213181,1272351,1238748,1426036
 "29177","Ray, MO",4,CAGDP1,1,"...","Real GDP (thousands of chained 2012 dollars) ","Thousands of chained 2012 dollars",405136,415880,403764,447391,429023,423788,421777,444195,454961,447400,415819,396689,439763,447425,451759,461978,497551,495626,476916,453667,457508
 "29177","Ray, MO",4,CAGDP1,2,"...","Chain-type quantity indexes for real GDP ","Quantity index",102.129,104.838,101.783,112.781,108.151,106.831,106.324,111.976,114.690,112.784,104.823,100.000,110.858,112.790,113.882,116.459,125.426,124.941,120.224,114.364,115.332
 "29177","Ray, MO",4,CAGDP1,3,"...","Current-dollar GDP (thousands of current dollars) ","Thousands of dollars",309114,325361,323681,370354,363128,371963,383220,410995,421301,421984,405382,396689,451064,463205,473207,484581,536470,542132,531034,515205,562736
 "29179","Reynolds, MO",4,CAGDP1,1,"...","Real GDP (thousands of chained 2012 dollars) ","Thousands of chained 2012 dollars",237858,231596,211087,229965,280261,252016,259828,235778,201579,228538,210395,219172,210638,213035,216581,217286,228832,241183,238361,236935,245061
 "29179","Reynolds, MO",4,CAGDP1,2,"...","Chain-type quantity indexes for real GDP ","Quantity index",108.526,105.669,96.311,104.924,127.873,114.986,118.550,107.577,91.973,104.273,95.995,100.000,96.106,97.200,98.818,99.139,104.408,110.043,108.755,108.105,111.812
 "29179","Reynolds, MO",4,CAGDP1,3,"...","Current-dollar GDP (thousands of current dollars) ","Thousands of dollars",131775,132212,124726,146926,198709,194720,210830,205237,182168,216785,209195,219172,205706,208114,207044,207991,231820,253159,253492,254593,283344
 "29181","Ripley, MO",4,CAGDP1,1,"...","Real GDP (thousands of chained 2012 dollars) ","Thousands of chained 2012 dollars",184051,194043,200929,210530,209683,202639,195019,225813,215153,202641,220770,209945,210974,214286,210368,207415,202611,205289,196099,190128,191281
 "29181","Ripley, MO",4,CAGDP1,2,"...","Chain-type quantity indexes for real GDP ","Quantity index",87.666,92.425,95.705,100.278,99.875,96.520,92.890,107.558,102.480,96.521,105.156,100.000,100.490,102.068,100.201,98.795,96.507,97.782,93.405,90.560,91.110
 "29181","Ripley, MO",4,CAGDP1,3,"...","Current-dollar GDP (thousands of current dollars) ","Thousands of dollars",144989,155776,165422,179047,182295,181244,179186,210335,203660,194708,215408,209945,216740,224556,225220,225091,224272,232033,227432,226498,240899
 "29183","St. Charles, MO",4,CAGDP1,1,"...","Real GDP (thousands of chained 2012 dollars) ","Thousands of chained 2012 dollars",8767438,9254687,9928291,10863778,11577821,12040366,12139582,11909116,11532334,12457123,12646035,12720664,13162277,13660040,14686396,15993233,15394655,15549045,15939597,15656632,16683262
 "29183","St. Charles, MO",4,CAGDP1,2,"...","Chain-type quantity indexes for real GDP ","Quantity index",68.923,72.753,78.049,85.403,91.016,94.652,95.432,93.620,90.658,97.928,99.413,100.000,103.472,107.385,115.453,125.726,121.021,122.235,125.305,123.080,131.151
 "29183","St. Charles, MO",4,CAGDP1,3,"...","Current-dollar GDP (thousands of current dollars) ","Thousands of dollars",7385029,7893137,8577935,9549969,10387165,11060114,11392904,11258641,11121228,12074326,12380825,12720664,13430032,14209658,15661721,17302961,16857517,17323357,18198726,18254121,19921247
 "29185","St. Clair, MO",4,CAGDP1,1,"...","Real GDP (thousands of chained 2012 dollars) ","Thousands of chained 2012 dollars",164343,163519,165956,172191,163164,156529,149814,142694,147820,156740,149930,152520,152440,156066,138826,131696,130430,137342,141178,147259,144232
 "29185","St. Clair, MO",4,CAGDP1,2,"...","Chain-type quantity indexes for real GDP ","Quantity index",107.752,107.212,108.810,112.897,106.979,102.628,98.226,93.558,96.919,102.767,98.302,100.000,99.948,102.325,91.021,86.347,85.516,90.049,92.564,96.550,94.566
 "29185","St. Clair, MO",4,CAGDP1,3,"...","Current-dollar GDP (thousands of current dollars) ","Thousands of dollars",126713,128618,134707,145632,140117,139086,137544,133351,138709,149945,146248,152520,156697,162809,147468,142834,144621,156103,164799,176869,185429
 "29186","Ste. Genevieve, MO",4,CAGDP1,1,"...","Real GDP (thousands of chained 2012 dollars) ","Thousands of chained 2012 dollars",551199,562007,563199,548131,579923,586891,660233,621615,573611,556612,547923,562504,562835,538620,525935,571074,544282,582557,587154,594546,619933
 "29186","Ste. Genevieve, MO",4,CAGDP1,2,"...","Chain-type quantity indexes for real GDP ","Quantity index",97.990,99.912,100.124,97.445,103.097,104.335,117.374,110.509,101.975,98.952,97.408,100.000,100.059,95.754,93.499,101.524,96.760,103.565,104.382,105.696,110.209
 "29186","Ste. Genevieve, MO",4,CAGDP1,3,"...","Current-dollar GDP (thousands of current dollars) ","Thousands of dollars",390085,407011,416604,426889,475614,511356,594814,570625,542743,534231,534899,562504,572167,558217,557610,616037,600761,659979,682170,708702,774429
 "29187","St. Francois, MO",4,CAGDP1,1,"...","Real GDP (thousands of chained 2012 dollars) ","Thousands of chained 2012 dollars",1289423,1347796,1440526,1521589,1581894,1558178,1599315,1612603,1597207,1597148,1586138,1590280,1568905,1544957,1533154,1518085,1545295,1602861,1580182,1537112,1574096
 "29187","St. Francois, MO",4,CAGDP1,2,"...","Chain-type quantity indexes for real GDP ","Quantity index",81.081,84.752,90.583,95.681,99.473,97.981,100.568,101.404,100.436,100.432,99.740,100.000,98.656,97.150,96.408,95.460,97.171,100.791,99.365,96.657,98.982
 "29187","St. Francois, MO",4,CAGDP1,3,"...","Current-dollar GDP (thousands of current dollars) ","Thousands of dollars",988018,1057784,1154628,1257784,1349833,1379364,1459915,1498241,1520211,1537283,1547407,1590280,1608595,1621013,1653595,1669411,1728877,1837203,1861163,1864614,1980742
 "29189","St. Louis, MO",4,CAGDP1,1,"...","Real GDP (thousands of chained 2012 dollars) ","Thousands of chained 2012 dollars",63518490,64429579,66097285,66187384,68215463,67998727,68187846,68970493,68640604,70021097,68520103,70149880,69630436,69939266,70170644,70675278,71314178,72032378,73207908,71082798,74326726
 "29189","St. Louis, MO",4,CAGDP1,2,"...","Chain-type quantity indexes for real GDP ","Quantity index",90.547,91.846,94.223,94.351,97.242,96.933,97.203,98.319,97.848,99.816,97.677,100.000,99.260,99.700,100.030,100.749,101.660,102.684,104.359,101.330,105.954
 "29189","St. Louis, MO",4,CAGDP1,3,"...","Current-dollar GDP (thousands of current dollars) ","Thousands of dollars",50627071,52179469,54429680,55890170,59074567,60624597,62591689,64216151,65416271,67357725,66936069,70149880,71054653,72631433,74395692,75983381,77707241,80046578,83117805,82300215,88951431
 "29195","Saline, MO",4,CAGDP1,1,"...","Real GDP (thousands of chained 2012 dollars) ","Thousands of chained 2012 dollars",746283,745074,735489,799864,817005,872802,856358,958150,976717,941174,949534,871118,950776,933318,796098,924279,886499,808462,846719,860065,869363
 "29195","Saline, MO",4,CAGDP1,2,"...","Chain-type quantity indexes for real GDP ","Quantity index",85.670,85.531,84.430,91.820,93.788,100.193,98.306,109.991,112.122,108.042,109.002,100.000,109.144,107.140,91.388,106.103,101.766,92.807,97.199,98.731,99.799
 "29195","Saline, MO",4,CAGDP1,3,"...","Current-dollar GDP (thousands of current dollars) ","Thousands of dollars",544597,553230,561562,630919,648733,705183,734293,843312,854980,852213,915200,871118,975083,958364,821893,955317,938119,862892,922856,962176,1058877
 "29197","Schuyler, MO",4,CAGDP1,1,"...","Real GDP (thousands of chained 2012 dollars) ","Thousands of chained 2012 dollars",65730,73915,68023,68349,61361,60138,62917,64240,72861,75487,81380,65019,75324,93663,88638,62243,94233,97445,89539,69949,92269
 "29197","Schuyler, MO",4,CAGDP1,2,"...","Chain-type quantity indexes for real GDP ","Quantity index",101.094,113.683,104.620,105.123,94.374,92.494,96.768,98.802,112.062,116.100,125.164,100.000,115.850,144.056,136.327,95.731,144.932,149.873,137.713,107.583,141.912
 "29197","Schuyler, MO",4,CAGDP1,3,"...","Current-dollar GDP (thousands of current dollars) ","Thousands of dollars",47947,55003,52312,54540,50142,50906,55595,57671,64541,68800,79422,65019,77448,96654,91243,63847,99189,103053,95176,75410,112462
 "29199","Scotland, MO",4,CAGDP1,1,"...","Real GDP (thousands of chained 2012 dollars) ","Thousands of chained 2012 dollars",112384,112005,121069,130319,123935,132283,134944,124042,153599,139971,141573,158420,159345,166700,134985,132625,137977,118157,131815,142639,133772
 "29199","Scotland, MO",4,CAGDP1,2,"...","Chain-type quantity indexes for real GDP ","Quantity index",70.941,70.701,76.422,82.262,78.232,83.501,85.181,78.300,96.957,88.354,89.365,100.000,100.584,105.227,85.207,83.717,87.096,74.584,83.206,90.039,84.441
 "29199","Scotland, MO",4,CAGDP1,3,"...","Current-dollar GDP (thousands of current dollars) ","Thousands of dollars",81003,82340,92360,105045,99487,108570,120304,112360,130616,125531,137445,158420,164152,168739,132379,128076,137842,120692,137924,152292,159854
 "29201","Scott, MO",4,CAGDP1,1,"...","Real GDP (thousands of chained 2012 dollars) ","Thousands of chained 2012 dollars",1168600,1186896,1209613,1293820,1294312,1348518,1297700,1475371,1288445,1310611,1343204,1388200,1452852,1485013,1419946,1496861,1494716,1453260,1476780,1463446,1514528
 "29201","Scott, MO",4,CAGDP1,2,"...","Chain-type quantity indexes for real GDP ","Quantity index",84.181,85.499,87.135,93.201,93.237,97.141,93.481,106.279,92.814,94.411,96.759,100.000,104.657,106.974,102.287,107.827,107.673,104.687,106.381,105.420,109.100
 "29201","Scott, MO",4,CAGDP1,3,"...","Current-dollar GDP (thousands of current dollars) ","Thousands of dollars",914465,941345,982985,1090672,1112632,1189947,1183772,1367915,1215666,1254138,1309637,1388200,1489445,1548232,1505673,1602641,1625800,1609596,1671349,1681889,1862508
 "29203","Shannon, MO",4,CAGDP1,1,"...","Real GDP (thousands of chained 2012 dollars) ","Thousands of chained 2012 dollars",125561,130367,129437,132349,130085,125321,118360,110144,103040,104081,107280,110885,110746,111546,129278,111505,134667,134732,130329,126031,127886
 "29203","Shannon, MO",4,CAGDP1,2,"...","Chain-type quantity indexes for real GDP ","Quantity index",113.235,117.569,116.731,119.357,117.315,113.018,106.741,99.331,92.925,93.863,96.749,100.000,99.874,100.596,116.587,100.559,121.447,121.506,117.535,113.659,115.332
 "29203","Shannon, MO",4,CAGDP1,3,"...","Current-dollar GDP (thousands of current dollars) ","Thousands of dollars",100628,106392,108510,115001,115936,114362,109629,103456,98229,100511,104312,110885,114577,118768,140577,123256,151412,154696,152425,150387,160693
 "29205","Shelby, MO",4,CAGDP1,1,"...","Real GDP (thousands of chained 2012 dollars) ","Thousands of chained 2012 dollars",201262,173116,193011,251679,208784,277167,185418,175598,210615,197985,202535,175932,200553,190167,149282,144869,149943,154898,146057,168248,173507
 "29205","Shelby, MO",4,CAGDP1,2,"...","Chain-type quantity indexes for real GDP ","Quantity index",114.398,98.399,109.708,143.055,118.673,157.543,105.392,99.810,119.714,112.535,115.122,100.000,113.995,108.092,84.852,82.344,85.228,88.045,83.019,95.633,98.622
 "29205","Shelby, MO",4,CAGDP1,3,"...","Current-dollar GDP (thousands of current dollars) ","Thousands of dollars",132682,114665,132991,192147,162958,236312,173103,166248,179072,179714,200111,175932,203445,191802,148225,144761,155202,165423,157777,181387,211001
 "29207","Stoddard, MO",4,CAGDP1,1,"...","Real GDP (thousands of chained 2012 dollars) ","Thousands of chained 2012 dollars",811432,832059,952572,927689,955595,963377,937989,1033893,973448,1008821,1109675,1022604,1204118,1066548,998800,1011736,922840,856406,932406,958686,1078024
 "29207","Stoddard, MO",4,CAGDP1,2,"...","Chain-type quantity indexes for real GDP ","Quantity index",79.350,81.367,93.152,90.718,93.447,94.208,91.726,101.104,95.193,98.652,108.515,100.000,117.750,104.297,97.672,98.937,90.244,83.748,91.180,93.749,105.419
 "29207","Stoddard, MO",4,CAGDP1,3,"...","Current-dollar GDP (thousands of current dollars) ","Thousands of dollars",632662,655143,772003,780351,802984,817592,846583,948831,892336,940489,1069177,1022604,1231942,1108521,1073068,1098027,1019079,959230,1072558,1132606,1329497
 "29209","Stone, MO",4,CAGDP1,1,"...","Real GDP (thousands of chained 2012 dollars) ","Thousands of chained 2012 dollars",567843,542042,557586,562546,559625,558638,593223,618043,601971,607967,584709,570074,586331,604044,623254,623832,642443,683396,683945,608090,648674
 "29209","Stone, MO",4,CAGDP1,2,"...","Chain-type quantity indexes for real GDP ","Quantity index",99.609,95.083,97.809,98.680,98.167,97.994,104.061,108.415,105.595,106.647,102.567,100.000,102.852,105.959,109.329,109.430,112.695,119.878,119.975,106.669,113.788
 "29209","Stone, MO",4,CAGDP1,3,"...","Current-dollar GDP (thousands of current dollars) ","Thousands of dollars",435570,427253,450853,468870,483501,501178,550040,583514,574556,585085,570024,570074,599659,630449,664964,677544,712239,775611,798746,734942,812924
 "29211","Sullivan, MO",4,CAGDP1,1,"...","Real GDP (thousands of chained 2012 dollars) ","Thousands of chained 2012 dollars",240701,230571,222325,298754,338415,393261,386357,406292,374475,348039,355867,336865,382544,479515,250575,233881,317165,359256,467796,476585,465179
 "29211","Sullivan, MO",4,CAGDP1,2,"...","Chain-type quantity indexes for real GDP ","Quantity index",71.453,68.446,65.998,88.686,100.460,116.741,114.692,120.610,111.165,103.317,105.641,100.000,113.560,142.346,74.384,69.429,94.152,106.647,138.868,141.476,138.091
 "29211","Sullivan, MO",4,CAGDP1,3,"...","Current-dollar GDP (thousands of current dollars) ","Thousands of dollars",173638,172709,168089,228833,253236,290485,314670,343293,310561,302922,340826,336865,391457,489117,249347,231974,315761,354088,470866,500886,506161
 "29213","Taney, MO",4,CAGDP1,1,"...","Real GDP (thousands of chained 2012 dollars) ","Thousands of chained 2012 dollars",1741842,1764198,1776024,1738352,1840296,1865372,1992692,1994758,1937982,2055956,2038436,2081501,2177217,2156628,2167918,2172402,2178197,2250498,2287533,1976315,2208465
 "29213","Taney, MO",4,CAGDP1,2,"...","Chain-type quantity indexes for real GDP ","Quantity index",83.682,84.756,85.324,83.514,88.412,89.617,95.733,95.833,93.105,98.773,97.931,100.000,104.598,103.609,104.152,104.367,104.645,108.119,109.898,94.947,106.100
 "29213","Taney, MO",4,CAGDP1,3,"...","Current-dollar GDP (thousands of current dollars) ","Thousands of dollars",1329563,1379443,1417832,1428813,1570694,1652311,1830503,1871414,1851198,1975391,1983056,2081501,2221063,2242846,2313006,2365960,2414899,2554007,2663370,2337404,2720124
 "29215","Texas, MO",4,CAGDP1,1,"...","Real GDP (thousands of chained 2012 dollars) ","Thousands of chained 2012 dollars",446448,447010,448161,465208,471872,458023,465270,466804,446664,465560,450043,441896,528262,622257,564063,489992,490477,500317,498502,496139,483574
 "29215","Texas, MO",4,CAGDP1,2,"...","Chain-type quantity indexes for real GDP ","Quantity index",101.030,101.157,101.418,105.276,106.784,103.650,105.289,105.637,101.079,105.355,101.844,100.000,119.545,140.815,127.646,110.884,110.994,113.221,112.810,112.275,109.432
 "29215","Texas, MO",4,CAGDP1,3,"...","Current-dollar GDP (thousands of current dollars) ","Thousands of dollars",346437,355123,364474,389104,405160,405207,424640,434674,425004,448048,437155,441896,535341,635525,573416,488870,498689,519368,530196,541913,560781
 "29217","Vernon, MO",4,CAGDP1,1,"...","Real GDP (thousands of chained 2012 dollars) ","Thousands of chained 2012 dollars",596723,580028,602863,628971,604032,610210,612784,668045,726415,770254,716521,813860,915921,1004453,854007,806488,843384,794344,784334,772379,762560
 "29217","Vernon, MO",4,CAGDP1,2,"...","Chain-type quantity indexes for real GDP ","Quantity index",73.320,71.269,74.075,77.282,74.218,74.977,75.294,82.084,89.256,94.642,88.040,100.000,112.540,123.418,104.933,99.094,103.628,97.602,96.372,94.903,93.697
 "29217","Vernon, MO",4,CAGDP1,3,"...","Current-dollar GDP (thousands of current dollars) ","Thousands of dollars",436517,431413,456898,493412,476438,497065,525014,581221,613453,681072,691943,813860,938543,1032142,876468,811246,887476,865170,856162,841852,938359
 "29219","Warren, MO",4,CAGDP1,1,"...","Real GDP (thousands of chained 2012 dollars) ","Thousands of chained 2012 dollars",501751,520517,539424,574199,589065,595386,593543,617284,622368,678113,736221,673143,702068,743763,724736,708069,738867,778310,809415,787976,829849
 "29219","Warren, MO",4,CAGDP1,2,"...","Chain-type quantity indexes for real GDP ","Quantity index",74.539,77.326,80.135,85.301,87.510,88.449,88.175,91.702,92.457,100.738,109.371,100.000,104.297,110.491,107.664,105.189,109.764,115.623,120.244,117.059,123.280
 "29219","Warren, MO",4,CAGDP1,3,"...","Current-dollar GDP (thousands of current dollars) ","Thousands of dollars",391671,414883,437542,479079,507415,532551,547885,577192,592501,650173,712573,673143,719259,779068,789939,790427,834157,892785,953208,953603,1024257
 "29221","Washington, MO",4,CAGDP1,1,"...","Real GDP (thousands of chained 2012 dollars) ","Thousands of chained 2012 dollars",335108,331737,336992,342090,359598,350425,368850,358345,360109,366089,364686,389353,386862,390856,382341,347490,346518,361366,353436,366128,370594
 "29221","Washington, MO",4,CAGDP1,2,"...","Chain-type quantity indexes for real GDP ","Quantity index",86.068,85.202,86.552,87.861,92.358,90.002,94.734,92.036,92.489,94.025,93.665,100.000,99.360,100.386,98.199,89.248,88.998,92.812,90.775,94.035,95.182
 "29221","Washington, MO",4,CAGDP1,3,"...","Current-dollar GDP (thousands of current dollars) ","Thousands of dollars",254000,257565,267208,278448,302818,306867,332336,331301,340903,351075,355806,389353,396511,409941,411526,380609,388485,416570,417801,445504,470938
 "29223","Wayne, MO",4,CAGDP1,1,"...","Real GDP (thousands of chained 2012 dollars) ","Thousands of chained 2012 dollars",189093,203162,204830,218167,222820,203383,204552,201281,204654,208288,213247,219668,210985,210713,217284,220210,210272,201417,201844,197760,202990
 "29223","Wayne, MO",4,CAGDP1,2,"...","Chain-type quantity indexes for real GDP ","Quantity index",86.081,92.486,93.245,99.317,101.435,92.587,93.119,91.630,93.165,94.820,97.077,100.000,96.047,95.924,98.915,100.247,95.723,91.691,91.886,90.027,92.407
 "29223","Wayne, MO",4,CAGDP1,3,"...","Current-dollar GDP (thousands of current dollars) ","Thousands of dollars",142066,157242,162218,177609,189139,179212,185276,187354,194310,201055,208598,219668,214631,218750,229732,236525,231930,227186,232597,233854,249464
 "29225","Webster, MO",4,CAGDP1,1,"...","Real GDP (thousands of chained 2012 dollars) ","Thousands of chained 2012 dollars",519599,537819,564812,611097,637048,653232,632255,623276,597796,643039,643678,621463,594413,614033,612833,597664,633237,665252,700390,706835,756856
 "29225","Webster, MO",4,CAGDP1,2,"...","Chain-type quantity indexes for real GDP ","Quantity index",83.609,86.541,90.884,98.332,102.508,105.112,101.736,100.292,96.192,103.472,103.575,100.000,95.647,98.804,98.611,96.170,101.895,107.046,112.700,113.737,121.786
 "29225","Webster, MO",4,CAGDP1,3,"...","Current-dollar GDP (thousands of current dollars) ","Thousands of dollars",413216,436513,468966,522270,557221,588147,587337,586521,571402,618743,628642,621463,609293,645840,661379,655533,708502,761586,824569,853434,951196
 "29227","Worth, MO",4,CAGDP1,1,"...","Real GDP (thousands of chained 2012 dollars) ","Thousands of chained 2012 dollars",47091,51558,48241,52581,51706,49291,41299,39773,56882,58023,49934,63799,62527,72563,67147,45205,52407,53797,61643,53010,47037
 "29227","Worth, MO",4,CAGDP1,2,"...","Chain-type quantity indexes for real GDP ","Quantity index",73.811,80.814,75.615,82.417,81.046,77.261,64.734,62.342,89.158,90.947,78.269,100.000,98.007,113.738,105.249,70.856,82.144,84.323,96.622,83.090,73.728
 "29227","Worth, MO",4,CAGDP1,3,"...","Current-dollar GDP (thousands of current dollars) ","Thousands of dollars",33060,36299,35634,41434,39967,38839,35413,34680,46195,50428,48594,63799,64309,72352,62519,40840,49008,50696,58385,50899,52100
 "29229","Wright, MO",4,CAGDP1,1,"...","Real GDP (thousands of chained 2012 dollars) ","Thousands of chained 2012 dollars",316443,320309,316081,335066,345955,335301,318120,324468,308812,342607,357064,344179,329976,342289,329723,310635,313589,306126,299628,294314,304250
 "29229","Wright, MO",4,CAGDP1,2,"...","Chain-type quantity indexes for real GDP ","Quantity index",91.942,93.065,91.836,97.352,100.516,97.421,92.429,94.273,89.724,99.543,103.744,100.000,95.873,99.451,95.800,90.254,91.112,88.944,87.056,85.512,88.399
 "29229","Wright, MO",4,CAGDP1,3,"...","Current-dollar GDP (thousands of current dollars) ","Thousands of dollars",258642,266098,268259,292214,304813,300981,295666,304557,295243,330508,347102,344179,338138,358187,351729,336960,346215,346447,348877,352122,381044
 "29510","St. Louis (Independent City), MO",4,CAGDP1,1,"...","Real GDP (thousands of chained 2012 dollars) ","Thousands of chained 2012 dollars",27836033,28030289,28233220,28846897,28757914,28977546,29195357,31340178,28499220,28192474,27769291,28610541,28122291,27272706,26751000,25943101,25631412,26377771,26992138,25509909,26803145
 "29510","St. Louis (Independent City), MO",4,CAGDP1,2,"...","Chain-type quantity indexes for real GDP ","Quantity index",97.293,97.972,98.681,100.826,100.515,101.283,102.044,109.541,99.611,98.539,97.060,100.000,98.293,95.324,93.501,90.677,89.587,92.196,94.343,89.163,93.683
 "29510","St. Louis (Independent City), MO",4,CAGDP1,3,"...","Current-dollar GDP (thousands of current dollars) ","Thousands of dollars",20827170,21518041,22135529,23278113,23950253,24916891,25884760,28615809,26893924,26930606,26942503,28610541,28749531,28538131,28734733,28409121,28613631,30163691,31566454,30437074,32969578
"Note: See the included footnote file."
"CAGDP1: County and MSA gross domestic product (GDP) summary "
"Last updated: December 8, 2022 -- new statistics for 2021, revised statistics for 2017-2020."
"U.S. Bureau of Economic Analysis"
