Sum of Capital Funding,Column Labels,,,,,,,,,,,,,,,,,,
Row Labels,2005,2006,2007,2008,2009,2010,2011,2012,2013,2014,2015,2016,2017,2018,2019,2020,2021,(blank),Grand Total
1001,2115639.332,4116340.854,2843839.852,611397.2023,4008798.125,3177372.554,3395204.263,278272.1807,97953.61596,2546.147983,163512.7056,132377.015,3099.615761,28959.63716,71350.53064,73279.83089,93353.50208,,21213296.97
1003,278084,3790480,3927940,366988,9202628,7827172,678616,76491.1349,104928.8983,446057.196,1913521.229,460450.502,891937.142,1033882.391,297161.4642,122112.5587,187913.2502,,31606363.77
1009,1021020.099,1450872.515,645665.4069,461344.1023,169757.1056,248201.6002,5121885.22,14113.08039,656342.6794,927663.9211,13912.33001,168276.9736,976763.9625,1440334.902,1107467.661,182486.398,1255536.006,,15861643.96
1033,0,301116,83664,124128,50993,377556,1492464,81010,534006,57603,159466,0,0,135835,72301,337737,99288,,3907167
1051,2644549.165,5145426.068,3554799.816,764246.5028,5010997.656,3971715.693,4244005.329,347840.2259,122442.0199,3182.684979,204390.882,165471.2688,3874.519701,36199.54645,89188.1633,91599.78861,116691.8776,,26516621.21
1057,0,0,90256,0,0,431213,9991,19270,89498,0,33794,69300,0,115128,95170,29848,0,,983468
1073,,,,,,,,473682.6383,27604763.34,23243115.17,764923.7901,6880658.475,28716843.63,52812783.8,22246720.55,8856847.812,33135252.62,,204735591.8
1079,0,88654,68231.5,182459,0,0,0,249426,254652,0,0,0,0,0,22456,17259.5,27586,,910724
1081,118865,23895,131934,174995,139857,0,523330,269860,90439,114175,100610,0,0,0,209735,156669,159787,,2214151
1089,477766,173170,5293656,3689865,2698353,985933,1179164,183710,3179879,1126063,1980882,349345,1004209,227221,1492392,301439,1641924,,25984971
1097,,,,,,,,5098562,1606545,871862,1176954,1293647,422018,484205,3173788,1524762,3302262,,18954605
1101,6802597.503,12756928.08,7781298.332,2651511.295,7744501.218,10545484.75,10814123.41,3290525.593,1023602.364,24451.16704,1807633.412,1457160.716,42867.86454,298968.8164,738570.3061,611136.3805,647858.6203,,69039219.83
1103,0,265962,204694.5,547377,0,0,0,748278,763956,0,0,0,0,0,67368,51778.5,82758,,2732172
1113,296891.239,709376.7588,785325.1335,1381074.01,1242404.437,1657519.64,1367904.479,665433.374,1603560.306,558982.9681,604187.0925,2394143.118,658578.6797,781040.7937,1625198.237,1103716.253,2224077.493,,19659414.01
1115,1474806.81,2095704.744,932627.81,666385.9256,245204.7081,358513.4225,7398278.651,20385.56056,948050.5369,1339958.997,20095.5878,243066.7396,1410881.279,2080483.747,1599675.51,263591.4638,1813552.008,,22911263.5
1117,6675333.09,8405766.741,2877982.783,1436709.972,789098.1863,1571716.977,19718952.13,62802.72074,3703343.446,3336889.907,159664.2921,1138985.812,4766183.127,8568921.552,2803016.278,1119366.327,8900199.371,,76034932.71
1125,71356,854952,16607,3800745,7927577,1562253,820495,411808,282863,259207,590610,295211,1277400,41633,1264072,66019,783846,,20326654
2020,11472632,11971217,13943691,20202059,11608795,19256838,14576361,117854026,95936278,60491769,46030030,48241661,55119534,55128070,51052122,51725509,46846578,,731457170
2090,236482,2241976,134738,2912283,0,105792,550838,267931,778918,1642519,629128,276701,444703,416490,569107,52967,1221966,,12482539
4005,0,0,0,2112256,4656178,1594421,2297290,8702166,4355228,4827527,7522828,2724586,3054632,4934922,578467,621631,937358,,48919490
4013,290497794,374989796,547644310,566404985,271344477,73534191,35067266,93357736,122542571,192439430,151157841,125155847,125335478,241444041,197682019,406960980,370608546,,4186167308
4019,6128160,14097059,14141832,12728547,52844653,29383034,34411301,53047809,91311677,47034035,28914065,21489137,4445089,2066378,12196209,3660376,22647944,,450547305
5007,685355.8694,607835.4575,543057.3754,1531011.614,1847333.323,2824612.541,1626986.808,1917979.64,1111838.914,428614.459,1918385.364,1094369.589,2152875.693,3502329.16,6691410.052,3381692.224,2596930.113,,34462618.2
5031,0,0,0,0,0,0,0,243236,21085,70402,1120136,121546,202078,205883,242832,213676,221198,,2662072
5033,127663.1488,60155.99204,133777.3796,48838.00399,837689.0308,162195.2924,954463.8399,500689.7231,463112.4804,91251.87487,146317.8217,266615.0634,240387.9194,146981.2447,1205751.124,282530.3938,476429.1966,,6144849.53
5035,6147908.197,9218899.727,3196191.064,7758266.688,3275323.623,24086898.1,26256609.99,13074712.6,15438744.29,19755256.21,3818525.254,7458149.312,13851847.54,10285375.74,6386193.833,12589190.34,6609130.84,,189207223.4
5095,0,0,0,0,0,0,0,0,0,0,0,1274119.647,78384.3335,37121.78491,34765.10861,26834.85795,234147.7424,,1685373.474
5119,1731948,8002117,4957151,4311839,1786568,9564489,1536013,1808695,3207403,1361078,11814785,2164438,5668193,2151552,3112167,2435733,8339635,,73953804
5131,301749.2608,142186.8903,316201.079,115435.2822,1979992.255,383370.6911,2256005.44,1183448.437,1094629.499,215686.2497,345842.1241,630181.0589,568189.6276,347410.2149,2849957.203,667799.1126,1126105.374,,14524189.8
5143,999144.1161,482618.0791,603825.0749,1089252.119,1779914.913,2429278.357,3296739.741,1373164.483,2288935.726,708350.3675,1340692.545,1733421.421,2217715.638,3398800.312,7425410.958,3088333.945,2361993.146,,36617590.94
6001,,,,,,,,8446476,13479256,6640225,3385470,17871622,37460209,18638211,8504713,3132959,3422318,,120981459
6007,,,,,,,,155184,118016,1358150,3058943,1382644,2937395,4640411,544193,203395,3696728,,18095059
6013,1834788,1551595,1148917,1094563,3680872,1997995,1950925,4289854,11218098,147014,541138,1191423,10768786,8804590,4502093,723934,3228547,,58675132
6017,0,0,0,0,0,0,0,0,0,0,1538135.562,725973.5246,204768.6143,372993.4182,1933055.948,791669.6839,144715.7621,,5711312.513
6019,2670730,14339711,1353212,1108702,493715,7662871,3989379,9807489,5389370,6340025,10067864,3391278,42585732,28724929,6581527,6373309,10307223,,161187066
6025,22943,0,0,0,0,0,0,0,0,0,0,3211455,0,773600,84535,0,0,,4092533
6029,,,,,,,,7797293,3747994,12524197,2554941,1094625,3731367,2322580,14001148,5315241,6344146,,59433532
6031,0,47925,1279071,4859055,1841229,609638,6910458,2614770,1963031,3118587,1348453,4010435,408900,753226,2297060,1921936,5073896,,39057670
6037,24709140,8328962,2224675,4349245,14122169,5972940,17241740,6184361,20373909,15408463,7208624,8778007,19244381,14786071,25905208,23125809,22684278,,240647982
6041,,,,,,,,126348301.8,106269474.1,154915026.5,113406813.3,114037028.5,164574649.1,200807844.6,194202228.8,212951844.2,235428592.8,,1622941804
6047,,,,,,,,1864797,2927733,2109543,447700,5563905,700262,2575810,9098835,57754,26868,,25373207
6053,,,,,,,,2644369,7441405,1946111,14167440,4931889,8572056,32949963,6899282,5608510,14900528,,100061553
6055,951075,99835,368199,187217,400291,2973294,5320067,5327691,10218649,4035852,1431362,6670339,3418141,112854,79271,2486649,609924,,44690710
6059,,,,,,,,1102551308,1070049370,1636154073,2148770997,1903841466,1664467006,1927090482,1923444187,2463952838,2283890679,,18124212406
6065,,,,,,,,62129679.63,132200992,176314309.5,148135065.9,123601638.1,82890487.42,56397185.4,54450283.25,47578748.67,45398102.32,,929096492.2
6071,,,,,,,,51708331.37,81035514.01,134343458.5,114051181.1,108146206.9,56358062.58,32112850.6,27361404.75,32151942.33,24023433.68,,661292385.8
6073,,,,,,,,225994206,323646031,239119089,408100067,273777284,287077760,168373175,183147887,192488573,169118687,,2470842759
6075,217853858.7,188648097.5,283122430,260099824.4,274588455.7,303046439.8,304497546,2282681938,2598449602,3070732268,2620808532,2954682864,3655497376,3976198196,4855792682,4924170128,4023129512,,36793999749
6077,,,,,,,,49800015,57618876,50526454,55912226,18402042,20372418,25071394,44916367,41300549,70471714,,434392055
6079,,,,,,,,1001725,1769832,5676334,5217341,1288594,3133398,1220183,4988014,1800228,13468461,,39564110
6081,1362082469,1074152911,1330995759,1732001528,1739908886,1976098406,2457631878,336377383.5,504535612,577548644.5,509879561.6,608320465.8,546972412.5,603650994.7,682771887.6,700384202.7,715922185,,17459235188
6083,,,,,,,,2401191,2229714,11346530,5639150,8244888,10489853,9236611,10987792,8369586,3221043,,72166358
6085,,,,,,,,365411997.4,374498411.9,538997048.9,722533341.2,657701949.7,516249256.7,342093983.1,423841594.7,418477123.2,244911246.3,,4604715953
6087,,,,,,,,7171565,4715173,12321109,9592752,7850321,3876023,2686242,2902938,7499384,6107893,,64723400
6091,,,,,,,,5125021,7863714,4781754,1696622,9969952,17736210,13569577,15895166,12111612,20069939,,108819567
6095,,,,,,,,6675604.536,6466376.828,8546165.579,13348838.41,28038883.87,16539044.82,14675119.88,9783397,5267792.276,4223894.819,,113565118
6097,,,,,,,,11411114,6086593,14008475,1402350,99230684,68094379,32042829,48194886,42202607,21532179,,344206096
6099,,,,,,,,12332890,2642500,2070484,12520050,2427948,4637841,9735680,11052743,5544380,8699327,,71663843
6107,,,,,,,,99790,1028661,1798021,986568,2632971,83814,1763335,6048681,3532036,2232429,,20206306
6111,,,,,,,,1854124,2600892,2587805,27209457,8882147,10528952,12139363,6320768,13961130,7020655,,93105293
6113,,,,,,,,164228.4643,383715.1717,1765984.421,2703969.585,666856.1321,2019130.177,304467.1167,3334130,2908145.724,2577503.181,,16828129.97
6115,,,,,,,,58351291,51451624,92768849,115110164,79540928,57193455,35207558,24594303,44428676,56606077,,615252925
8001,128048756.9,112477520.2,84169470.01,169876627.4,245512617.3,449165686,337024754,457505160.8,491381663,663005144.4,613417959.5,388715594.1,293040769.2,138815895.3,212607857.4,75005595.09,20807949.52,,4880579020
8005,283665133.8,236721034.5,178914758.9,283279442.2,479231315.3,701563055.9,627226883.5,762828436.7,871031773.2,879525583.1,1092233967,777758271.1,492181775.7,344913740.3,374046231.7,125007265.2,31663387.89,,8541792056
8013,0,0,0,0,0,0,0,0,0,0,128000,199493,353166,81548,76905,664805,2690163,,4194080
8014,12996960.78,8097096.481,7163090.792,18850015.89,17328118.89,43213477.11,68431693.86,64937397.83,53148120,88613356.66,69431344.56,89224139.07,46614420.87,28736909.04,25359331.75,17088004.96,3160612.392,,662394090.9
8031,786986520.8,581143483,398409208.3,816677604.7,1062121612,1921462602,1762905713,1810071307,2108239275,2385749552,2149821927,1748517967,1193079767,982269383.4,983614861.1,266997475.4,83215238.82,,21041283498
8035,6980467,6025956,11152609,4369296,2298486,4552460,3474693,3947331,1933388,3519386,5060397,4601205,6129370,7216076,7522849,2752510,6561275,,88097754
8059,269438084.5,207595231.2,133654270.6,241333938,397693465,715740996.3,626771861.8,631774764.6,643372427.1,733449023.1,734471380.5,687182870.6,448701722.5,336535787.6,296851455.7,89069632.07,26013505.7,,7219650417
8077,,,,,,,,731529,808078,2342232,1602064,608021,2081889,1762038,527310,76509,711262,,11250932
8101,199526,278750,233338,374920,2731934,0,2151282,100972,0,0,385000,0,0,490112,941535,198045,0,,8085414
8121,,,,,,,,417499,1681577,21984625,9306687,1532591,1623964,2010465,6749398,2354629,2463733,,50125168
8123,162326042.3,101245352.7,138509950.4,167391402.8,260820102.7,444656090.5,347733648.6,489452745.4,455251822.1,428038036.4,565154969.7,450792005,241223558.9,181666152.3,209543738.4,43278455.31,23888968.69,,4710973042
9001,10734755.98,7094188.76,8963821.773,5849953.469,9789006.624,8735130.613,42634788.99,11588289.41,12475803.53,6853325.024,47092689.03,11245327.85,44558686.69,15724933.2,9052945.371,28140453.26,26339083.38,,306873183
9003,3007208,16057523,28004817,25058642,2410845,5512940,16039725,9515806,14398443,19111407,48134705,94904377,85844259,87822853,22084739,46627696,31632374,,556168359
9005,7792651.444,4592555.072,3110100.057,1791677.28,11767457.74,8974962.484,27065017.69,2678972.905,2844461.271,1038476.39,7747988.388,1522281.316,8198886.755,2712189.244,1362730.518,3671643.653,4803107.788,,101675160
9009,3683455.796,6791019.515,5909541.939,3500725.672,14415983.98,61818984.19,49126529.48,12949290.85,15558691.17,9461377.342,40846756.26,16802835.32,45261911.15,65728168.87,17395112.25,19210443.99,24841338.68,,413302166.5
9011,33058.54858,116729.7672,218526.5392,436628.7891,0,0,105091.4142,677152.5155,2637860.008,30023.69201,966660.5207,1350876.193,877553.9007,5399697.326,3829857.284,4101941.659,2825881.894,,23607540.05
11001,2379871575,5319022788,5988606345,5543110197,4757645439,4858834869,6126618456,3603246871,4150378984,3678745533,7911971528,7510535283,4516931944,5733195114,7086223082,5603176305,11686899091,,96455013403
12001,3441863,2844690,2632617,4483976,2724188,7504660,1754497,4858407,17756813,22161486,6251962,6356727,5245685,7337552,2385870,1964252,12165941,,111871186
12005,218561,77327,30867,1039942,468062,999948,1332847,954012,952490,1988298,4137171,1170540,476421,0,440462,266910,953877,,15507735
12009,,,,,,,,5105800,2384608,3118181,2685371,2525623,1016051,3883218,306114,4126000,7690609,,32841575
12011,398210366,511954610,526317756,473233568,437344162,385546664,278977874,96879833.61,109377166.9,95776312.84,147606112.5,148979305.8,131270073.9,208154173.8,230145596.8,252100362.4,239551252.2,,4671425191
12019,,,,,,,,3463731.843,5247356.066,2866632.946,1985769.502,8118588.039,6756903.829,8886343.3,8004725.775,4316171.533,10006572.62,,59652795.46
12021,1763602,2402098,1402864,3136630,1080006,5308750,1561978,2613078.634,3286344.769,964293.6174,2440147.537,1842380.021,1091947.231,1975778.053,933396.8081,1517790.579,851101.1482,,34172186.4
12031,,,,,,,,29447187.82,57782209.31,39818686.48,72260139.33,75651270.19,67972245.71,102869050.2,58130465.59,46505721.37,72666229.69,,623103205.7
12033,,,,,,,,248724.8651,588603.1017,2247716.804,7115372.771,1109503.498,401057.858,1258377.609,622529.5358,459354.4413,628778.7498,,14680019.23
12035,,,,,,,,2089560,10737787,4686447,8408290,2677868,3201162,4287943,8658126,5473614,3621513,,53842310
12057,,,,,,,,2421004,1055656,1240012,1628702,1315722,3754709,1153222,3326832,2285643,3358817,,21540319
12069,,,,,,,,1104664,1065312,549342,2631732,235066,455314,1832392,845646,1585708,2784965,,13090141
12071,,,,,,,,9442929.366,28242736.23,25145465.38,16074003.46,14152682.98,7353886.769,8655377.947,7411964.192,6457874.421,8147643.852,,131084564.6
12073,,,,,,,,5959096,6372253,3452197,2366830,0,1712866,933927,11573594,3074686,1771427,,37216876
12081,,,,,,,,6064369,2873154,10529696,10960856,18434688,10630987,3257258,5910972,1729150,7435977,,77827107
12086,,,,,,,,150530312.4,183442737.1,141705909.2,245161627.5,247109154.2,204702800.1,327686358.2,343394185.2,415406837.6,379496609.8,,2638636531
12087,,,,,,,,14137,991194,95884,0,0,462661,934756,378824,3669599,12217,,6559272
12095,,,,,,,,2368015,2007344,289875,1404977,1029167,323298,797294,366177,272982,967307,,9826436
12103,,,,,,,,20374950,49489465,14051110,27788886,16383650,25794421,23364372,39889150,12580231,42078232,,271794467
12109,,,,,,,,5613119.335,10759672.63,5263431.574,6645559.172,7369743.768,6776198.464,7850368.466,5925815.635,6276794.093,11431817.69,,73912520.82
12111,,,,,,,,1054254,4832642,3078612,1773743,2070151,1375788,3120130,1466586,1928775,2051971,,22752652
12113,,,,,,,,273654,830272,1437163,496527,1206687,268991,318635,181151,75039,97611,,5185730
12115,,,,,,,,370542,441352,323011,0,104147,28341,1420062,62423,995444,2972510,,6717832
12117,,,,,,,,12494967,145819173,153732033,57834906,86765176,140435925,113555814,92037240,55540472,59225601,,917441307
13013,337288629.8,293332398.2,317889164.8,510262795.2,409294811,286498884.2,186862979.6,39099897.04,34760253.4,66975167.42,64451076.87,45068319.97,45987170.97,37681106.89,95814986.3,75476680.28,40760457.67,,2887504780
13015,343825231.2,216274926.8,305206445.5,366794013.7,283493248.2,225660233.5,148261186.4,27128853.24,48752196.56,35705139.48,39327724.89,28500518.54,42894402.58,49606910.31,51473369.47,10034189.01,24693330.58,,2247631920
13021,,,,,,,,3157369,554674,759436,2183531,574079,639619,512938,3240564,651257,4210940,,16484407
13045,497625518.7,568306716.6,533414287.6,822245619.6,581827766.9,370973475.6,282291069,32007594.26,60893884.75,83699026.19,55158627.84,49768405.48,32471032.39,61386662.91,50422742.34,83487715.73,54510069.96,,4220490216
13047,2696462.697,7606743.588,4300366.141,7039404.352,17784647.37,9550784.604,8792121.793,1299062.649,2005116.629,2433451.425,611742.685,803932.1242,855487.2997,1072170.627,2080801.831,1708200.888,1041440.962,,71681937.67
13051,,,,,,,,12359731,8405869,3757073,6231602,1569694,3467599,1021117,13743627,1260090,7877412,,59693814
13053,38252.07861,194688.5484,192861.8116,487501.6531,376719.1671,450521.5907,236391.2735,288760.9346,905461.9923,334310.0525,332672.9996,1099434.417,447346.6724,419586.4332,726190.0087,867602.7722,1182747.628,,8581050.034
13057,,,,,,,,21334155.63,40373762.43,77695845.27,65499816.2,40465736.23,20222601,26366366.61,94074367.63,18948029.55,64323382.45,,469304063
13059,1888968.344,4419140.362,1221849.981,3495033.068,5727829.031,5589362.538,6245147.712,13356087.98,16986901.65,20431582.03,9380559.385,11359441.59,6260842.497,11898326.78,14604352.02,39043586.22,73498999.92,,245408011.1
13063,,,,,,,,180242023.1,259145845.8,246950996.8,282699917.1,246961993.2,215850219.4,321501462.4,482120094.2,360221040.5,337768179.6,,2933461772
13067,,,,,,,,299295177.4,361266813.3,468214890.7,366547048.3,346298800.5,303739727.1,432246581.4,465072703,499327350.4,482771075,,4024780167
13073,917510.2637,142865.3936,29627.29204,90614.97551,541695.6202,1331559.092,2194143.399,113719.3976,86418.69249,14918.21797,53024.35046,487312.7389,283729.8752,1320831.301,1170054.089,144199.4309,51587.88943,,8973812.019
13077,525384285.7,461831789.5,493318240.7,530342082.6,429688174.8,286904402.8,306856793.1,41981343.82,14556640.41,74450074.5,57329208.97,57626048.45,43301186.01,46736256.61,89275706.41,26794094.6,55752053.03,,3542128382
13083,980531.8898,2766088.577,1563769.506,2559783.401,6467144.5,3473012.583,3197135.198,472386.4177,729133.3195,884891.4274,222451.8854,292338.9542,311086.2908,389880.228,756655.2112,621163.9592,378705.8045,,26066159.15
13085,43462456.63,46463898.34,46640167.83,64402100.37,58304627.04,52333622.38,28488638.81,5457574.696,5379264.245,10564535.34,9139214.996,7417634.956,5810324.595,9045077.25,13418955.62,14695056.21,10733367.69,,431756517
13089,,,,,,,,875212426,1146626844,1159361410,1070328459,836501469.3,789675933.6,1322437970,1417360398,1241293537,1063421025,,10922219473
13095,839824.875,575602.875,1584468,2325341.25,565145.4375,1090764.563,509945.625,4527279,591899.0625,2025924.75,735167.8125,1293239.25,5840920.125,5346005.063,871612.3125,12612155.63,1737546.188,,43072841.81
13097,,,,,,,,36511047.5,43391058.4,75945055.92,32361902.66,38475700.03,46604024.65,67955591.51,69661546.67,51376498.03,110882200,,573164625.3
13113,120035770.3,196116370.9,158660716.6,158552179.5,239520057.6,125131450.8,97825570.77,30765116.1,26240993.54,15647472.15,32811764.04,38200695.02,33999809.54,37436010.15,61933641.34,39991727.12,18327938.69,,1431197284
13115,98935,1413774,656932,633114,1035497,758214,2776543,387526,332455,943377,287331,306875,894370,814728,564413,287744,111954,,12303782
13117,658176332.6,923905578.5,863839169.7,1260579573,1019336797,641787480,553724488.7,70557281.26,77049803.57,116832797.6,80152644.67,69470013.93,47921517.27,42228826.69,109377460.2,123999734.1,195653489.3,,6854592988
13121,,,,,,,,1584491470,2077536548,2556733828,1934509349,1850034909,1802189048,2557587923,2832498103,3720432549,2165723985,,23081737713
13135,,,,,,,,163130973.6,270857526.8,423009685,377045994.1,284255171.7,199206301.3,399248042.9,363233630.5,366580710.6,411196369.2,,3257764406
13139,932856206.2,1622170851,1328674517,1232255573,1382058263,990363294.8,557402709.4,114341914.6,180652927.1,188905851.7,220100301,124157258.9,147097747.4,338676700.9,235414076.3,303407770.5,285586599.2,,10184122562
13145,124116.6491,449628.0793,202385.8517,901670.8143,840669.2246,694797.9077,864488.7483,196843.7847,838748.5833,252916.4224,243078.1122,928189.6427,358771.9208,289532.5809,483989.662,496479.5891,957454.0171,,9123761.59
13151,,,,,,,,39707354.36,35673529.21,36984179.13,44494101.62,14631516.21,23751295.52,16963716.71,45732639.79,44668910.07,47822750.22,,350429992.8
13157,1528032.073,2230467.451,622109.455,1691310.431,2954861.117,3903512.636,2481541.122,3691842.863,2962402.09,3965297.584,1650123.264,1870572.321,1242931.367,1401419.787,3044773.94,8944588.188,9384991.85,,53570777.54
13177,155523.125,106593.125,293420,430618.75,104656.5625,201993.4375,94434.375,838385,109610.9375,375171.25,136142.1875,239488.75,1081651.875,990000.9375,161409.6875,2335584.375,321767.8125,,7976452.188
13195,394533.5935,785183.3202,377025.2114,453088.6879,1167971.194,1527629.935,727356.0623,2725270.933,1916859.849,1760244.52,1124819.006,1210824.783,699551.6759,1242550.663,1329547.141,2702043.973,8749585.588,,28894086.14
13215,405472.0333,2063698.614,2044335.203,5167517.523,3993223.171,4775528.861,2505747.5,3060865.907,9597897.119,3543686.557,3526333.796,11654004.82,4741874.727,4447616.192,7697614.092,9196589.385,12537124.86,,90959130.36
13217,127978731.3,225567706.5,180624834.3,199350946,230781501.2,123368169,131674051.3,48167231.22,43085703.58,81971492.11,30191321.53,83997778.25,46551810.66,43538247.67,71878719.51,45531832.2,56902579.33,,1771162656
13219,394533.5935,785183.3202,377025.2114,453088.6879,1167971.194,1527629.935,727356.0623,2725270.933,1916859.849,1760244.52,1124819.006,1210824.783,699551.6759,1242550.663,1329547.141,2702043.973,8749585.588,,28894086.14
13221,263022.3957,523455.5468,251350.1409,302059.1253,778647.4628,1018419.956,484904.0416,1816847.289,1277906.566,1173496.347,749879.3376,807216.522,466367.7839,828367.109,886364.7608,1801362.649,5833057.058,,19262724.09
13223,,,,,,,,14925639.89,42307676.25,57156461.7,19231573.78,14202758.4,36291153.85,44495132.24,94985156.47,70852070.31,24779299.95,,419226922.8
13231,16131539.82,54304681.18,28001335.41,39297008.1,51248523.17,22100763.18,27343262.25,10262106.27,17908571.79,38517365.63,22779855.38,25910471.41,19695603.96,21924407.74,19290323.7,33378407.97,29961241.1,,478055468.1
13245,2196008.172,343396.4551,70664.35153,130182.4502,832136.5587,2837782.081,4109798.044,1334790.196,1245229.761,226457.3305,395671.9059,5001957.193,6229323.487,22666079.47,14725931.99,3406122.192,486333.492,,66237865.13
13247,147667766.9,260270430.5,208413270.3,230020322.3,266286347.5,142347887.4,151931597.6,55577574.48,49714273.37,94582490.9,34836140.23,96920513.37,53713627.68,50236439.62,82936984.05,52536729.46,65656822.3,,2043649218
13255,48394619.47,162914043.5,84004006.22,117891024.3,153745569.5,66302289.54,82029786.75,30786318.8,53725715.37,115552096.9,68339566.13,77731414.24,59086811.87,65773223.21,57870971.1,100135223.9,89883723.3,,1434166404
13295,3186728.642,8989787.876,5082250.894,8319296.052,21018219.62,11287290.9,10390689.39,1535255.858,2369683.288,2875897.139,722968.6277,950101.6013,1011030.445,1267110.741,2459129.437,2018782.867,1230793.865,,84715017.24
13297,224740239.3,337879660.7,162791978,432578210.4,232484347.1,178681628.9,131353866.5,34491490.43,33526285.32,59923838.41,22352487.07,34538128.39,16556692.97,37570309.73,49596592.46,30564846.75,26037745.24,,2045668348
15009,0,0,0,0,0,0,0,0,0,1519714,1467672,1652810,2566432,1142011,2079273,3298592,1650739,,15377243
16001,1013788,343970,444770,1368417,1115811,505493,3296716,8083110,5572451,6205956,9702688,6311403,5450583,991549,2420698,1537178,6175284,,60539865
16005,,,,,,,,55974,391573,4998187,334643,17684,508738,709094,1157055,84496,48318,,8305762
16019,,,,,,,,347345,30830,74630,59409,0,0,0,0,0,0,,512214
16055,0,0,0,0,0,0,0,0,0,0,50090,240798,368711,71637,45612,517671,972693,,2267212
17007,,,,,,,,2158105,4005761,546030,1227119,1118700,1470418,1460690,3682081,4692952,4773724,,25135580
17019,405361,1451206,2210964,2822043,2502221,6715190,20624616,10281634,7683335,5386103,3114911,7510788,22292998,7127746,5713134,14314071,17570083,,137726404
17031,6476381184,7767965973,7547075916,9717728001,7162016941,4581225093,5170425195,5996486893,7860184733,6612308020,6429391182,6207100002,6315979414,6023661983,6569279463,8185630904,8529965135,,1.17153E+11
17037,,,,,,,,19478626.64,34044384.62,20190567.42,19960452.84,17163679.07,16393767.01,21521942.88,17716453.6,25057421.71,22536092.63,,214063388.4
17043,339298347.8,361690675.8,322921851.9,671920776.6,406617677.3,252046214.3,282949837.4,158965010.6,201141653,177296094.8,186031272.5,180598533.8,166448637.4,183315666.3,159731844.3,197025088.5,276405612.9,,4524404795
17073,,,,,,,,1497899.286,7076525.168,7592114.038,1083149.572,1518339.319,5276641.272,2695598.077,1697769.952,2143918.752,1496109.42,,32078064.86
17077,0,0,0,0,0,0,0,2647652.966,893189.3793,1762995.862,3577430.621,3348781.655,366324.9655,891438.8966,5456083.862,272612.8276,1796905.793,,21013416.83
17085,,,,,,,,791306.8511,75943.98245,61495.57691,72936.0055,16496.09949,544585.0053,986737.442,85206.4164,568105.0688,54856.03535,,3257668.483
17089,135587558.6,155300781.4,119937762.3,223173077.7,134086917.7,81353899.68,128332714.3,89012464.42,85420081.26,72674014.35,70437924.37,65761476.73,65191914.67,53665305.69,90789976.95,104342765.2,110389626.5,,1785458262
17091,0,60974,191521,891017,1159175,1582208,125329,88702,391991,210568,0,80230,0,94482,1968900,676044,930798,,8451939
17093,,,,,,,,6646136.172,2963623.935,8379211.451,2625888.738,10539974.32,7155039.89,6331503.369,3858208.156,8983087.625,4435051.453,,61917725.11
17097,,,,,,,,143964025.7,178698672.6,163110169,126407982.6,130498448.8,167427933.4,160147163.4,155552309.5,197622097.7,230194768.5,,1653623571
17111,,,,,,,,29248809.98,50485628.13,33560733.04,37301591.94,43307165.57,48928838.63,44418726.49,40576141.27,46978293.19,56652193,,431458121.2
17113,1597268,126802,0,639172,0,7104095,2673152,247877,1352211,536745,124731,3114101,4278265,5410581,955601,799454,2800391,,31760446
17115,21540,18164,35603,152477,28872,1686771,1715260,4085,122050,68541,137100,33694,0,101918,95131,5745197,2119593,,12085996
17143,,,,,,,,2008868,7402265,483975,1117571,614655,4591848,2355605,1113922,2834014,6801247,,29323970
17161,,,,,,,,7393622.949,17948369.16,24698956.02,4314912.814,7795544.349,22049608.62,7487336.416,5208449.149,10245713.38,6504154.084,,113646666.9
17163,,,,,,,,20317492.26,15859817.56,17331069.9,21571663.7,35846064.2,16132466.82,11329187.87,11129600.78,13933768.04,18810860.96,,182261992.1
17167,254137,1244015,638137,362318,1350057,1866686,3956155,5614033,2170673,6514864,2258861,1290591,3451387,9743460,2245424,3756284,1656645,,48373727
17183,56205,58184,0,891480,348139,181315,1604419,139704,165020,396855,27991,1147189,2907783,376137,846284,0,0,,9146705
17199,0,0,0,0,0,0,0,2836771.034,956988.6207,1888924.138,3832961.379,3587980.345,392491.0345,955113.1034,5845804.138,292085.1724,1925256.207,,22514375.17
17201,,,,,,,,27687.70458,102074.7752,1359615.806,77643.19153,0,0,52586.94501,500524.414,1099592.56,497092.8848,,3716818.282
18003,,,,,,,,6667120,3892252,864147,2571799,688719,1094513,1596289,1165845,288003,586272,,19414959
18011,,,,,,,,504822.7792,420269.2696,1097854.002,2151565.361,1690478.65,410180.0158,2500921.907,8029849.987,2802963.874,2643248.832,,22252154.68
18029,6094483.932,14336865.08,3684158.516,7937703.308,13682374.34,6595600.096,16549063.68,1239863.953,1810745.192,1358789.447,7374442.33,1862220.681,711684.3053,1205227.959,2322903.287,2834933.236,2848351.089,,92449410.44
18035,,,,,,,,0,0,839566.7187,674277.1779,175195.7794,407876.384,437474.5596,5925.529664,0,0,,2540316.149
18039,260057,64362,160430,132438,322410,1612824,667876,461675,315113,146134,2886762,1305721,223184,500498,1003775,23744,36645,,10123648
18043,1712636.186,549070.6186,744477.4707,1066892.618,772021.5754,3446872.518,862778.0528,1787082.599,2114811.114,5274120.435,6359197.467,2693186.687,3519519.57,5224378.022,3349071.697,1182117.485,2604902.202,,43263136.32
18057,,,,,,,,1147098.6,772914.1306,1875862.789,2728936.459,4491390.463,1265921.674,7883971.146,27931383.25,10144314.24,11752340.12,,69994132.87
18059,506485.8687,678137.0866,433229.7215,1032095.075,1165211.093,2032483.562,1102506.917,563413.6095,412358.7959,1199099.97,1284857.053,1384783.761,607658.86,2797187.388,12626523.57,4885391.837,3033026.863,,35744451.03
18061,243402,34761,122188,227962,231532,1275360,238324,293901,1159363,99581,327901,1119166,8761,413086,242936,362377,2035850,,8436451
18063,2114182.081,3476199.294,1953024.647,4071020.457,5359467.154,7001503.401,4422439.004,565767.7054,195936.3487,1539859.125,2828206.057,1689210.791,1264851.997,5136108.809,19089377.85,8629803.182,9410903.015,,78747860.92
18089,,,,,,,,195623025.8,232249983.3,226815745.1,212925879.8,174040081.8,193983020.5,166422550.8,246217462.1,270375390.8,197490293.5,,2116143433
18095,,,,,,,,0,0,1154179.281,736970.8221,383148.2206,540637.616,499943.4404,6074.470336,0,0,,3320953.851
18097,42105329.99,37092476.12,24038050.95,40900050.84,77983736.43,76914913.23,63490435.68,35143277.01,25844328.92,67781720.86,151976541.5,83939097.32,49544356.39,176636158.8,652333893.8,224789388.8,207776184.7,,2038289941
18105,1609203,1163247,1465291,4013109,2609683,189170,53656,587283,4188168,3302746,898788,1192227,2573454,2132757,1937360,633341,2342745,,30892228
18109,1239258.057,1481281.499,998106.677,2201643.626,2898541.325,2808535.808,2641412.396,662730.2982,521036.5346,1152005.255,2009177.567,1483395.015,692081.0659,4400487.922,11213705.57,571282.0438,4837294.459,,41811975.12
18127,,,,,,,,31172557.71,43718359.7,14509608.35,47219150.43,27944756.69,41617900.31,22331563.11,33857537.41,28505877.95,62437517.44,,353314829.1
18129,18794.92788,577030.2521,331151.8275,250704.9222,228313.998,1297474.337,51600.1663,165314.6208,28063.53634,97389.4982,91663.82737,127656.8479,136396.9746,357653.9544,165571.827,82147.94263,41424.37364,,4048353.834
18135,3263111,54101,1315824,183468,207541,3095501,162775,1326523,2385822,1348119,247799,80099,296547,541979,44050,205230,3897773,,18656262
18147,337988.4772,99099.45483,96771.73554,217507.0686,396031.267,1590287.327,163707.4926,97321.47545,212397.5715,571248.9277,440550.9236,269488.4084,165291.2732,60988.35394,171960.976,111505.1298,879795.4861,,5881941.348
18157,645615,406890,3036254,262416,5561769,3711535,6345823,3038453,4712529,2415107,6371272,5871799,1526067,4443882,1848328,2644315,5261823,,58103877
18163,245653.2977,6187728.661,2937276.096,2750037.023,2339436.583,9366927.633,378504.2139,4563876.184,677967.0494,2437570.806,1903665.614,4770330.037,3598478.643,8712545.522,4976535.032,3315789.684,1070970.336,,60233292.41
18167,252695,79928,82909,220000,296536,1260777,248906,167454,100358,217690,300954,252888,252887,0,0,0,161235,,3895217
19013,946905,1829085,975450,1301710,1349994,805248,1894930,1336259,887670,692527,273572,453448,377636,83796,82464,97319,1008822,,14396835
19015,247349.9259,1126380.37,929616.0741,1380911.778,856966.963,2663798.667,3256163.037,4583288.37,3079339.407,2019627.556,1642452.519,317080.2963,1608612.444,1308390.741,750080.0741,1093300.963,1229884.444,,28093243.63
19061,1987794,80084,60494,0,42548,0,8897166,3882735.149,404112.0176,225236.4231,456203.9945,55503.90051,3180482.995,5284906.558,614217.5836,3316316.931,270085.9646,,28757887.52
19103,6837036,1835707,2998256,619757,3441174,3926359,2243665,3543286,3189678,3164897,7443978,2181003,1704750,7998041,396710,3544794,28316,,55097407
19113,1903964,3390140,2423668,796090,1635170,1764854,2905210,2173310.173,6223712.294,6005843.598,3575322.253,706632.6487,415463.1322,470377.4903,2742598.324,13354.46179,331693.5855,,37477403.96
19153,3296746,1058327,6196132,2832368,6434260,11405052,4600393,18033305,16540995,1389826,7946739,6281668,15903238,7051142,4461051,1261501,11390681,,126083424
19163,3379269,8583918,3610905,3161166,336636,5399985,18977310,5333304.765,23387239.67,22150652.95,5948651.614,6849792.332,12927555.11,8576296.508,7706216.898,9697711.868,6594448.496,,152621059.2
19169,706714.0741,3218229.63,2656045.926,3945462.222,2448477.037,7610853.333,9303322.963,13095109.63,8798112.593,5770364.444,4692721.481,905943.7037,4596035.556,3738259.259,2143085.926,3123717.037,3513955.556,,80266410.37
19193,,,,,,,,1500580.918,65303.04925,1634826.047,1178559.611,663204.9246,981451.5904,2783898.939,5265337.634,3233492.926,1282757.033,,18589412.67
20035,65991,1374343,309426,165915,0,836705,2920080,2477931,1357449,1807350,2511608,59500,1230391,1857672,1541306,3225842,1507949,,23249458
20043,855941.35,0,69640.82119,0,0,415815.7209,459874.0101,0,548835.7635,13041.69411,69418.89886,0,25182.10511,149440.4668,182227.163,76206.79522,6023269.349,,8888894.138
20077,1238714,2208326,142316,74639,66151,33160,5408252,0,812317,999803,4714837,503855,1218080,483868,779500,1679004,2110983,,22473805
20173,,,,,,,,61280,1503781,4751756,5546315,2194983,5834067,294819,1092836,7254668,68867,,28603372
20209,31908090,29677710,26194456,29872720,21007904,49926680,39202124,47178548.39,45407036.64,31907225.15,120349994.2,95673455.9,48277577.37,90552853.35,72068921.86,23008100.85,37487627.68,,839701025.4
21015,14628946.62,30671686.87,7934580.524,19939220.24,58366485.94,27038205.78,33527959.79,2631751.427,2225948.908,4300984.556,11695476.2,3271818.279,1084092.249,624836.4331,3445834.424,1482368.11,3596043.25,,226466239.6
21019,,,,,,,,120975.3436,883266.4239,1391905.305,742887.6751,581751.6656,163250.0296,1279193.537,594078.4879,626049.176,1546991.651,,7930349.295
21029,2417111.271,480231.6358,684950.8522,1349954.946,1081319.601,3952060.615,962232.6846,323194.7325,798821.8344,1843658.223,1797598.704,1317448.199,1105872.169,837727.5345,3010648.784,334261.2278,1402065.276,,23699158.29
21037,,,,,,,,7850394.881,8488357.162,14789545,38582704.39,9660269.782,2185647.251,2794105.035,11057401.67,6570900.5,10770905.55,,112750231.2
21047,1420518.941,821500.392,1281868.108,94921.43811,156701.7116,975115.9553,1770015.598,357271.1695,247923.6423,339623.5349,200831.168,2269801.953,1700479.28,3017483.39,956074.313,2106565.683,461005.2611,,18177701.54
21059,0,0,0,0,0,0,0,0,0,0,169987,298975,309468,550925,1301647,71419,44647,,2747068
21067,4137484.627,3520138.2,571425.4266,7563470.713,1640806.018,2778081.735,10355207.32,6293178.602,4403143.824,1415497.474,5608644.342,24234162.47,17530634.66,6472317.443,430143.6485,3152497.37,4000023.823,,104106857.7
21089,,,,,,,,83752.16097,611492.1396,963626.7497,514306.852,402751.1531,113019.2512,885595.5254,411285.107,433418.6603,1070994.22,,5490241.82
21093,0,0,0,0,0,0,342007.9361,0,2580104.294,284064.0121,1508613.545,406863.0517,103752.125,301058.2006,434323.6987,773148.5967,5819638.018,,12553573.48
21101,28327.77446,289756.0869,252174.0766,320246.055,360534.4193,1126243.03,59600.6198,552705.1951,55411.41428,286263.6958,230010.5589,403790.1155,266227.3824,540123.5235,421471.1414,313503.3729,72077.29005,,5578465.752
21111,47293210.6,9955532.483,13011487.23,18893449.76,16349545.03,86953592.31,23491261.05,29039570.72,45557677.57,96674346.47,88459371.3,57328773.71,71531576.92,59933751.11,70338578.83,16100491.69,43342730.15,,794254946.9
21113,427701.3729,316135.7995,62458.57342,982213.2869,152101.9818,272698.2653,902372.6787,507017.3982,223194.1757,69610.5256,350489.6581,1141903.531,1227755.335,432654.5572,18680.35146,181720.6295,142554.177,,7411262.297
21117,45414503.45,92089096.05,39069452.96,77399310.45,165587781.7,77140570.12,109922684.5,16326407.04,13936947.35,18782352.41,62982203.38,25694248.49,6275968.005,5544587.167,25687129.34,17222332.09,19730726.82,,818806301.4
21163,0,0,0,0,0,0,125120.0639,0,981121.7059,107573.9879,566722.4545,156734.9483,38445.87499,109457.7994,159216.3013,297865.4033,2283829.982,,4826088.521
21185,1937029.764,257973.6683,455739.1601,839390.4027,762447.7738,2538250.743,1040442.218,498227.5029,897192.5938,3094197.505,899106.6339,841374.3113,2056575.665,1506205.96,1369968.248,185488.4527,748379.069,,19927989.67
21211,1228932.182,198851.5943,314975.2862,599772.2747,512596.021,1784753.815,585415.9918,249759.4456,497941.8895,1514772.365,720575.8908,593257.0919,980240.68,724092.3745,1158307.437,140526.1488,578848.3003,,12383618.79
21227,0,0,0,0,0,1866695,318314,745547,0,22672,243649,293949,40164,0,618717,1018701,95146,,5263554
22005,938405.1262,3567822.377,553714.4481,614907.807,899366.1831,985192.1377,1997240.009,408730.8952,493726.4317,2057636.882,1259957.631,1052648.528,833512.1007,920261.2617,718286.259,288552.1394,641912.3874,,18231872.6
22017,2438341,292012,1478380,960015,669503,2717994,5710492,1167886,1306255,629158,3111169,2324335,13066671,1426530,554635,2585261,43927,,40482564
22033,5081709.589,31942416.57,4106336.368,3968760.701,7332779.176,6727566.583,15429989.88,11464985.64,13441525.63,26099784.82,13949712.72,32317962.48,19387429.82,18661686.37,16505965.02,4605821.474,16283801.88,,247308234.7
22043,839.6992562,33228.479,395572.1397,87554.04121,23064.31697,55313.19375,38783.39321,244669.4965,185795.8001,4669.79308,59745.31987,37116.93805,10775.19223,150428.0418,12162.33894,1444.684691,71741.33786,,1412904.206
22047,,,,,,,,480647.7983,656745.6397,1387493.555,870261.6442,1121486.579,900511.0298,1168600.604,414471.2462,196671.7232,581637.325,,7778527.145
22053,90131,1252632,136444,1133581,2694460,216771,1323525,290195,457943,995296,269531,224040,1290035,2192958,2048141,1492997,519135,,16627815
22055,1229303,95195,517497,87473,1205882,7435754,4941907,385655,2450388,667335,1089912,962292,0,167180,1542996,1427442,1507843,,25714054
22063,1196345.285,4676421.058,432444.1842,601846.4919,1034904.641,883936.2791,2290755.112,302305.806,960468.2657,3082422.922,2316867.544,3141555.573,1642284.887,1285117.05,1781271.582,349014.8612,829913.1772,,26807874.72
22071,2405063.954,19026303.54,23619656.23,55454470.94,96046308.49,133398566.6,41908512.7,149839097.3,41958754.69,29558068.35,11927362.93,23357792.61,60790398.83,41359522.74,42307851.96,47783640.87,88244423.65,,908985796.4
22079,5690.300744,270109.521,1957819.86,603017.9588,131617.683,432906.8062,189596.6068,2724774.503,1583922.2,36042.20692,759900.6801,412871.0619,116882.8078,1654533.958,149433.6611,24893.31531,778780.6621,,11832793.79
22087,966948.0459,8009207.46,13358445.77,59671186.06,36810686.51,52979829.39,26251109.3,2445379.678,1328182.526,325652.0126,366772.6443,590367.2174,1629168.695,885190.91,953535.095,1368035.985,2843740.736,,210783438
22089,,,,,,,,2949097.988,904067.7877,650264.6412,152237.426,426702.1749,1028974.479,596921.3518,749374.9432,572915.1488,1447414.612,,9477970.553
22109,0,0,0,0,0,0,2359394,117601,123419,708736,12943,70936,4816,35563,436374,12780,1582296,,5464858
22121,,,,,,,,343319.8559,469104.0284,991066.8251,621615.4601,801061.8423,643222.1642,834714.7173,296050.8902,140479.8023,415455.2322,,5556090.818
23001,219332,54529,86693,118023,226822,0,1135346,75580,3017,146306,222051,1094776,56555,134599,1173920,1449644,1019117,,7216310
23005,2977717,2351323,4106552,764845,3342768,3850299,17724097,15427671,10767351,11356101,2506368,14760492,19803103,13699726,8424210,6444839,10254866,,148562328
23019,422371,233725,0,23880,148411,194640,2021950,0,0,0,0,111032,359335,1391318,1334954,3306836,5069578,,14618030
23027,0,0,0,0,0,0,0,316297.7425,204732.0308,551081.2606,453870.4289,331097.5323,808769.6133,1014655.92,685409.8285,26150.03345,26757.00586,,4418821.396
23031,284875.6276,151935.9613,410813.8912,368585.8195,4070786.384,503846.5953,3323055.894,313557.9777,6101175.475,254920.3245,517926.6342,2397604.495,623469.9955,987984.0125,2705447.437,222311.8075,523591.6702,,23761890
24001,0,782815.5256,53451.37802,166787.0597,604463.2473,695502.1892,97260.1578,19365.1203,115756.473,0,222025.6215,3049.142517,0,482840.8988,806731.7098,21160.99977,1601433.661,,5672643.184
24003,67312616.71,54731978.32,39255839.03,50720762.24,73703151.3,97390734.44,75956235.46,104997565.5,105878168.1,108467567.6,111530577.2,89417224.41,84454963.58,85618239.91,56151669.33,180555580.5,174313181.4,,1560456055
24005,133695.9075,619335.6861,481821.7987,0,2691229.934,4032609.39,0,0,10407468.02,67944.93584,127575.3091,1176103.848,92916.75182,727799.0225,2686468.541,1005495.077,1348559.919,,25599024.14
24013,17110467.17,24404667.68,15144192.1,21490020.2,27446551.47,29143141.08,43001887.39,45073685.42,44316874.71,41138633.64,65512294.77,57147642.17,44939810.15,40189143.59,23839738.71,44682272.15,51431778.98,,636012801.4
24015,5513.201537,30874.96497,28642.89711,0,180586.1826,182279.8281,0,0,295387.718,3313.569291,6940.486058,31178.2343,4307.489914,42824.0219,84864.57284,41907.80079,85733.26915,,1024354.237
24021,,,,,,,,1880163,14398,0,0,2988803,789363,3000102,2432162,622526,4192566,,15920083
24025,17135.89091,86460.34892,82965.30418,0,368171.8833,694412.7818,0,0,1241548.263,12297.49487,32020.2048,163933.9179,13367.75827,120370.9556,413073.8865,148193.1225,177351.8121,,3571303.625
24027,29898937.87,35137579.05,10795276.73,24968115.6,33399365.21,42848181.32,48237787,44676490.61,40803296.2,37783941.66,90906912.93,54236809.53,40267018.51,56326938.22,45620461.61,111513465.6,97518908.26,,844939485.9
24031,258632712.5,206749058.1,137135542.9,191318879,298553286.3,344972985.1,390859523,359154690.7,410052993.7,448899387.2,535100652.5,450110497.8,465208255.3,382565918.3,301937503.6,821407869.8,821446609.1,,6824106365
24033,258193774.9,241309405,137897010.6,177054593.2,263657145.3,345713020.1,375505105.2,407687186.6,442014031.9,428350387.2,394097649.9,371934042,408188759.4,352637497.6,325207424.7,879625493.6,867318786.5,,6676391314
24035,19609981.83,10867198.03,8052462.742,12234753.35,10979501.41,17560872.85,18626300.51,27347111.93,24047447.74,32032833.82,25398913.41,21060677.5,27597068.77,28284338.72,19056975.05,69524005.56,50227684.42,,422508127.6
24043,226341.1399,277804.6381,99018.51046,115946.4856,2374218.884,851209.4187,1398280.378,237431.8089,262085.7651,79078.79431,584577.5958,165900.5013,73705.89513,239443.3813,453689.5776,215064.1579,0,,7653796.933
24045,0,872290,246475,0,0,2107523,926587,1329622,6477677,217837,389282,80120,234814,3092696,1185087,822679,981410,,18964099
24510,895536973,812198071.8,405392896.8,628886444.4,821517238,1011034835,1091527988,1428386821,1418539294,1399985763,1647111427,1282109583,1511626582,1183406637,930569315.1,2496816202,2294291982,,21258938053
25001,1484902.474,5991805.375,2727759.569,4275188.488,1132664.861,6014711.808,1808189.773,2576444.11,2759286.921,1713097.566,22092281.99,18170097.84,15618598.66,14004503.29,12655916.63,5630974.987,9667027.612,,128323452
25003,1502336,405917,2313557,351523,239092,755373,831959,2129178,1676226,2364050,1307392,732471,756360,1691182,225129,968050,826037,,19075832
25005,372361231.6,380512054.3,379276956.6,244331573.4,348791394.1,244012190.1,267255584.3,277066865.1,321405608.1,339245301.1,494110007.4,435248532.7,497692529.4,336888379,638046820,552398885.5,1144033321,,7272677234
25009,73197786.81,61202670.33,67311030.36,63058284.96,62960204.74,56031775.8,62363195.47,399384787.4,485607064.2,664396877.8,600080915.9,777062736.2,705593880.8,550968408.3,933979907.7,907539941.8,1788385149,,8259124618
25013,3658162,11613287,7459884,8271749,11496611,10912389,20341008,23625113,10357990,11315008,16916435,20875777,27679580,46770234,18024710,12794644,15290577,,277403158
25017,320623010.4,295897305.1,302278769.3,294501686.6,285592539.5,246233897.8,285221252.8,613798125.9,782072332.2,946249095.5,1161190205,1091541369,1187351736,957465014.9,1757616263,1789539637,3195550611,,15512722850
25021,190754507.5,189852682.1,205460427.7,195211415.4,214974523.4,172617381.9,198795614.3,196622845.4,248714833.1,281253863.1,351089785.6,338387927.4,387994593.1,303023132.7,492095395.6,585490677.6,1006216120,,5558555726
25023,1001597.526,4821798.625,1761358.431,3432231.512,830637.1388,6008718.192,1882134.227,4041875.89,4206347.079,3053310.434,52065458.01,33706810.16,27709395.34,31252306.71,28338103.37,18343485.01,15131280.39,,237586848
25025,3031957920,2962925179,3197828971,2290214897,3089162746,2219894398,2369917187,1351478938,1420311842,1850476750,2418462496,2201361651,2647452308,1916531128,3505727978,2984200216,6180979745,,45638884351
25027,10643793,3469826,2682150,3942741,3929505,4888520,4271707,5389105,9552565,5104446,3125646,3887011,2623372,2893810,4617291,5642084,6941240,,83604812
26017,,,,,,,,164391,205451,149930,3743030,260361,247443,192150,238027,379727,2666782,,8247292
26021,11298985.52,1831913.545,2291307.264,2949624.931,8121016.733,31586312.67,2684355.507,2735560.525,3133844.429,15304997.07,7606260.076,8348847.592,4080124.727,1089046.646,3285494.024,2227927.87,11901671.51,,120477290.7
26037,2651305,9665094,7009636,2040234,4933093,10115684,9007588,12162867,10168865,8329836,14695490,3155120,9483590,1043659,14407801,2751351,10227172,,131848385
26049,,,,,,,,12547360,12458667,1055013,13647900,7624186,11076748,1959580,15494203,8291528,5945999,,90101184
26075,,,,,,,,981862,486391,77808,337851,592159,222511,136859,329418,743470,456336,,4364665
26077,,,,,,,,652948,305475,14522,44665,172741,110609,200460,883031,431763,89794,,2906008
26093,32723444.76,61174271.86,69425286.15,85677413.99,81693469.56,103279647.4,76749420.72,7473378.558,8168690.531,9163183.248,30985905.01,30140827.36,17905010.24,12013072.16,6109362.479,21487438.2,7875390.848,,662045213.1
26099,,,,,,,,80783098,49586185.08,64004104.33,165175076,156789770.7,109376354.1,72751915.59,78280273.87,112629060.4,64960548.08,,954336386.2
26115,25987399.36,43284740.3,31329596.57,64075878.28,76397655.59,120105297.2,69974789.23,12184091.58,7563218.496,12160744.55,21915701.3,24250911.52,27016821.72,10285337.41,10255310.68,13372433.65,13298113.83,,583458041.2
26121,234819,51910,1294657,155257,1858723,690042,836494,1835918,940336,1752727,2921719,123798,228961,303137,735280,60617,0,,14024395
26125,,,,,,,,112402132.6,63771515.78,94398011.54,198756518.2,215037680.5,199794346.8,106398195.9,141149579.6,189689262.6,101798177.4,,1423195421
26139,,,,,,,,722780,4853391,533572,373036,1573484,1344595,144791,9506,2712670,105104,,12372929
26147,18046079.05,17676815,29864248.41,51350524.73,71156760.52,65163500.22,39484441.11,24569867.18,12478672.24,15787204.19,36473125.58,55779314.63,20779205.43,19829373.83,27308464.71,21734766.33,17562161.66,,545044524.8
26151,2342244,9623144,1968168,5751243,4558083,2072647,4498578,5894503,1803960,2285794,5584760,3986768,593522,310641,6894454,3337396,2448570,,63954475
26159,,,,,,,,2141726,3099246,2293384,2385748,690707,503508,2949323,3026294,7324446,1243148,,25657530
26161,,,,,,,,1741181.654,2209413.701,1323310.82,1212688.266,2475230.855,1065681.22,1305137.468,501574.5644,1087366.488,1303116.924,,14224701.96
26163,,,,,,,,22296990.35,30985766.3,18390835.18,13663031.73,31840279.14,13076386.78,13658830.53,7488251.436,12687915.51,13188463.08,,177276750
27003,,,,,,,,114665769,94251320.25,73466253.99,52821228.46,45362987.18,48277210.67,62326175.55,105251101.4,134717647,165200488.9,,896340182.3
27009,,,,,,,,866883,1119604,18648923,423034,460583,3413309,6277956,4969037,2458489,2612918,,41250736
27019,6268123.143,19629589.17,7712430.335,25270600.85,24260783.22,31560417.19,83375352.05,22141077.59,7957592.732,9406854.79,5721814.872,7131038.553,6091151.165,15506600.55,12098993.8,34172163.47,30192037.08,,348496620.5
27027,1206600.013,4819402.159,1819417.443,0,2480760.778,1592720.535,1281545.538,116431.485,1499351.295,260234.746,1140570.457,1583086.021,1339361.057,2468966.782,513933.055,818496.4774,1168651.976,,24109529.82
27053,76844222.06,141448253,131650132.3,254764226.7,314527109.3,299732120.9,722330898.8,1127660294,776710642.3,640686521.6,775226500.1,589289492.5,613968325.7,642599098.5,986682172,1342407584,1569682729,,11006210323
27061,10922112,7119806,11387394,6874735,16209663,15852577,17517355,23110303,16319496,18641766,3700098,10717772,20635670,7785486,33312812,41116813,16255894,,277479752
27095,2845880,0,0,0,53277,2679176,6431621,6633617,3603143,2037007,4232762,174301,2340880,8035271,5142421,2344805,4792559,,51346720
27123,99151162.8,212346997.8,230882493.4,406553224.4,578067835.5,519958169.9,1312965969,498085871.5,360045752.7,323919465.6,301001508.5,307564777.8,282887616.5,322266161.4,496410140.8,807338477.3,748734208.8,,7808179834
28033,4438783.803,7067864.273,1705372.936,3203761.312,1394380.377,15739747.9,25311024.01,8085799.403,9257121.709,11599729.79,5373722.746,5704438.688,5656122.457,11545622.26,7621898.167,18680003.66,17942043.16,,160327436.6
28047,1335760,1363885,1925694,2038514,5189547,1452620,669609,816850,1880934,2256897,5719329,452275,896808,1482001,5267142,5614131,1500442,,39862438
28049,0,0,2007775.068,0,715546.6178,8880822.138,6957471.56,11073973.52,2214206.745,7743097.788,0,3676975.308,1406342.955,3996522.02,1757882.111,5270747.843,1745886.408,,57447250.08
28121,0,0,294280.9323,0,159797.3822,1525603.862,1041774.44,2241420.481,632149.2548,2102716.212,0,546534.692,272609.0445,724111.9802,495941.8894,1351200.157,262355.5916,,11650495.92
29003,1766796.65,0,79997.17881,0,0,885680.2791,924547.9899,0,1339116.236,27906.30589,92705.10114,0,88257.89489,283367.5332,826574.837,140185.2048,7997516.651,,14452651.86
29019,195794,1084494,3531718,15366,41816,1759280,1232031,2659992,299336,760931,1016248,0,0,0,572497,1989036,2507177,,17665716
29043,,,,,,,,4652329,10631634,1501396,3553700,1637960,28117,5351260,220836,992374,1978431,,30548037
29051,2032275,892716,405638,21763,82622,167283,663365,625730,82320,110717,4453,192814,111386,159123,41189,69680,86594,,5749668
29119,124893.0145,58018.4634,92231.54972,175043.2668,235281.7645,310230.1024,339758.4509,126461.8767,170209.3604,61316.17351,214499.0913,60845.98957,132069.6689,202597.5275,432863.9898,307186.8319,189652.7412,,3233159.863
29165,,,,,,,,6846027.612,4004637.357,3444302.846,13823087.76,10872500.1,3577882.628,4908222.654,4202322.143,2333619.148,4218320.322,,58230922.56
29189,628897701,610659435,241592799,105004566,162329919,77734575,163920042,51230268.13,47616727.38,52093088.89,58216325.88,70093007.89,45952853.52,27350334.82,25458305.77,54379450.2,54061836.69,,2476591236
29510,,,,,,,,115703224.6,99179831.06,116575259.2,128747890.4,138057545.9,88905408.66,66817316.31,55337850.45,114483261.8,119010251.3,,1042817840
30013,221179,28081,28663,58460,848570,226277,1530685,1419504,1568154,44520,157397,25742,399318,69994,2301631,334474,74742,,9337391
30089,102464,2019207,242914,2347014,4282336,648827,770906,735431,365744,573941,2542193,148953,2220720,619506,630638,5563649,704389,,24518832
30111,1545814,2797103,614879,473638,3312080,727904,922143,624371,436013,93048,242935,1293033,173333,518809,372169,542437,417278,,15106987
31043,3220594.901,1082765.407,1770839.25,746982.3908,1474746.198,1208327.929,2292373.613,206953.7172,16186.66745,225675.3672,173849.6374,181425.2409,115176.9128,185758.1946,939051.3136,542327.2325,307300.9676,,14690334.94
31055,735681.8867,5704134.63,7199513.484,6510638.611,5776103.641,19276546.24,9699405.733,4155585.518,23036477.66,9399925.297,7085689.614,4311153.933,9061671.049,29726685.47,26177526.35,49348630.67,15175986.96,,232381356.7
31109,194918,356143,5804945,1224669,281633,2485459,5133295,58624,934277,2918210,4349156,283159,583969,6096480,3030716,5317787,9802279,,48855719
31153,49788.11333,680039.3702,372370.5159,725137.3889,629902.3594,1725815.764,1283200.267,388056.4817,2946814.342,1711572.703,360450.3862,472518.0671,1313502.951,6081438.533,3388663.651,6434307.329,1846109.04,,30409687.26
32003,,,,,,,,36287974,40126186,48028204,47122710,147227233,89516126,88306611,68570601,17822319,48654797,,631662761
32005,0,0,0,0,0,0,0,0,0,0,526274.4382,353672.4754,54865.38574,232018.5818,553372.0517,154104.3161,75176.23791,,1949483.487
33011,223817903.9,240327919.3,216305187.6,156893403.3,197067465.3,186218255.8,177244145.7,95625657.06,116563616,134046708.1,127160384,185486544.8,176310730.7,133773179.8,189125326.6,241744667.3,286913982.9,,3084625078
33015,53289308.44,70963027.3,85242428.43,60800262.96,75671143.57,66023798.12,48496792.46,53588123.65,70532650.66,108820893.9,100825808.4,86153762.07,93355275.68,70840076.77,164436342.8,123277590.3,242455511.9,,1574772797
33017,180166.3724,87814.03867,240306.1088,187282.1805,1536621.616,255535.4047,1917090.106,461336.0223,4132036.525,250679.6755,618367.3658,1675799.505,668438.0045,514941.9875,1885870.563,81700.19253,351906.3298,,15045892
34001,0,0,0,0,0,0,0,0,1682867.616,774695.8889,35738.08292,0,1038256.83,100050.412,1472220.959,19869.52077,3367789.415,,8491488.725
34003,716755733.8,572618689.9,672982171.3,803669282.6,1031705502,879118831.6,683775409.7,741061679.7,700605421,629603872.2,614082779.7,648064744.4,726899032.8,908848596.1,1156618763,830234681,849534798,,13166179990
34009,,,,,,,,0,415364.3841,172190.1111,9679.917078,0,247129.1702,16853.58805,555235.0406,4886.479229,487312.5845,,1908651.275
34013,2808910981,2761734648,2790423643,3748979150,3577305209,3248439313,2738821072,3382340191,2906415920,2554477842,2880736447,2921171040,3054601225,3590601334,4665521415,3983889279,3500812006,,55115180717
34015,284768748.3,318667777.6,280883863.1,400303508.2,515132118.3,384369166.1,382336259.2,45533433.85,35634162.38,57387539.8,58688046.2,81293328.06,69065983.06,71467712.45,84955784.69,56197497.46,69218183.37,,3195903112
34017,2597465177,2693498687,2855750710,3504821236,3955387638,3526598085,2827577514,3134111294,3033196003,2694884652,2918163654,2936484523,3083123204,3906820334,4856576670,3713309205,4165013115,,56402781698
34019,2331648.013,476168.4406,2492278.032,629828.1997,632294.3554,1892542.454,2745708.556,499912.437,4037455.412,2269578.143,542876.2419,1365389.834,165527.6971,1846726.118,1213867.516,879480.673,1636890.98,,25658173.1
34021,456899353.3,425191523.3,400864996,682692095.6,841650266.2,589179656.4,472914860.2,557550205.1,534570218.7,449075605.4,345867565.8,420278968.7,506320642.7,460470341.5,740193098.6,515393569,587538839.9,,8986651807
34023,562313729.3,548200633.3,617908410.8,741814776.6,752744667.5,739001575,606482003.4,687415642.1,728941497.4,524427032.7,569271291.7,591448531.3,608666264.1,820399416.7,1077330920,814829676,721353912.9,,11712549981
34033,,,,,,,,15078268.15,20000681.28,16163073.85,18097374.95,43578016.37,38381195.67,26514797.73,41599148.92,33626327.5,34778518.26,,287817402.7
34035,127243006.3,127497738.4,103998126.6,145073465.2,195458897.1,182819377.7,119256817.6,213178698,133762948.9,148693074.7,139456271.8,164236592.8,115986189.4,194145024.9,224370769.8,135304829.2,198468934.3,,2668950763
34037,0,0,0,0,0,0,0,0,0,4760879.562,233836.415,354190.4886,266008.6649,342645.4439,712527.7598,1209965.482,1937399.11,,9817452.926
34039,590753183.1,473605611.2,502662286.7,684645618.8,733777624.7,600867596.6,471733876.1,537407679.5,542588805,436671911.4,627017425.5,558451200.5,534951467.8,694426465.7,847737864.1,532300333.2,687680622.8,,10057279573
34041,3819987.097,809197.1779,3233428.7,1570425.586,390324.6658,3588087.408,3898383.86,698238.9306,4186914.767,2342321.032,927500.2902,1448378.035,181197.6294,3403175.353,2756527.147,1360038.877,3202896.336,,37817022.89
35001,39012304,30422796,17830698,32580654,200811222,52130898,20855320,24719634.78,22230436.18,44902337.23,13847079.81,39844823.31,7518402.841,86886363.2,74985620.78,142989868,26626687.66,,878195145.8
35013,,,,,,,,600203,2612916,1170198,1086981,1087553,747428,918386,131300,135574,618114,,9108653
35043,,,,,,,,2823083.216,2884941.825,4338782.769,1197822.191,3519580.691,855391.159,9082234.803,3240955.224,17761681.96,3396718.339,,49101192.18
35049,10561554,117835,428591,2360637,759583,702629,2208850,222079,501077,495859,2919120,0,192834,463461,835950,0,0,,22770059
36001,,,,,,,,6982644.23,26427843.68,21792911.3,24847938.22,22739508.78,17799844.42,50786674.11,13654449.58,16433397.46,36699516.29,,238164728.1
36005,10082149415,9795113188,10051773116,13374069983,14446184400,13139351306,10163594021,11737782900,10557190634,9578236849,10267121498,10637201594,11189235364,14160389532,17062785181,15128436281,13425288549,,2.04796E+11
36007,922779.7663,0,0,2565233.576,13892768.91,17387888.68,0,0,0,8880588.014,262898.2338,16893.06879,7976017.304,0,21674483.78,1649116.574,16901278.7,,92129946.61
36015,0,0,0,0,0,0,1580392,406595,193960,2908736,480769,485141,160613,1127521,338036,0,0,,7681763
36027,,,,,,,,381001475.5,396496356.1,427593641.8,378441675.2,381249752.9,354617514.6,475747536.3,506836304.1,461849986.2,442196526.3,,4206030769
36029,,,,,,,,49866778.07,37124249.37,23185173.61,23107650.98,45661232.33,60212607.8,66458110.15,46436041.12,63122796.14,45968319.84,,461142959.4
36047,21998139798,20609875374,22341158738,29450677607,31040189533,29361875899,22085770792,25117519215,22867667749,21756434058,22621049749,23070854665,23738154098,30101726615,35612443892,29992858810,27984869724,,4.39751E+11
36055,10221685,12416927,7613832,11404121,11300901,27629509,14536576,22706055,35205925,55237763,12900798,10445779,16056299,7672415,11091636,15418389,27805096,,309663706
36059,184038299.6,189104214.5,165126343.4,292052427.7,268559122.1,305789319.2,283144777.6,871010938.7,1047645393,790187568.6,815958414.3,776771610.7,841410360.2,976955934.2,1200429707,972958143.7,883688175.7,,10864830750
36061,17664822230,17260285079,17991739547,24047545961,25056665490,22462075568,17318443879,19897884907,18212521637,17146205331,17644140438,18113086994,19129074529,23542190196,28180760496,22920516072,20682574100,,3.47271E+11
36063,,,,,,,,7991919.928,6022022.634,3778920.39,3246951.025,6279493.665,8230438.202,9271729.85,8329742.88,7787453.863,8253156.156,,69191828.59
36067,,,,,,,,12965749,28846435,4394543,3511337,6448433,12224226,17510308,7456988,10210865,3138148,,106707032
36071,,,,,,,,3343836.36,6230516.527,3967092.282,4944285.479,9176169.265,5587835.28,1204780.38,145246.0363,196706.1036,2833787.172,,37630254.89
36079,167814.8327,136736.9543,1329719.767,3424444.348,321553.4229,864008.1248,88258.92448,29339.84619,17349.50752,91448.7398,424614.1409,39559.865,201360.9848,37707.17792,11664.93491,362257.6062,101903.358,,7649742.536
36081,14722933782,14159046435,14339371473,19253424825,20876508144,19050839946,14673205791,17333980931,16231463546,14629263813,14245659239,15043680668,15376353127,19364645216,23091796863,19071924578,18391522989,,2.89856E+11
36083,2037486.344,7864973.769,7884389.829,20643871.89,33537506.17,25814046.32,46346992.32,3802146.795,13401668.56,10299801.21,11141637.05,8903094.524,7474851.175,23298469.61,9819393.987,7276337.284,18014760.48,,257561427.3
36085,1190345141,1088296742,1153134438,1427381362,1815946515,1455759614,1142083416,1383940317,1322977675,1139067781,1256235965,1252872736,1277431791,1433163161,1782398344,1574928264,1367055482,,23063018744
36087,,,,,,,,258063621.3,266984948.4,226042419.1,265695518,241712879.1,268175613,341260921.2,339718768.6,342212291.1,227988099.2,,2777855079
36091,,,,,,,,1530104.06,5522126.118,4303101.268,3312009.64,3316541.742,3725788.807,7054429.956,3152412,2247751.177,7919307.292,,42083572.06
36093,3400825.656,9158810.231,11552678.17,24274636.11,55501925.83,30871717.68,52526131.68,4787160.914,16796429.64,10792198.23,11904423.09,8236174.958,7275427.595,26657886.33,9702292.43,9649346.08,23821051.93,,316909116.6
36103,371227483.2,266114614.4,311664254.3,399648757.6,383765409.5,403555548.3,297235528.4,719042920.8,795407914.1,695268219.2,673315285.8,668484867.5,624827703.1,905383888.1,1088630510,1122198621,701356898.9,,10427128425
36107,110618.4721,0,0,894332.191,3702009.926,3784737.808,0,0,0,442204.3429,16386.39521,1452.887219,423431.4082,0,2227773.931,97773.55616,987972.6528,,12688693.57
36109,1132371,2873151,4017777,334431,1080885,469445,6039462,707864,165121,271124,1146710,3607902,669816,6110982,6098398,334918,2641986,,37702343
36115,230364,268619,136309,344531,1673029,119341,751516,200678,439780,356769,496577,170236,817890,896756,1968267,570470,62416,,9503548
36119,130608747.3,147966990.2,162705423.9,183619882.5,187825130.4,240961586.8,172104572,2548137416,2427974706,2212368404,2318374666,2277466094,2675066461,3170861878,3472426112,2868328827,2782757762,,27979554660
37003,0,0,0,0,143637.9195,132150.8626,1452661.373,577929.6951,58274.5514,314132.3035,101703.1467,38725.83017,404780.1009,60880.09389,276228.6263,229891.824,228411.1058,,4019407.433
37021,,,,,,,,1447621.262,11648535.07,5765920.566,487622.9316,1676653.763,2200116.49,368132.6095,10822080.74,3000387.46,12530470.06,,49947540.95
37023,0,0,0,0,318925.1331,320344.3284,2742160.721,1498865.76,376384.538,1190677.959,339347.4971,113276.7251,952326.5112,121877.2495,1071873.424,527419.4604,993815.2087,,10567294.52
37025,306912907.8,540613293.1,537823437.2,159335108.3,185194537.9,137539509.2,132904498.2,28549999.53,49823322.73,64638789.36,138777802.9,174134473,156892007.2,66868125.24,38297405.62,28033555.35,8641627.991,,2754980401
37027,0,0,0,0,348834.9474,320937.8091,3527891.906,1403543.545,141523.9105,762892.7371,246993.3562,94048.44471,983037.3879,147851.6566,670840.9496,558308.7155,554712.6855,,9761418.051
37035,,,,,,,,26693390.46,66720982.16,80900566.64,206974295.7,153771696.7,148891889.2,81634497.24,44723400.1,61988573.92,13512991.35,,885812283.4
37037,82065597,90236025,51172680,52888020,59341728,66089424,7483806,1931616.441,1359845.749,175830.0702,127048.0019,223679.6452,1020955.222,2056370.886,928311.9784,488933.4342,747431.3425,,418337302.8
37051,,,,,,,,6239701.511,3358702.573,4015155.431,4056562.357,10466836.86,11391863.93,1020100.221,2565529.828,5016277.711,4092035.311,,52222765.73
37063,,,,,,,,17123118.67,13740755.97,1374739.768,1580499.741,1441094.344,11525165.95,16113145.01,8953203.411,12886511.77,9696649.812,,94434884.44
37067,,,,,,,,95024,966008,244824,306600,0,6663821,0,783411,573454,0,,9633142
37071,,,,,,,,56043325.54,110966323.2,114292329,302585703.6,311106774.9,272468556.6,86261892.47,74678922.12,77270645.15,30329114.54,,1436003587
37081,,,,,,,,8653151,3217851,1632994,3384873,8772193,8188699,6132012,12124947,10218746,6633298,,68958764
37087,237671.1489,642964.7712,2659820.388,477081.9733,3572.808654,0,6064499.122,342218.8343,3609463.136,998582.6341,188922.3699,328291.5236,637797.6108,105685.7159,3013858.401,1240983.891,3429055.121,,23980469.45
37089,400167.5151,358847.4733,3933612.195,632471.7862,3592.824837,0,5056856.66,575536.6752,7691178.068,3348971.473,329334.5754,666526.9872,1006558.136,169913.6034,4306793.843,3065830.923,4382615.691,,35928808.43
37093,,,,,,,,1306090.489,767961.4268,937676.5689,1078783.643,1963867.143,1633560.072,227213.7795,489390.1724,906520.2894,712704.6886,,10023768.27
37097,343980250.9,866406735.6,829156528.2,360135021.5,250380216.8,225479154.3,163760705.7,32746122.84,55978612.91,47936567.82,128525484.5,209265787.5,133372271,65383736.06,40349594.12,52515338.94,19854130.04,,3825226259
37109,,,,,,,,13767043.53,20362125.82,14364739,56381759.32,102835565,43978949,36928594.13,27451870.16,27223546.25,3544423.509,,346838615.7
37111,69947.52167,206815.4363,940085.3886,180076.3337,1843.090158,0,1491548.135,185807.9534,3749579.918,954232.9756,120007.1963,396857.1122,384360.1421,52980.25272,2371037.934,613837.7127,2622077.764,,14341094.87
37115,89126.68083,241111.7892,997432.6454,178905.74,1339.803245,0,2274187.171,128332.0629,1353548.676,374468.4878,70845.88872,123109.3214,239174.1041,39632.14347,1130196.9,465368.9591,1285895.671,,8992676.044
37119,,,,,,,,194955840.5,464019390.6,678398301,1139512836,1302198085,1033756059,530320676.8,352874084.1,407484357.1,130572656.7,,6234092286
37129,595541,0,1085859,2745912,576242,2586036,6328209,565991,994234,4820681,7125641,2832203,682292,1926800,5228699,5234768,158142,,43487250
37175,103747.1335,93034.53011,1019825.384,163974.1668,931.4731059,0,1311036.912,149213.2121,1994009.129,868251.8634,85383.03805,172803.293,260959.5168,44051.67497,1116576.182,794845.0542,1136233.698,,9314876.26
37179,,,,,,,,16137977.74,28840805.7,45044514.37,79945314.08,88044090.95,76607921.43,51519970.92,17098552.01,32221870.59,8303030.679,,443764048.5
37183,,,,,,,,22986012.89,21045822.28,2362144.162,11939565.26,4676662.011,24021110.82,31472094.1,30810022.61,39464802.8,36563455.85,,225341692.8
38015,769484.1667,1084767,644152.25,74160.16667,918678.5,2570726.917,2862638.167,932664.0833,815625.6667,1579409.833,2385057.333,1193348.833,856876.25,1149001.25,2364154.167,346938.4167,504177.6667,,21051860.67
38017,2050797.987,4022199.841,1432808.557,0,4088517.222,4003403.465,2507034.462,427424.515,4316662.705,733927.254,3479585.543,4328283.979,1619088.943,6936559.218,1964866.945,5063675.523,4147348.024,,51122184.18
38035,362147,259675,144255,24435,450838,2812097,462057,423264,1280770,274452,493579,360858,462995,1288792,5213060,3690695,570867,,18574836
38059,202495.8333,285465,169513.75,19515.83333,241757.5,676507.0833,753325.8333,245437.9167,214638.3333,415634.1667,627646.6667,314039.1667,225493.75,302368.75,622145.8333,91299.58333,132678.3333,,5539963.333
39011,0,0,0,0,0,0,143691,434693,1277888,1028971,134612,391038,967000,1579162,1533587,446718,1317779,,9255139
39017,,,,,,,,15507831.35,23740031.31,28454036.28,54372220.66,28182242.36,5118013.192,8924930.861,23526674.81,15385467.4,18314254.57,,221525702.8
39023,,,,,,,,2827852.164,2055588.86,3141636.702,2751075.893,9156754.911,7062176.06,8383768.937,10001100.21,13414261.14,5064291.998,,63858506.87
39035,146229072.9,224545466.1,219160928.7,254774087.2,192960840.7,267752042.4,59663614.15,96872681.57,197361385.8,171057967.6,240024039.6,177538523.6,174099597.3,262711557.1,140686736.8,420248335.5,557633987.7,,3803320865
39041,31682087.76,18149671.95,38871805.45,58809293.39,117810254.6,110197593.9,77452405.58,9790657.13,6845643.691,10660888.12,9462658.734,4045776.986,8014284.499,3197301.698,15935398.86,31494307.68,35369665.49,,587789695.6
39043,,,,,,,,0,0,294586,463548,88555,0,240000,52545,51636,0,,1190870
39049,13192482.81,8257016.631,14103064.35,30097793.52,54198401.04,58323542.23,42811326.84,170871556.7,166240618.2,165495106.3,160568133,95667876.39,228912215.8,52883366.05,225130144.8,406116889.4,503984020.9,,2396853555
39061,,,,,,,,129393121.2,127285057.8,161842360.7,406540466.8,204866388.8,44205377.87,41830027.06,164074968.1,105462596.2,155912658.1,,1541413023
39085,33946214.09,55063815.91,47071857.28,42642087.81,29945486.34,39399309.63,10977730.85,3690202.841,6642350.429,5250940.53,9698243.158,6128141.189,6090520.216,9173034.358,4032622.69,15223947.54,23424253.02,,348400757.9
39087,,,,,,,,111986.4566,1221178.731,2088646.154,1217602.006,944517.4699,285157.0859,1630514.838,636286.8073,1020695.441,1792229.389,,10948814.38
39089,7796566.766,5718168.982,7217928.202,14556882.61,24659609.68,34709918.14,17259623.65,13199857.95,14341567.87,13833415.98,14145311.13,6873038.041,14214398.55,4395633.961,20989606.98,39098743.23,52791577.96,,305801849.7
39093,,,,,,,,7658536.592,14929420.82,15209609.9,19134132.27,11677198.23,11163346.5,15989357.5,11189755.53,22028283.98,32277704.28,,161257345.6
39095,3632379.832,888501.8431,7857.859317,3805655.006,784424.3312,7720885.189,533867.9348,25734707.09,11651629.87,552660.1539,5999899.897,257725.3054,1981478.655,9338401.129,2386520.642,2063312.859,2753224.216,,80093131.82
39097,1038642.367,1059305.691,1499756.179,7159063.901,6188980.714,3889280.569,4435780.319,3961020.142,3402060.115,6226743.617,2973136.96,2868917.229,5448475.732,1142498.886,4576893.493,8342277.623,16999885.43,,81212718.96
39103,4197359.272,7761231.025,11180430.94,20497612.04,11988239.33,16157368.27,18212892.56,16205039.43,10072503.13,6667630.546,7454758.371,7346622.725,4838815.109,4770299.148,1765511.205,4614208.305,2328537.341,,156059058.7
39113,10914602,9611120,15378880,25637216,47594590,52803366,9892226,15547829.84,9271781.14,14890493.3,15275360.11,48317833.09,42425907.94,40535577.06,70614349.79,87132920.86,31660300,,547504353.1
39133,4565093.757,7352391.639,5520436.622,21981506.92,16765995.86,20945984.88,15724618.19,15255305.11,12484373.2,9442137.226,7508742.35,11173383.8,3776966.33,4342629.299,2109598.297,7231981.005,8456437.923,,174637582.4
39145,,,,,,,,19160,0,0,252051,111366,713695,19307,492771,0,1349999,,2958349
39151,11758400.69,10900962.82,10494956.91,26221649.55,16543569.5,38552099.79,25631388.45,54338860.62,37834311.97,33236162.09,20993549.07,37597896.04,19957638.9,14484286.67,8402287.718,31083851.17,18026027.18,,416057899.1
39153,,,,,,,,79890074.9,49245978.85,39506816.36,28007566.05,37995291.52,23803863.3,22425746.98,6258294.683,26311704.54,24150870.44,,337596207.6
39159,865535.3054,882754.7429,1249796.815,5965886.584,5157483.928,3241067.141,3696483.599,3300850.118,2835050.096,5188953.014,2477614.133,2390764.357,4540396.443,952082.4048,3814077.911,6951898.019,14166571.19,,67677265.8
39169,6104571.276,8232724.512,6656274.53,19253920.49,9309352.316,19503850.95,14273057.34,17440475.83,13298554.51,14058472.87,8568508.343,8991558.217,5817402.045,5825523.674,4483132.186,6594923.607,9425000.212,,177837302.9
40025,681534,0,0,1571095,4207958,1986511,1164826,447499,609206,173515,405697,1136753,10236,0,0,0,0,,12394830
40027,78218,0,11190,64996,84117,102547,1613218,343866,209683,0,0,0,0,2357706,162644,82768,0,,5110953
40079,109852.1151,84303.61576,216404.3692,54830.46516,731348.4905,186711.793,960325.2664,377517.5184,472428.8876,87303.0591,185869.8541,331436.9076,270422.3181,186142.3376,900147.8849,276848.6159,554481,,5986374.498
40109,,,,,,,,1652781,8619931,4768534,1437412,9516235,35596204,60965024,28982078,6353806,8586507,,166478512
40135,131435.4753,47913.50192,79537.17225,25452.24869,577326.224,145566.2234,1030357.454,181428.3219,173933.1329,35966.81634,59222.20009,137446.9701,105080.1349,71750.20275,409083.7878,150149.8777,156608.4296,,3518258.174
40145,7074302,2730204,916519,3120187,2491974,1016337,4860822,11436250,3725658,3103649,1585368,1463399,8055603,1982796,1948172,7986300,424981,,63922521
41005,,,,,,,,17798,787344,1191732,368345,15991,839237,549624,64310,447338,1214810,,5496529
41009,0,21300,295460,103590,475291,241466,701750,255057,3023137,759623,400513,84709,330285,533786,2278851,3186166,656629,,13347613
41017,0,0,490466,129526,489174,451366,10488,1510423,369805,0,435742,2187478,352106,2923625,45696,945151,1639677,,11980723
41029,,,,,,,,1035173,1867805,2024241,2199863,398406,675280,2213271,1871068,9780509,4650728,,26716344
41039,,,,,,,,19652084,3187931,11059519,25224151,47383898,36159620,10826381,3170209,9593169,23267845,,189524807
41047,,,,,,,,2846644,5076737,5515575,925379,1543458,810100,2217416,13135053,5831508,2505921,,40407791
41051,88872610,135874806,406017688,669221394,454759218,167307266,233135920,485896168.8,643920952.6,664762802.9,431655716.9,330149764.4,160676007.2,243980730.1,303673835.8,365825969.5,287495524.2,,6073226374
41067,,,,,,,,98703409.24,157955669.4,150212651.1,104065321.1,65865293.64,30492380.77,42860031.89,65559612.25,75267692.52,64368155.83,,855350217.8
42003,144698868,63773462,129521941,141885128,151178497,175150157,180342588,143354096,70129022,76552571,68454971,87687246,98266077,136912349,104135999,87873510,97888941,,1957805423
42011,,,,,,,,12052009.81,38688650.69,21186834.69,7256021.326,12704862.51,1943235.733,28880944.37,18234764.75,12081890.51,20961215.5,,173990429.9
42013,,,,,,,,182579,2162935,298113,86803,622592,1089755,3975705,5570818,430802,2985592,,17405694
42017,22313917.48,6297850.36,17601655.61,7491768.71,3839757.717,29864961.11,17649203.69,6586311.225,21950261.73,18798847.71,4079063.589,12171719.57,1997056.853,26845217.17,17949687.4,16911165.03,19592308.83,,251940753.8
42025,1803036.012,615044.7236,1212640.157,732979.4449,360430.136,2094883.149,1230769.567,785896.0788,3298568.624,1368229.77,454362.3031,945419.9997,143309.91,854647.0712,1182795.551,464338.6212,1165712.58,,18713063.7
42027,1073470,380750,1014082,2023983,2581870,1439360,3098347,13713684,2366371,2924584,10428388,13731964,14988112,5689016,10042054,4639628,3905975,,94041638
42041,,,,,,,,3147655.957,1379425.674,5145993.991,1229857.998,1845293.123,1928867.33,5053218.818,2012035.524,8108624.082,6225625.022,,36076597.52
42043,,,,,,,,6952400.191,3194879.807,14598228.18,2468552.643,3386276.917,6922633.404,7915789.66,4498353.884,21068648,23101600.33,,94107363.02
42045,922098624.3,917367312.4,1087835603,1188056224,1224339005,1141462546,1092940577,197091838.8,196177091.6,187791877.9,306318270.4,311159795.2,275500581.4,450166814.4,357532994.9,356992454.6,363277277.8,,10576108889
42049,,,,,,,,1969972,7090899,7826276,22245993,6283425,6404322,14479521,9802587,7496057,7538639,,91137691
42071,,,,,,,,6121845,3119457,2126308,2179216,4943525,9030386,12339678,17085245,18801290,6738580,,82485530
42075,,,,,,,,4492833.815,1062715.079,4328728.329,612691.9503,1379044.104,1854281.075,2764194.607,5384452.018,6543421.709,8490924.921,,36913287.61
42077,7545565.116,2011611.466,6174647.127,3260160.132,1779977.084,7272790.309,3715931.342,5881381.031,28693216.21,18716721.7,4898071.873,7596710.396,1647437.686,17981561.17,14109961.44,9420095.693,13514857.68,,154220697.5
42089,4706854.286,1920151.832,4640798.377,2157389.927,920808.0421,9683447.574,4494730.986,2234466.784,6658523.522,4850309.101,1831731.213,2748170.357,276127.5225,6604333.854,5265096.783,5060940.677,2390287.885,,66444168.72
42091,246275578.9,256385652.1,197318224.1,303872049.7,376021977.7,398781639.4,289663822.1,135467239.9,147676880.5,124698738.1,236816535.1,250777547.1,223932991.5,261315272.1,278438587.6,206440393.1,212314189.3,,4146197318
42095,,,,,,,,6520388.706,25003219.04,15541672.29,3360153.749,7676045.815,1369728.304,16853013.45,11885977.65,7672966.433,14311479.1,,110194644.5
42099,,,,,,,,687886.0366,262162.4398,1224371.498,220402.4085,325643.8563,413617.1911,1056208.915,497894.5739,1571606.207,2026591.725,,8286384.852
42101,307670528.4,366845362.9,374499465,472614193,451677308.5,400052253.4,464375255.9,1455858169,1344889252,1292511893,2013070206,2352579922,2458239435,2887526420,2899130269,2318439627,2452192987,,24312172550
42111,,,,,,,,3172835,1466075,16385097,4678327,643212,2834428,2694883,7140353,2292732,3061388,,44369330
42115,208940.7616,0,0,1134487.233,5603243.165,5208848.511,0,0,0,621313.6431,19533.37097,1019.043995,731036.2877,0,1508975.284,139734.8695,1239102.647,,16416234.82
42129,378202,1139082,1105329,2326653,1972996,4650937,1056107,899176,666889,1255935,710830,3950500,5047155,3596992,221702,1182098,808084,,30968667
42131,,,,,,,,465977,12443374,2397445,3302703,7446729,1268481,2390571,7792518,6292971,9489798,,53290567
44001,6791350.5,13109603.29,7578872.206,6859859.471,18624085.76,29435152.68,49731368.82,4418781.896,17585871.52,3686901.205,3689777.407,9649793.746,8200452.923,4820218.633,4828765.024,16139044.88,10015232.31,,215165132.3
44003,,,,,,,,17302072.87,61330971.85,23931340.55,11185554.47,27765441.78,42839734.51,13987383.41,30699101.29,39559239.45,52671212.42,,321272052.6
44005,14242829.95,27491746.94,16155006.25,14684989.74,38941270.24,61546228.32,104117661.8,9508954.722,37770938.62,7716347.555,8168316.603,20783451.28,17441971.67,12228207.63,11226753.4,35732846.01,21714432.38,,459471953.1
44007,,,,,,,,422249944.9,447936155.9,635065870.7,706500257.5,684192526.3,710630524.7,580980547.7,941267010.2,751002403.9,1703729840,,7583555082
45003,1961934.247,268100.5896,53849.53237,166569.2551,1139200.464,2213872.546,2934396.01,716822.9589,507895.0013,73443.15126,192364.3984,2714107.904,2357935.155,13035200.74,6976881.934,853385.3956,280204.3696,,36446163.65
45015,,,,,,,,2728871.688,261261.962,2292175.491,362315.8647,3197497.088,3301478.791,11251087.96,7909869.675,1616609.236,4576235.319,,37497403.08
45019,,,,,,,,6596777.091,838046.5627,5203602.127,873512.8551,7099632.444,7197665.35,24700959.61,21372795.48,5177811.505,9354517.281,,88415320.31
45031,2039747.918,235872.6531,313590.2041,175008.6531,2569790.694,1108766.041,1083397.224,313799.1837,260962.6122,265836.4082,785808.3265,109933.7143,187000.8163,921796.5714,525417.7959,508980.2449,1632330.449,,13038039.51
45035,,,,,,,,1238203.221,107135.4753,893635.3817,179100.2801,1168603.469,1309140.859,4163874.426,3500896.846,946311.2592,2354354.4,,15861255.62
45037,356715.3176,48745.56175,9790.824067,30285.31911,207127.3571,402522.2811,533526.5472,130331.4471,92344.54569,13353.30023,34975.34517,493474.1643,428715.4828,2370036.497,1268523.988,155160.981,50946.24902,,6626575.208
45039,,,,,,,,9341.241388,4492.935417,150210.0562,14647.16225,0,1348779.224,591858.9047,72961.08045,221768.8539,300366.8295,,2714426.288
45041,4206980.082,486487.3469,646779.7959,360955.3469,5300193.306,2286829.959,2234506.776,647210.8163,538235.3878,548287.5918,1620729.673,226738.2857,385689.1837,1901205.429,1083674.204,1049771.755,3366681.551,,26890956.49
45045,,,,,,,,4976538.176,1995153.02,3115701.004,1964340.173,883968.7379,846456.3289,352592.1892,19718603.81,3605733.336,4900622.292,,42359709.07
45051,,,,,,,,1714646,739639,764215,168461,357226,2122424,220667,367166,1837977,3797552,,12089973
45057,125663129.3,286377545.3,243670204.7,88867779.23,95119920.33,56210138.47,53124152.11,22711262.65,32820418.37,64336987.82,88753559.6,113027378.4,130049738.6,48461392.39,39159125.55,27093824.12,8247310.054,,1523693867
45071,509115,1283757,29281587,20674998,83055,11221611,1088442,25365.47376,19940.21353,440581.8998,37980.41221,0,2346072.193,1338631.058,243806.7188,308552.9265,593413.4607,,69496909.36
45077,,,,,,,,1152265.824,727332.98,1068322.996,654261.8273,311539.2621,239187.6711,190893.8108,5539280.189,1155748.664,1506801.708,,12545634.93
45079,,,,,,,,200988.2849,199729.8511,4480894.044,503305.4255,0,37871582.58,22039972.04,3763217.201,7520037.22,10940871.71,,87520598.36
45083,919395,125533,0,595096,0,1712265,190927,613953,725850,302464,253662,728640,529294,272136,667852,881698,330861,,8849626
45085,2702058,1295978,3196365,5930461,3618065,2331958,573395,153697,51671,686276,555683,654655,224947,1346601,504931,220918,2546960,,26594619
45091,,,,,,,,31837774.23,51984844.49,91813609,173070040.4,275641849.5,102019588.3,81096463.73,49175544.26,74873802.56,18701091.13,,950214607.6
46103,933881,711408,2485655,1389073,5832166,3152699,91270,381320,2034419,552112,2697631,674517,2627856,2834574,0,67894,938597,,27405072
46127,1599271.099,500157.5929,906483.7504,262889.6092,540107.8022,845424.0711,1040440.387,81203.36489,4259.283291,94691.58553,36494.75148,17185.83445,45534.49678,89943.86625,185086.0524,407025.8418,48049.99983,,6704249.388
47001,,,,,,,,1936627.656,2882592.084,1274567.445,325139.0943,792682.6653,304696.3755,2695530.102,536317.6721,1639005.814,873566.6271,,13260725.54
47009,4806298.571,7819539.205,1101196.159,3378334.905,48761633.57,30504628.16,33709813.06,2332748.232,2900381.134,1519304.208,442129.2693,959955.0313,686093.0908,4662137.024,742073.0407,1203325.893,968327.6973,,146497918.3
47011,0,0,0,0,317305,244811,283955,12891,317254,238178,184050,887096,548440,270363,10230,248926,38848,,3602347
47019,1182960,734444,289180,783750,196904,4974646,447190,516224.3366,246584.7783,302339.7917,939112.3434,2622309.146,1552367.901,274250.7921,2307383.025,1451501.216,2105906.753,,20927054.08
47037,,,,,,,,33424161.74,79369052.49,52495754.32,50079436.12,23220266.69,20123431.58,59878067.7,173199948,62417935.28,72353074.44,,626561128.4
47063,0,0,0,0,0,0,0,0,1568724,18302,136935,1031934,391502,1391294,864484,1461707,153158,,7018040
47065,,,,,,,,12494351.91,15893898.43,34159254.39,4388920.172,7915689.146,5075431.591,8302009.723,12093674.68,25497006.95,10237659.14,,136057896.1
47073,0,0,0,0,0,0,1919554,405901.4393,5791.264203,7600.141538,62052.32429,168563.7822,889470.6122,2012005.231,3651598.302,698684.9504,101549.5926,,9922771.639
47093,,,,,,,,27176803.2,20738584.77,22281514.82,2984920.75,12797232.9,4708815.414,44273469.48,6587578.945,21618268.24,13026331.34,,176193519.9
47105,6957511.94,5187691.584,1396665.454,3962079.501,39367317.71,32819667.91,19649596.09,2004651.831,871152.7439,1515251.529,299227.4418,533881.3719,336249.2025,1880786.175,268113.1025,2084995.874,469146.7676,,119603986.2
47109,1179706,209049,66749,229203,211754,2431413,2132558,657905,308881,228478,890459,165106,38170,1102499,127452,1492772,558700,,12030854
47125,1910353.059,851729.608,2292017.892,334890.5619,247434.2884,1778748.045,3435096.402,611908.8305,477784.3577,408630.4651,525336.832,2729106.047,3823156.72,4657952.61,2201181.687,6435054.317,1277006.739,,33997388.46
47129,1583914.008,1434076.189,250310.7306,991723.7482,7090835.161,5852177.543,4311341.921,780445.7145,563674.5527,759126.7568,123775.6051,404839.4863,199041.5478,1087774.021,173158.7606,567312.8309,284036.5798,,26457565.16
47147,50795484,33097599,55488876,98967684,69885681,21088785,143620752,1644238.353,4860728.22,3890647.666,4238026.639,1284872.096,1787034.343,2522655.369,8192320.409,1651902.845,2459342.356,,505476629.3
47149,,,,,,,,207337,2109169,1127798,1026191,705727,731153,1938681,622470,1086534,2225974,,11781034
47153,659486.7711,1099869.959,792333.4595,1448416.195,2286723.503,2062251.918,1844878.617,345418.1659,499053.3324,856235.6169,112741.6299,188683.1742,105334.373,250868.6804,441193.8433,530835.3357,203190.2297,,13727514.8
47155,4134055.481,2521989.023,484171.6557,1986871.846,14353737.55,15067306.38,15976368.93,2080921.361,2294276.718,2368115.243,240063.8391,526302.5435,245296.3697,3282999.195,500302.4792,1276109.348,1160644.988,,68499532.96
47165,,,,,,,,5353104.908,15181054.29,7580018.017,8796369.245,4389055.215,1781302.076,15964037.93,24038779.59,8225070.878,14011970.2,,105320762.3
47179,,,,,,,,542631.6634,226825.2217,294426.2083,967027.6566,2705796.854,2153990.099,711129.2079,2219190.975,1020904.784,1710627.247,,12552549.92
48021,0,0,0,0,0,0,0,0,0,0,0,0,112021,393473,98034,75776,0,,679304
48039,88842,493053,102361,421764,279870,1111080,2889395,2744748,641229,625653,3196378,0,697977,157326,367695,8930193,2276900,,25024464
48041,,,,,,,,2621496,0,0,488530,1381360,3273548,2454463,1754756,9138265,16653551,,37765969
48051,,,,,,,,0,0,0,0,1125880.353,67145.6665,42206.21509,25070.89139,27187.14205,286292.2576,,1573782.526
48055,8723675.942,7928872.652,6071492.312,8299471.066,7096838.325,2767583.012,1556281.692,2638229.737,2316901.243,1580054.33,2027787.656,4325198.992,4922862.523,9234268.859,6554769.061,6641146.558,2552272.097,,85237706.06
48061,1973183,665332,5625027,3365193,1455501,6270126,13547655,2441533,1424682,2240744,5870658,1480376,726075,270156,1831627,4099935,180051,,53467854
48071,8671797.365,3310597.405,7826029,8958855.658,7962283.913,11185702.08,9589691.292,5318978.481,8928653.792,9817901.369,3190321.952,1728412.831,2316645.725,2019175.052,2161301.09,1226193.752,1131600.377,,95344141.13
48079,3275858,4480225,345817,247071,2790424,3596355,546713,1663318,2749448,303841,51099,655711,4003580,1982035,1745325,2761974,1042399,,32241193
48085,,,,,,,,27949954,10981792,5246830,4340954,12460778,10094237,2872255,6177219,4462963,1788587,,86375569
48113,461174714.6,621605908.4,1404904705,2077032034,2641417038,2080724714,1362294357,1097992978,958840070.5,779727306.7,758957786.2,758895128.2,1068878414,1290711402,1510762044,910845679.1,1050365033,,20835129313
48135,0,1780453,77144,94050,1891308,1863799,259573,155003,5507831,1741604,1561799,626882,682975,1483240,1133770,165545,1529469,,20554445
48139,21702339.51,32363092.94,49613697.64,86474607.38,124631680.2,117623348.5,47182097.99,36845617.03,23313650.02,15586579.69,14023367.49,18325504.65,31850419.39,37521271.34,40853108.01,31819055.61,42521170.86,,772250608.3
48141,,,,,,,,9305350,8223962,44312269,7632200,4091239,42064791,40565209,95389098,22744628,509719,,274838465
48157,22578628.31,19799774.73,40512432.9,33034954.73,37184090.02,37704116.7,59294162.08,50815093.13,92908324.34,35603596.7,21375226.55,16969228.29,8699870.975,18383257.94,18902121.82,17931328.86,13949793.3,,545646001.4
48167,2250963,983341,967933,0,392849,2280200,694654,3013618,3055053,659322,3134206,3350212,4810218,1450880,23735,80115,41066,,27188365
48187,12636869,24261617,15017582,26612434,15182925,33192431,17758705,38819982,52086066,36625680,32267625,33532891,183177998,78562370,34713371,24934445,41277956,,700660947
48189,79313,3156751,225236,72224,228956,1422134,97777,355270,1478864,541538,1294677,0,195154,23531,1455354,3547283,9938589,,24112651
48199,0,0,1406145.469,1046489.813,6376519.875,1159814.906,545172.375,38258.34031,132763.2168,0,0,0,368577.9638,0,230479.7733,0,28128.59447,,11332350.33
48201,525829159.3,419352574.9,720540316.1,791665419.6,665459447.1,989782934.2,1133480333,1418404109,1568280362,1066557905,754051907.5,379508348.9,294821828.3,391501734,509281749.1,426332583.4,270660266.3,,12325510978
48209,,,,,,,,3780758.29,11602715.87,6723126.39,5288041.522,6806254.174,31292066.4,14465997.51,17289859.44,10030072.93,16904625.44,,124183518
48215,,,,,,,,1583690,3006456,5432702,12083565,2977805,1966282,4587725,3090523,4706457,7530808,,46966013
48245,,,,,,,,437703.01,1135127.733,0,0,0,3427554.196,0,1119571.387,0,210404.3616,,6330360.688
48257,25233125.53,32278775.57,66163321.71,82884528.94,146293050,128275498.9,90518942.8,20719138.82,11702602.16,9874478.996,10630617.29,12668197.47,14311239.74,24888697,12450503.87,17174625.49,17212772.76,,723280117
48281,203130,614086,332349,1155713,4587750,7300392,2913073,4456671,1650195,275958,2525429,473490,1098760,2050626,434510,1037019,391240,,31500391
48303,394003,2393800,1436418,1167808,134348,41592,0,280714,692627,110080,47074,480508,984924,110584,272532,140628,286490,,8974130
48339,0,0,0,0,0,0,0,0,0,0,25838,1211234,242223,86330,15360,0,77970,,1658955
48361,0,0,2684459.531,1997844.188,12173356.13,2214192.094,1040783.625,73038.64968,253457.0502,0,0,0,703648.8399,0,440006.8399,0,53700.04398,,21634486.99
48375,260741.958,394724.1891,5784.617959,52263.70112,32464.25355,3410304.297,544461.3423,663657.2106,939550.4054,176955.5868,109011.0403,722546.8077,4635176.904,422288.9544,572446.6127,4157863.228,1137351.38,,18237592.49
48381,177918.042,110679.8109,3205.382041,11346.29888,14235.74645,2720649.703,214436.6577,311272.7894,234517.5946,87104.41316,41362.95966,316135.1923,1820983.096,82331.04557,130397.3873,1448304.772,937326.6204,,8662207.511
48397,5028582.621,11015151.72,18755438.38,19783653.37,44082205.56,46357621.06,22597722.41,15489574.72,16029633.05,16577495.13,13140732.47,18058791.06,17141976.21,22993731.43,27180495.25,10748287.84,11795819.3,,336776911.6
48409,740427,1514532,3294247,7467311,14396497,3750174,5864724,13594352,10209229,5601798,20625320,10002063,15143943,1217961,1466101,2200465,10595565,,127684709
48439,206614502.8,273836741.3,608584447.3,808318046.4,1297020371,1133748238,677856669.8,518759256.9,429310674.3,383443819.4,355482226.6,307705098.6,506666080.8,630354022.8,692225073.6,426815272,483304189.2,,9740044730
48451,0,0,48444,0,2222679,1097426,1823043,2181242,90244,805251,1000235,833225,946942,886140,72775,632734,243941,,12884321
48453,166585494.9,143269256.6,160285839.6,207773840.5,161797338.1,44736875.56,33412113.76,101677192.9,110757285.1,76985060.83,66180280.31,150563402.2,310313438.8,246389363.9,333891829.2,304540421.3,138431346.8,,2757590380
48479,514726,3919316,211235,314399,2156762,661824,5318736,1121096,2515740,304462,1016255,1279455,1444958,689211,3307401,796146,981954,,26553676
48491,28235713.15,21511578.73,20848204.12,34576720.41,29842811.6,10314365.43,7473708.548,10533751.03,11450229.81,14449338.45,11170194.51,18538152.59,41956968.26,37954657.71,43085462.27,45665147.17,22744531.71,,410351535.5
49005,,,,,,,,315145,1773014,656560,2412194,261570,1052627,71911,2137492,202291,2430547,,11313351
49035,,,,,,,,307818940,115704237,54775279,55698374,47091778,152301830,86039389,57449956,72854309,139017007,,1088751099
50007,1365840,1140299,1091885,4812488,5993408,4488705,1887092,4186341,4973844,2040507,3181201,8264739,3260835,6392952,3546563,5279364,3107004,,65013067
51003,,,,,,,,6545426.219,1854956.191,5391322.427,3337169.353,3615088.216,4433605.812,2854774.363,3819874.066,2791442.153,1106153.206,,35749812.01
51009,,,,,,,,1628037.378,861197.64,3416279.411,573996.7054,4052048.715,2018922.715,367618.6246,223568.0764,51924.0518,1187168.819,,14380762.14
51013,,,,,,,,329619057.3,389942062,353504986.6,866889738.8,673026533.8,485373454.3,682391442.2,751127246.9,573166166.6,1198709367,,6303750056
51041,,,,,,,,2108517.755,4442628.897,11290917.53,5897534.044,2678086.191,18848214.87,29313058.58,8609267.247,2126804.934,1699574.226,,87014604.27
51053,,,,,,,,864481.1282,3147456.935,6888329.721,2013561.383,1652056.457,12542857.73,10933071.2,4596830.079,922400.0334,702467.3013,,44263511.97
51059,,,,,,,,515049549.4,490756159,582612402.1,1049087426,1013292709,698605853.6,802062931.3,964144557.3,769690188.9,1742470984,,8627772761
51069,,,,,,,,187147.5789,1167984.632,236165.2632,891699.7895,37984.21053,885081.4737,30598.10526,0,532776.6316,0,,3969437.684
51075,,,,,,,,116023.4038,564662.9991,1773827.337,259522.1301,280465.947,3126437.171,2955791.907,1406007.44,310470.7631,232708.7849,,11025917.88
51085,,,,,,,,533707.6574,2597449.796,8159605.752,1193801.798,1290143.356,14381610.99,13596642.77,6467634.225,1428165.51,1070460.41,,50719222.26
51087,,,,,,,,5545491.621,12717860.32,53552304.18,10784007.91,11468246.68,42173901.26,73575034.73,26344461.5,8248226.745,3934838.286,,248344373.2
51095,,,,,,,,4975624.13,685383.4333,708658.069,1001779.312,3241205.871,680357.3491,887411.2763,2374890.589,3504976.997,2739326.013,,20799613.04
51121,,,,,,,,3911549.793,6402412.138,10017525.52,4054752,4429671.724,3102546.207,7793812.966,2671031.172,4996326.621,19356792.83,,66736420.97
51145,,,,,,,,116023.4038,564662.9991,1773827.337,259522.1301,280465.947,3126437.171,2955791.907,1406007.44,310470.7631,232708.7849,,11025917.88
51149,,,,,,,,864481.1282,3147456.935,6888329.721,2013561.383,1652056.457,12542857.73,10933071.2,4596830.079,922400.0334,702467.3013,,44263511.97
51153,,,,,,,,139338064.8,144209514.2,143114311.5,339076646.4,199016138.2,108725834.3,155883685.4,257396370.3,112285876.8,378732250.8,,1977778693
51155,,,,,,,,2444718.621,4001507.586,6260953.448,2534220,2768544.828,1939091.379,4871133.103,1669394.483,3122704.138,12097995.52,,41710263.1
51161,,,,,,,,438209.7855,407591.647,3524389.104,1057781.313,487362.7116,887769.878,2041141.264,4584303.56,1960327.328,4198603.307,,19587479.9
51169,,,,,,,,528450.5607,6480.735797,8395.858462,56899.67571,195690.2178,763229.3878,1828722.769,4093331.698,844459.0496,120022.4074,,8445682.361
51177,,,,,,,,1106476.977,6855519.356,4469957.079,588943.1019,876799.1297,3011930.952,544663.8832,263002.6353,1400696.553,194420.4763,,19312410.14
51179,,,,,,,,825732.0192,5427264.8,2876494.844,333144.7348,542333.3485,2204024.767,622726.4592,398074.3893,991894.457,126110.0649,,14347799.88
51199,,,,,,,,6784941.995,934613.7726,966351.9122,1366062.698,4419826.188,927760.0214,1210106.286,3238487.167,4779514.087,3735444.564,,28363108.69
51510,,,,,,,,238862035.4,253484209.5,302230312.5,473734075.3,476470378.6,304000596.8,354254515,577923899.2,487988142.9,932527479.2,,4401475644
51540,,,,,,,,4486083.781,1190023.809,3343469.573,2146134.647,2712027.784,2939462.188,2085195.637,2679855.934,2147847.847,805370.7937,,24535471.99
51550,,,,,,,,11241355.26,2746685.45,3528569.505,4351461.033,14211267.22,1834482.229,3116880.455,9591436.281,9485049.919,9924131.999,,70031319.35
51570,,,,,,,,617486.5201,2248183.525,4920235.515,1438258.131,1180040.326,8959184.093,7809336.572,3283450.057,658857.1667,501762.3581,,31616794.26
51600,,,,,,,,4186807.04,4793613.511,8127629.579,23008640.66,15270774.57,15960055.56,7472613.298,14642422.57,11751919.65,30116789.01,,135331265.5
51610,,,,,,,,4573570.381,6837506.666,5337332.398,5140816.996,9984310.064,4132049.299,10055125.06,12231049.63,12698678.52,16793600.23,,87784039.25
51630,,,,,,,,183496.0043,1206058.844,639221.0765,74032.1633,120518.5219,489783.2815,138383.6576,88460.9754,220420.9904,28024.45886,,3188399.974
51650,,,,,,,,32098847.76,3063964.592,6339775.068,7366111.735,19380617.56,3550667.794,7682882.889,13145757.24,18312435.84,14276884.17,,125217944.6
51660,,,,,,,,3232091,3003769,5751668,2919559,597835,4120018,83489,109898,282436,3188652,,23289415
51670,,,,,,,,864481.1282,3147456.935,6888329.721,2013561.383,1652056.457,12542857.73,10933071.2,4596830.079,922400.0334,702467.3013,,44263511.97
51680,,,,,,,,7396530.622,4720900.36,12124814.59,1728771.295,20053911.29,19288997.29,2393747.375,621835.9236,308645.9482,6929359.181,,75567513.86
51683,,,,,,,,15429228.81,10200809.55,16660352.17,51553703.46,21728923.96,12804386.13,7411194.559,26976894.52,16818730.92,25707637.91,,205291862
51685,,,,,,,,4408351.09,2914517.014,4760100.621,14729629.56,6208263.988,3658396.037,2117484.16,7707684.148,4805351.69,7345039.404,,58654817.71
51700,,,,,,,,41307360.48,6315338.916,13353068.13,16118968.51,35359815.25,10750146.17,13205131.36,35499425.22,31649096.05,34183643.8,,237741993.9
51710,,,,,,,,150462028.9,22622446.19,35567567.48,36851640.95,132327259.9,17506896.01,25088840.58,76103578.23,66937797,74334876.59,,637802931.8
51730,,,,,,,,1358470.344,4946003.755,10824518.13,3164167.887,2596088.718,19710205.01,17180540.46,7223590.125,1449485.767,1103877.188,,69556947.38
51735,,,,,,,,1809317.865,249230.3394,257693.8433,364283.3863,1178620.317,247402.6724,322695.0096,863596.5778,1274537.09,996118.5503,,7563495.651
51740,,,,,,,,30652449.49,3767725.046,7288042.507,7982525.389,31439772.31,3264775.772,5151757.653,15143442.62,14572463.83,18072423.12,,137335377.7
51750,,,,,,,,733415.5862,1200452.276,1878286.034,760266,830563.4483,581727.4138,1461339.931,500818.3448,936811.2414,3629398.655,,12513078.93
51760,,,,,,,,20543829.91,63715303.91,197791084.1,46109749.82,41691351.47,266000296.2,339842174.5,86573546.72,26960820.25,13700436.06,,1102928593
51770,,,,,,,,729078.8191,813813.3971,6230659.664,2292190.421,910617.0584,2193228.35,4150698.891,8552108.433,3534314.445,7296758.783,,36703468.26
51775,,,,,,,,158495.3955,176915.9559,1354491.231,498302.2655,197960.2301,476788.7718,902325.8458,1859154.007,768329.2272,1586251.909,,7979014.84
51800,,,,,,,,9461958.02,2325910.617,6295770.836,6698106.504,13681641.67,2617881.932,3766485.595,7419895.756,8005037.555,7175589.632,,67448278.12
51810,,,,,,,,31160396.12,6593531.646,7757882.649,15415540.49,27034113.68,6347510.051,8993748.895,24081960.32,28734871.65,24995691.56,,181115247.1
51830,,,,,,,,369830,1126710,807350,2496401,416080,2615989,2048098,3479193,705106,2844272,,16909029
51840,,,,,,,,66838.42105,417137.3684,84344.73684,318464.2105,13565.78947,316100.5263,10927.89474,0,190277.3684,0,,1417656.316
53017,,,,,,,,1188242,780587,2305195,1020698,989562,4105896,4015797,8831630,2766477,6749547,,32753631
53033,,,,,,,,854257792,961008073,1109716863,1203227177,1390510063,1871944172,2122537665,2500180960,2474142485,2280703528,,16768228778
53035,,,,,,,,6215409,3371217,5126707,10579902,19342344,6803236,34758275,45203569,21740750,12846076,,165987485
53057,,,,,,,,2180240,2912739,2123313,6689538,2375585,3121243,2648597,5432143,6780187,2760694,,37024279
53063,,,,,,,,13506324,6600663,11286027,12185428,13129882,14201694,24513861,25375441,24581501,51884142,,197264963
53067,,,,,,,,12523504,3252302,8946698,1816887,2228551,4835423,7292980,27019047,22834090,35263846,,126013328
53071,,,,,,,,55233,1858823,6591056,7750300,1957858,3519539,13745170,3173745,5116779,4051619,,47820122
53073,,,,,,,,1819051,5837499,4006129,1857809,6073945,1562750,2915468,6791717,4406800,12604962,,47876130
54003,153044.8601,170763.3619,55221.48954,81143.51445,1616147.116,481550.5813,1426981.622,162890.1911,110080.2349,40409.20569,293584.4042,53435.49867,30528.10487,185340.6187,129764.4224,165659.8421,0,,5156545.067
54011,41722963.38,957761.25,1081279.5,2218.5,163386,24124353.25,7966187.625,574331.2531,3995364.587,6514082.798,3153197.889,2950622.916,630433.6342,5029913.047,2501731.833,4010610.624,5965557.186,,111343995.3
54039,705799.8629,639137.0349,2667995.184,766888.548,851841.1417,9838860.66,1719493.61,1990212.998,753964.5256,8613515.308,2023006.91,922525.5707,5041471.733,7095572.175,1255636.172,8933284.358,1818523.74,,55637729.53
54051,85685.33333,389838,303484,178598.6667,88266,1123422,360804.6667,267404.6667,15690,12616,668966,6068.666667,28780,396628,27828.66667,529919.3333,37379.33333,,4521379.333
54057,0,335632.4744,23366.62198,122530.9403,242886.7527,467593.8108,88793.8422,9634.8797,28489.52702,0,83672.37845,992.8574826,0,289685.1012,230320.2902,15559.00023,521816.3395,,2460974.816
54069,171370.6667,779676,606968,357197.3333,176532,2246844,721609.3333,534809.3333,31380,25232,1337932,12137.33333,57560,793256,55657.33333,1059838.667,74758.66667,,9042758.667
54073,0,21269,0,50760,231417,172266,1544427,3225863,2105071,8874373,12143907,14646164,13353685,2099577,6059952,2014034,11328682,,77871447
54077,0,0,0,0,0,665593.1133,78478.44924,57543.11405,397438.3481,309699.9091,432932.8136,383848.7002,28726.31407,85098.23385,342672.9096,60954.37944,320968.9073,,3163955.192
54079,115410.1371,236592.9651,778914.8163,127687.452,143978.8583,2796515.34,436334.3897,103847.002,67941.47437,655458.6925,153415.0897,45612.42933,343928.2668,623219.8249,48757.82771,275797.642,143918.2601,,7097330.467
54099,15825951.63,363288.75,410140.5,841.5,61974,9150616.75,3021657.375,217849.7857,1515483.119,2470858.992,1196040.578,1119201.796,239129.9992,1907898.052,948932.7644,1521266.099,2262797.553,,42233929.24
55009,0,59118.81387,119164.9736,76480.20723,4607365.284,1325892.897,5552836.229,189319.6335,406839.1157,84457.04064,3013568.283,532475.0328,769288.0213,4373741.043,2544340.139,3937209.693,903222.2736,,28495318.68
55015,,,,,,,,81004.12154,33446.66808,7458.849998,0,0,687223.5029,435643.6007,1610439.213,680665.3351,673254.3027,,4209135.594
55025,,,,,,,,5324763,1068053,12140773,6667368,6764493,7086846,9386493,14389194,12803878,21047445,,96679306
55031,1385704,3640122,5218926,2439162,4997257,4839468,332591,951080,6296654,7158462,26449415,7322064,821731,13440253,2290580,12135021,1447257,,101165747
55035,,,,,,,,0,1639828,51496,67625,65776,66433,0,1821230,1092116,3986797,,8791301
55039,,,,,,,,780039,54589,78607,56796,62977,62888,0,64569,66957,0,,1227422
55059,,,,,,,,1151462,2894613,8343,151037,0,0,82162,2653654,1836237,124099,,8901607
55063,1631774.636,195234.6413,2944908.953,6054922.708,23294333.52,7711360.365,243492.6686,53567.81032,2045140.192,0,0,0,0,0,2112279.484,0,3392079.746,,49679094.73
55071,,,,,,,,0,0,81590,0,0,59234,19000,2233985,1391850,0,,3785659
55079,,,,,,,,72048650.48,88201307.59,67930742.86,85025710.5,134188866.5,197770780.5,179876554.5,87031385.51,12944259.06,32157756.75,,957176014.3
55083,0,17491.18613,37549.02636,25971.79277,1495604.716,492495.1033,2699055.771,36374.36647,46284.88433,16894.95936,524247.7166,71130.96719,91233.97872,656676.9573,198871.8613,394232.3071,139511.7264,,6943627.321
55087,3696111,1202598,47319,28917,951231,2049921,1549464,409744.4461,169017.1823,23758.74734,0,0,1420703.673,845537.9427,5531229.082,3389719.328,3624961.982,,24940233.38
55089,,,,,,,,2270641.547,4060602.069,2459293.954,2491829.465,3222145.853,3895771.726,7269781.6,5547218.592,522988.5099,1703571.281,,33443844.6
55101,,,,,,,,1463347,5949973,151230,342081,277667,32795,140631,23685,256909,9011652,,17649970
55105,224690,1481886,1985624,191020,2728374,1160416,807788,8180.295417,36047.22483,247492.1936,17172.80847,0,0,16413.05499,138275.586,225603.4397,108611.1152,,9377593.718
55111,118328,2432937,385103,143181,72045,2004,259293,20106,104441,7447317,0,106092,91105,0,2615460,4191025,315368,,18303805
55123,839251.364,145969.3587,970215.0468,1451647.292,8663466.477,3433815.635,102601.3314,22558.18968,1619909.808,0,0,0,0,0,1201984.516,0,2269376.254,,20720795.27
55131,,,,,,,,3066663.964,4626737.787,3624222.67,3302275,4748425.468,5741137.28,6089785.726,5942561.715,434130.4357,1988815.361,,39564755.41
55133,,,,,,,,6839279.008,5574250.553,4744716.52,9456593.034,8086018.171,13430406.51,15807225.14,8001156.178,1360381.999,2675890.611,,75975917.72
55139,,,,,,,,516561.4324,302121.1497,36936.40267,0,0,2228467.824,1399102.457,6412922.704,3768480.337,3856839.715,,18521432.02
56021,100505,423250,1554037,312980,345240,431854,1122810,176062,168053,244512,516945,596114,183890,787163,250663,191175,78427,,7483680
56025,0,19667,17500,18556,44005,0,1099715,5000,9708,69595,8574,56197,337069,209721,156040,149182,0,,2200529
(blank),,,,,,,,,,,,,,,,,,,
Grand Total,1.03561E+11,1.06825E+11,1.11059E+11,1.40467E+11,1.46356E+11,1.32935E+11,1.1172E+11,1.32464E+11,1.31249E+11,1.2649E+11,1.37031E+11,1.36082E+11,1.35724E+11,1.58465E+11,1.8847E+11,1.68137E+11,1.73531E+11,,2.34057E+12
