,State_Code,County_Code,County_name,Year,Labor_Force,Employed,Unemployed,Unemployment_Rate,BEA_FIPS,True_Fips,BEA_State,BEA_County,True_State,True_County
2876,51,121,"Montgomery County, VA",2000,40828,39802,1026,2.5,51933,51121,51,933,51,121
2885,51,143,"Pittsylvania County, VA",2000,31960,30908,1052,3.3,51939,51143,51,939,51,143
2888,51,149,"Prince George County, VA",2000,13225,12889,336,2.5,51941,51149,51,941,51,149
2889,51,153,"Prince William County, VA",2000,153649,150951,2698,1.8,51942,51153,51,942,51,153
2893,51,161,"Roanoke County, VA",2000,46019,45225,794,1.7,51944,51161,51,944,51,161
2894,51,163,"Rockbridge County, VA",2000,10676,10447,229,2.1,51945,51163,51,945,51,163
2895,51,165,"Rockingham County, VA",2000,36131,35524,607,1.7,51947,51165,51,947,51,165
2900,51,175,"Southampton County, VA",2000,7489,7284,205,2.7,51949,51175,51,949,51,175
2901,51,177,"Spotsylvania County, VA",2000,48534,47711,823,1.7,51951,51177,51,951,51,177
2907,51,191,"Washington County, VA",2000,25139,24251,888,3.5,51953,51191,51,953,51,191
2909,51,195,"Wise County, VA",2000,16152,15474,678,4.2,51955,51195,51,955,51,195
2911,51,199,"York County, VA",2000,26865,26344,521,1.9,51958,51199,51,958,51,199
2913,51,520,"Bristol city, VA",2000,7513,7277,236,3.1,51953,51520,51,953,51,520
2914,51,530,"Buena Vista city, VA",2000,3227,3154,73,2.3,51945,51530,51,945,51,530
2915,51,540,"Charlottesville city, VA",2000,19379,18811,568,2.9,51901,51540,51,901,51,540
2917,51,570,"Colonial Heights city, VA",2000,8619,8426,193,2.2,51918,51570,51,918,51,570
2918,51,580,"Covington city, VA",2000,2901,2787,114,3.9,51903,51580,51,903,51,580
2919,51,590,"Danville city, VA",2000,21387,20457,930,4.3,51939,51590,51,939,51,590
2921,51,600,"Fairfax city, VA",2000,12510,12342,168,1.3,51919,51600,51,919,51,600
2922,51,610,"Falls Church city, VA",2000,6158,6059,99,1.6,51919,51610,51,919,51,610
2924,51,630,"Fredericksburg city, VA",2000,10326,10090,236,2.3,51951,51630,51,951,51,630
2925,51,640,"Galax city, VA",2000,3305,3191,114,3.4,51913,51640,51,913,51,640
2927,51,660,"Harrisonburg city, VA",2000,19661,19215,446,2.3,51947,51660,51,947,51,660
2928,51,670,"Hopewell city, VA",2000,9873,9594,279,2.8,51941,51670,51,941,51,670
2930,51,680,"Lynchburg city, VA",2000,30789,30048,741,2.4,51911,51680,51,911,51,680
2931,51,683,"Manassas city, VA",2000,19279,18958,321,1.7,51942,51683,51,942,51,683
2932,51,685,"Manassas Park city, VA",2000,5791,5711,80,1.4,51942,51685,51,942,51,685
2933,51,690,"Martinsville city, VA",2000,6743,6213,530,7.9,51929,51690,51,929,51,690
2936,51,720,"Norton city, VA",2000,1488,1427,61,4.1,51955,51720,51,955,51,720
2937,51,730,"Petersburg city, VA",2000,13918,13446,472,3.4,51918,51730,51,918,51,730
2938,51,735,"Poquoson city, VA",2000,5834,5727,107,1.8,51958,51735,51,958,51,735
2940,51,750,"Radford city, VA",2000,7470,7230,240,3.2,51933,51750,51,933,51,750
2943,51,775,"Salem city, VA",2000,12978,12730,248,1.9,51944,51775,51,944,51,775
2944,51,790,"Staunton city, VA",2000,11647,11398,249,2.1,51907,51790,51,907,51,790
2947,51,820,"Waynesboro city, VA",2000,9151,8916,235,2.6,51907,51820,51,907,51,820
2948,51,830,"Williamsburg city, VA",2000,4607,4406,201,4.4,51931,51830,51,931,51,830
2949,51,840,"Winchester city, VA",2000,12915,12630,285,2.2,51921,51840,51,921,51,840
6093,51,121,"Montgomery County, VA",2001,41075,39685,1390,3.4,51933,51121,51,933,51,121
6102,51,143,"Pittsylvania County, VA",2001,32617,30662,1955,6,51939,51143,51,939,51,143
6105,51,149,"Prince George County, VA",2001,13634,13147,487,3.6,51941,51149,51,941,51,149
6106,51,153,"Prince William County, VA",2001,161154,157096,4058,2.5,51942,51153,51,942,51,153
6110,51,161,"Roanoke County, VA",2001,46628,45459,1169,2.5,51944,51161,51,944,51,161
6111,51,163,"Rockbridge County, VA",2001,10913,10585,328,3,51945,51163,51,945,51,163
6112,51,165,"Rockingham County, VA",2001,36997,36080,917,2.5,51947,51165,51,947,51,165
6117,51,175,"Southampton County, VA",2001,7433,7188,245,3.3,51949,51175,51,949,51,175
6118,51,177,"Spotsylvania County, VA",2001,51071,49972,1099,2.2,51951,51177,51,951,51,177
6124,51,191,"Washington County, VA",2001,25620,24297,1323,5.2,51953,51191,51,953,51,191
6126,51,195,"Wise County, VA",2001,16440,15650,790,4.8,51955,51195,51,955,51,195
6128,51,199,"York County, VA",2001,28047,27335,712,2.5,51958,51199,51,958,51,199
6130,51,520,"Bristol city, VA",2001,7609,7284,325,4.3,51953,51520,51,953,51,520
6131,51,530,"Buena Vista city, VA",2001,3304,3188,116,3.5,51945,51530,51,945,51,530
6132,51,540,"Charlottesville city, VA",2001,19155,18451,704,3.7,51901,51540,51,901,51,540
6134,51,570,"Colonial Heights city, VA",2001,8705,8422,283,3.3,51918,51570,51,918,51,570
6135,51,580,"Covington city, VA",2001,2990,2844,146,4.9,51903,51580,51,903,51,580
6136,51,590,"Danville city, VA",2001,21524,19995,1529,7.1,51939,51590,51,939,51,590
6138,51,600,"Fairfax city, VA",2001,12573,12366,207,1.6,51919,51600,51,919,51,600
6139,51,610,"Falls Church city, VA",2001,6239,6067,172,2.8,51919,51610,51,919,51,610
6141,51,630,"Fredericksburg city, VA",2001,10611,10224,387,3.6,51951,51630,51,951,51,630
6142,51,640,"Galax city, VA",2001,3197,3001,196,6.1,51913,51640,51,913,51,640
6144,51,660,"Harrisonburg city, VA",2001,20050,19481,569,2.8,51947,51660,51,947,51,660
6145,51,670,"Hopewell city, VA",2001,10007,9532,475,4.7,51941,51670,51,941,51,670
6147,51,680,"Lynchburg city, VA",2001,30114,28837,1277,4.2,51911,51680,51,911,51,680
6148,51,683,"Manassas city, VA",2001,19704,19067,637,3.2,51942,51683,51,942,51,683
6149,51,685,"Manassas Park city, VA",2001,6011,5899,112,1.9,51942,51685,51,942,51,685
6150,51,690,"Martinsville city, VA",2001,6643,6112,531,8,51929,51690,51,929,51,690
6153,51,720,"Norton city, VA",2001,1529,1458,71,4.6,51955,51720,51,955,51,720
6154,51,730,"Petersburg city, VA",2001,14066,13273,793,5.6,51918,51730,51,918,51,730
6155,51,735,"Poquoson city, VA",2001,5899,5756,143,2.4,51958,51735,51,958,51,735
6157,51,750,"Radford city, VA",2001,7461,7146,315,4.2,51933,51750,51,933,51,750
6160,51,775,"Salem city, VA",2001,13042,12662,380,2.9,51944,51775,51,944,51,775
6161,51,790,"Staunton city, VA",2001,11655,11310,345,3,51907,51790,51,907,51,790
6164,51,820,"Waynesboro city, VA",2001,9381,9026,355,3.8,51907,51820,51,907,51,820
6165,51,830,"Williamsburg city, VA",2001,4689,4416,273,5.8,51931,51830,51,931,51,830
6166,51,840,"Winchester city, VA",2001,13122,12693,429,3.3,51921,51840,51,921,51,840
9310,51,121,"Montgomery County, VA",2002,41493,39771,1722,4.2,51933,51121,51,933,51,121
9319,51,143,"Pittsylvania County, VA",2002,32988,30583,2405,7.3,51939,51143,51,939,51,143
9322,51,149,"Prince George County, VA",2002,14162,13595,567,4,51941,51149,51,941,51,149
9323,51,153,"Prince William County, VA",2002,166678,160770,5908,3.5,51942,51153,51,942,51,153
9327,51,161,"Roanoke County, VA",2002,47272,45675,1597,3.4,51944,51161,51,944,51,161
9328,51,163,"Rockbridge County, VA",2002,11065,10665,400,3.6,51945,51163,51,945,51,163
9329,51,165,"Rockingham County, VA",2002,37774,36405,1369,3.6,51947,51165,51,947,51,165
9334,51,175,"Southampton County, VA",2002,7462,7138,324,4.3,51949,51175,51,949,51,175
9335,51,177,"Spotsylvania County, VA",2002,53483,51878,1605,3,51951,51177,51,951,51,177
9341,51,191,"Washington County, VA",2002,26039,24398,1641,6.3,51953,51191,51,953,51,191
9343,51,195,"Wise County, VA",2002,16987,15946,1041,6.1,51955,51195,51,955,51,195
9345,51,199,"York County, VA",2002,29010,28082,928,3.2,51958,51199,51,958,51,199
9347,51,520,"Bristol city, VA",2002,7601,7209,392,5.2,51953,51520,51,953,51,520
9348,51,530,"Buena Vista city, VA",2002,3344,3186,158,4.7,51945,51530,51,945,51,530
9349,51,540,"Charlottesville city, VA",2002,19710,18916,794,4,51901,51540,51,901,51,540
9351,51,570,"Colonial Heights city, VA",2002,8800,8405,395,4.5,51918,51570,51,918,51,570
9352,51,580,"Covington city, VA",2002,3079,2879,200,6.5,51903,51580,51,903,51,580
9353,51,590,"Danville city, VA",2002,21797,19849,1948,8.9,51939,51590,51,939,51,590
9355,51,600,"Fairfax city, VA",2002,12372,12090,282,2.3,51919,51600,51,919,51,600
9356,51,610,"Falls Church city, VA",2002,6223,6004,219,3.5,51919,51610,51,919,51,610
9358,51,630,"Fredericksburg city, VA",2002,10754,10147,607,5.6,51951,51630,51,951,51,630
9359,51,640,"Galax city, VA",2002,3284,3011,273,8.3,51913,51640,51,913,51,640
9361,51,660,"Harrisonburg city, VA",2002,20454,19670,784,3.8,51947,51660,51,947,51,660
9362,51,670,"Hopewell city, VA",2002,10151,9500,651,6.4,51941,51670,51,941,51,670
9364,51,680,"Lynchburg city, VA",2002,30453,28595,1858,6.1,51911,51680,51,911,51,680
9365,51,683,"Manassas city, VA",2002,19933,19039,894,4.5,51942,51683,51,942,51,683
9366,51,685,"Manassas Park city, VA",2002,6033,5860,173,2.9,51942,51685,51,942,51,685
9367,51,690,"Martinsville city, VA",2002,6551,5699,852,13,51929,51690,51,929,51,690
9370,51,720,"Norton city, VA",2002,1587,1506,81,5.1,51955,51720,51,955,51,720
9371,51,730,"Petersburg city, VA",2002,14141,13046,1095,7.7,51918,51730,51,918,51,730
9372,51,735,"Poquoson city, VA",2002,5996,5824,172,2.9,51958,51735,51,958,51,735
9374,51,750,"Radford city, VA",2002,7387,6986,401,5.4,51933,51750,51,933,51,750
9377,51,775,"Salem city, VA",2002,13279,12749,530,4,51944,51775,51,944,51,775
9378,51,790,"Staunton city, VA",2002,11790,11318,472,4,51907,51790,51,907,51,790
9381,51,820,"Waynesboro city, VA",2002,9595,9122,473,4.9,51907,51820,51,907,51,820
9382,51,830,"Williamsburg city, VA",2002,4657,4306,351,7.5,51931,51830,51,931,51,830
9383,51,840,"Winchester city, VA",2002,13293,12747,546,4.1,51921,51840,51,921,51,840
12527,51,121,"Montgomery County, VA",2003,42736,41021,1715,4,51933,51121,51,933,51,121
12536,51,143,"Pittsylvania County, VA",2003,32817,30563,2254,6.9,51939,51143,51,939,51,143
12539,51,149,"Prince George County, VA",2003,14620,13978,642,4.4,51941,51149,51,941,51,149
12540,51,153,"Prince William County, VA",2003,171498,165365,6133,3.6,51942,51153,51,942,51,153
12544,51,161,"Roanoke County, VA",2003,46352,44710,1642,3.5,51944,51161,51,944,51,161
12545,51,163,"Rockbridge County, VA",2003,11250,10809,441,3.9,51945,51163,51,945,51,163
12546,51,165,"Rockingham County, VA",2003,39168,37857,1311,3.3,51947,51165,51,947,51,165
12551,51,175,"Southampton County, VA",2003,7606,7255,351,4.6,51949,51175,51,949,51,175
12552,51,177,"Spotsylvania County, VA",2003,55716,53924,1792,3.2,51951,51177,51,951,51,177
12558,51,191,"Washington County, VA",2003,26126,24637,1489,5.7,51953,51191,51,953,51,191
12560,51,195,"Wise County, VA",2003,17360,16308,1052,6.1,51955,51195,51,955,51,195
12562,51,199,"York County, VA",2003,29290,28314,976,3.3,51958,51199,51,958,51,199
12564,51,520,"Bristol city, VA",2003,7886,7371,515,6.5,51953,51520,51,953,51,520
12565,51,530,"Buena Vista city, VA",2003,3398,3237,161,4.7,51945,51530,51,945,51,530
12566,51,540,"Charlottesville city, VA",2003,19495,18643,852,4.4,51901,51540,51,901,51,540
12568,51,570,"Colonial Heights city, VA",2003,8799,8382,417,4.7,51918,51570,51,918,51,570
12569,51,580,"Covington city, VA",2003,3082,2904,178,5.8,51903,51580,51,903,51,580
12570,51,590,"Danville city, VA",2003,21916,19742,2174,9.9,51939,51590,51,939,51,590
12572,51,600,"Fairfax city, VA",2003,12450,12093,357,2.9,51919,51600,51,919,51,600
12573,51,610,"Falls Church city, VA",2003,6108,5899,209,3.4,51919,51610,51,919,51,610
12575,51,630,"Fredericksburg city, VA",2003,10658,10070,588,5.5,51951,51630,51,951,51,630
12576,51,640,"Galax city, VA",2003,3284,3064,220,6.7,51913,51640,51,913,51,640
12578,51,660,"Harrisonburg city, VA",2003,21070,20204,866,4.1,51947,51660,51,947,51,660
12579,51,670,"Hopewell city, VA",2003,10083,9411,672,6.7,51941,51670,51,941,51,670
12581,51,680,"Lynchburg city, VA",2003,30873,29055,1818,5.9,51911,51680,51,911,51,680
12582,51,683,"Manassas city, VA",2003,19839,19122,717,3.6,51942,51683,51,942,51,683
12583,51,685,"Manassas Park city, VA",2003,5994,5826,168,2.8,51942,51685,51,942,51,685
12584,51,690,"Martinsville city, VA",2003,6371,5666,705,11.1,51929,51690,51,929,51,690
12587,51,720,"Norton city, VA",2003,1619,1527,92,5.7,51955,51720,51,955,51,720
12588,51,730,"Petersburg city, VA",2003,14226,12936,1290,9.1,51918,51730,51,918,51,730
12589,51,735,"Poquoson city, VA",2003,6055,5853,202,3.3,51958,51735,51,958,51,735
12591,51,750,"Radford city, VA",2003,7364,6957,407,5.5,51933,51750,51,933,51,750
12594,51,775,"Salem city, VA",2003,12844,12318,526,4.1,51944,51775,51,944,51,775
12595,51,790,"Staunton city, VA",2003,11436,10973,463,4,51907,51790,51,907,51,790
12598,51,820,"Waynesboro city, VA",2003,9724,9259,465,4.8,51907,51820,51,907,51,820
12599,51,830,"Williamsburg city, VA",2003,4622,4232,390,8.4,51931,51830,51,931,51,830
12600,51,840,"Winchester city, VA",2003,13393,12875,518,3.9,51921,51840,51,921,51,840
15744,51,121,"Montgomery County, VA",2004,42609,40899,1710,4,51933,51121,51,933,51,121
15753,51,143,"Pittsylvania County, VA",2004,31846,29680,2166,6.8,51939,51143,51,939,51,143
15756,51,149,"Prince George County, VA",2004,14777,14188,589,4,51941,51149,51,941,51,149
15757,51,153,"Prince William County, VA",2004,180024,174296,5728,3.2,51942,51153,51,942,51,153
15761,51,161,"Roanoke County, VA",2004,45914,44282,1632,3.6,51944,51161,51,944,51,161
15762,51,163,"Rockbridge County, VA",2004,10935,10544,391,3.6,51945,51163,51,945,51,163
15763,51,165,"Rockingham County, VA",2004,39830,38505,1325,3.3,51947,51165,51,947,51,165
15768,51,175,"Southampton County, VA",2004,7461,7115,346,4.6,51949,51175,51,949,51,175
15769,51,177,"Spotsylvania County, VA",2004,58378,56557,1821,3.1,51951,51177,51,951,51,177
15775,51,191,"Washington County, VA",2004,25730,24380,1350,5.2,51953,51191,51,953,51,191
15777,51,195,"Wise County, VA",2004,16940,15979,961,5.7,51955,51195,51,955,51,195
15779,51,199,"York County, VA",2004,29636,28653,983,3.3,51958,51199,51,958,51,199
15781,51,520,"Bristol city, VA",2004,7766,7246,520,6.7,51953,51520,51,953,51,520
15782,51,530,"Buena Vista city, VA",2004,3371,3221,150,4.4,51945,51530,51,945,51,530
15783,51,540,"Charlottesville city, VA",2004,19688,18812,876,4.4,51901,51540,51,901,51,540
15785,51,570,"Colonial Heights city, VA",2004,8946,8554,392,4.4,51918,51570,51,918,51,570
15786,51,580,"Covington city, VA",2004,2883,2708,175,6.1,51903,51580,51,903,51,580
15787,51,590,"Danville city, VA",2004,21030,18904,2126,10.1,51939,51590,51,939,51,590
15789,51,600,"Fairfax city, VA",2004,12567,12197,370,2.9,51919,51600,51,919,51,600
15790,51,610,"Falls Church city, VA",2004,6187,5966,221,3.6,51919,51610,51,919,51,610
15792,51,630,"Fredericksburg city, VA",2004,11110,10526,584,5.3,51951,51630,51,951,51,630
15793,51,640,"Galax city, VA",2004,3158,2966,192,6.1,51913,51640,51,913,51,640
15795,51,660,"Harrisonburg city, VA",2004,21192,20292,900,4.2,51947,51660,51,947,51,660
15796,51,670,"Hopewell city, VA",2004,10080,9470,610,6.1,51941,51670,51,941,51,670
15798,51,680,"Lynchburg city, VA",2004,30770,29065,1705,5.5,51911,51680,51,911,51,680
15799,51,683,"Manassas city, VA",2004,20238,19556,682,3.4,51942,51683,51,942,51,683
15800,51,685,"Manassas Park city, VA",2004,6334,6144,190,3,51942,51685,51,942,51,685
15801,51,690,"Martinsville city, VA",2004,6091,5290,801,13.2,51929,51690,51,929,51,690
15804,51,720,"Norton city, VA",2004,1546,1454,92,6,51955,51720,51,955,51,720
15805,51,730,"Petersburg city, VA",2004,14058,12877,1181,8.4,51918,51730,51,918,51,730
15806,51,735,"Poquoson city, VA",2004,6012,5814,198,3.3,51958,51735,51,958,51,735
15808,51,750,"Radford city, VA",2004,7279,6864,415,5.7,51933,51750,51,933,51,750
15811,51,775,"Salem city, VA",2004,12540,12072,468,3.7,51944,51775,51,944,51,775
15812,51,790,"Staunton city, VA",2004,11034,10623,411,3.7,51907,51790,51,907,51,790
15815,51,820,"Waynesboro city, VA",2004,9558,9160,398,4.2,51907,51820,51,907,51,820
15816,51,830,"Williamsburg city, VA",2004,4637,4253,384,8.3,51931,51830,51,931,51,830
15817,51,840,"Winchester city, VA",2004,13660,13175,485,3.6,51921,51840,51,921,51,840
18961,51,121,"Montgomery County, VA",2005,43227,41555,1672,3.9,51933,51121,51,933,51,121
18970,51,143,"Pittsylvania County, VA",2005,31933,29745,2188,6.9,51939,51143,51,939,51,143
18973,51,149,"Prince George County, VA",2005,15067,14439,628,4.2,51941,51149,51,941,51,149
18974,51,153,"Prince William County, VA",2005,189991,184395,5596,2.9,51942,51153,51,942,51,153
18978,51,161,"Roanoke County, VA",2005,46730,45221,1509,3.2,51944,51161,51,944,51,161
18979,51,163,"Rockbridge County, VA",2005,11256,10878,378,3.4,51945,51163,51,945,51,163
18980,51,165,"Rockingham County, VA",2005,40326,39022,1304,3.2,51947,51165,51,947,51,165
18985,51,175,"Southampton County, VA",2005,7545,7205,340,4.5,51949,51175,51,949,51,175
18986,51,177,"Spotsylvania County, VA",2005,61990,60181,1809,2.9,51951,51177,51,951,51,177
18992,51,191,"Washington County, VA",2005,26015,24752,1263,4.9,51953,51191,51,953,51,191
18994,51,195,"Wise County, VA",2005,17296,16408,888,5.1,51955,51195,51,955,51,195
18996,51,199,"York County, VA",2005,30617,29612,1005,3.3,51958,51199,51,958,51,199
18998,51,520,"Bristol city, VA",2005,7767,7310,457,5.9,51953,51520,51,953,51,520
18999,51,530,"Buena Vista city, VA",2005,3400,3262,138,4.1,51945,51530,51,945,51,530
19000,51,540,"Charlottesville city, VA",2005,19849,19034,815,4.1,51901,51540,51,901,51,540
19002,51,570,"Colonial Heights city, VA",2005,9085,8681,404,4.4,51918,51570,51,918,51,570
19003,51,580,"Covington city, VA",2005,2848,2673,175,6.1,51903,51580,51,903,51,580
19004,51,590,"Danville city, VA",2005,21076,18788,2288,10.9,51939,51590,51,939,51,590
19006,51,600,"Fairfax city, VA",2005,12799,12430,369,2.9,51919,51600,51,919,51,600
19007,51,610,"Falls Church city, VA",2005,6442,6208,234,3.6,51919,51610,51,919,51,610
19009,51,630,"Fredericksburg city, VA",2005,11260,10719,541,4.8,51951,51630,51,951,51,630
19010,51,640,"Galax city, VA",2005,3122,2949,173,5.5,51913,51640,51,913,51,640
19012,51,660,"Harrisonburg city, VA",2005,21009,20141,868,4.1,51947,51660,51,947,51,660
19013,51,670,"Hopewell city, VA",2005,10318,9680,638,6.2,51941,51670,51,941,51,670
19015,51,680,"Lynchburg city, VA",2005,31349,29809,1540,4.9,51911,51680,51,911,51,680
19016,51,683,"Manassas city, VA",2005,20561,19923,638,3.1,51942,51683,51,942,51,683
19017,51,685,"Manassas Park city, VA",2005,6531,6353,178,2.7,51942,51685,51,942,51,685
19018,51,690,"Martinsville city, VA",2005,5990,5343,647,10.8,51929,51690,51,929,51,690
19021,51,720,"Norton city, VA",2005,1530,1439,91,5.9,51955,51720,51,955,51,720
19022,51,730,"Petersburg city, VA",2005,14040,12927,1113,7.9,51918,51730,51,918,51,730
19023,51,735,"Poquoson city, VA",2005,6173,5981,192,3.1,51958,51735,51,958,51,735
19025,51,750,"Radford city, VA",2005,7251,6897,354,4.9,51933,51750,51,933,51,750
19028,51,775,"Salem city, VA",2005,12749,12310,439,3.4,51944,51775,51,944,51,775
19029,51,790,"Staunton city, VA",2005,11257,10862,395,3.5,51907,51790,51,907,51,790
19032,51,820,"Waynesboro city, VA",2005,9853,9447,406,4.1,51907,51820,51,907,51,820
19033,51,830,"Williamsburg city, VA",2005,4798,4424,374,7.8,51931,51830,51,931,51,830
19034,51,840,"Winchester city, VA",2005,13768,13307,461,3.3,51921,51840,51,921,51,840
22178,51,121,"Montgomery County, VA",2006,43535,42076,1459,3.4,51933,51121,51,933,51,121
22187,51,143,"Pittsylvania County, VA",2006,31085,29248,1837,5.9,51939,51143,51,939,51,143
22190,51,149,"Prince George County, VA",2006,14849,14307,542,3.7,51941,51149,51,941,51,149
22191,51,153,"Prince William County, VA",2006,196876,191735,5141,2.6,51942,51153,51,942,51,153
22195,51,161,"Roanoke County, VA",2006,48707,47342,1365,2.8,51944,51161,51,944,51,161
22196,51,163,"Rockbridge County, VA",2006,11229,10896,333,3,51945,51163,51,945,51,163
22197,51,165,"Rockingham County, VA",2006,42071,40976,1095,2.6,51947,51165,51,947,51,165
22202,51,175,"Southampton County, VA",2006,7588,7287,301,4,51949,51175,51,949,51,175
22203,51,177,"Spotsylvania County, VA",2006,64245,62550,1695,2.6,51951,51177,51,951,51,177
22209,51,191,"Washington County, VA",2006,26385,25203,1182,4.5,51953,51191,51,953,51,191
22211,51,195,"Wise County, VA",2006,17289,16448,841,4.9,51955,51195,51,955,51,195
22213,51,199,"York County, VA",2006,31045,30143,902,2.9,51958,51199,51,958,51,199
22215,51,520,"Bristol city, VA",2006,7944,7528,416,5.2,51953,51520,51,953,51,520
22216,51,530,"Buena Vista city, VA",2006,3388,3263,125,3.7,51945,51530,51,945,51,530
22217,51,540,"Charlottesville city, VA",2006,20399,19686,713,3.5,51901,51540,51,901,51,540
22219,51,570,"Colonial Heights city, VA",2006,9130,8812,318,3.5,51918,51570,51,918,51,570
22220,51,580,"Covington city, VA",2006,2798,2581,217,7.8,51903,51580,51,903,51,580
22221,51,590,"Danville city, VA",2006,20249,18351,1898,9.4,51939,51590,51,939,51,590
22223,51,600,"Fairfax city, VA",2006,13216,12865,351,2.7,51919,51600,51,919,51,600
22224,51,610,"Falls Church city, VA",2006,6505,6302,203,3.1,51919,51610,51,919,51,610
22226,51,630,"Fredericksburg city, VA",2006,11647,11147,500,4.3,51951,51630,51,951,51,630
22227,51,640,"Galax city, VA",2006,3039,2840,199,6.5,51913,51640,51,913,51,640
22229,51,660,"Harrisonburg city, VA",2006,21702,21000,702,3.2,51947,51660,51,947,51,660
22230,51,670,"Hopewell city, VA",2006,10302,9782,520,5,51941,51670,51,941,51,670
22232,51,680,"Lynchburg city, VA",2006,31922,30659,1263,4,51911,51680,51,911,51,680
22233,51,683,"Manassas city, VA",2006,20249,19674,575,2.8,51942,51683,51,942,51,683
22234,51,685,"Manassas Park city, VA",2006,6614,6448,166,2.5,51942,51685,51,942,51,685
22235,51,690,"Martinsville city, VA",2006,5855,5394,461,7.9,51929,51690,51,929,51,690
22238,51,720,"Norton city, VA",2006,1516,1431,85,5.6,51955,51720,51,955,51,720
22239,51,730,"Petersburg city, VA",2006,13916,12974,942,6.8,51918,51730,51,918,51,730
22240,51,735,"Poquoson city, VA",2006,6292,6132,160,2.5,51958,51735,51,958,51,735
22242,51,750,"Radford city, VA",2006,7239,6940,299,4.1,51933,51750,51,933,51,750
22245,51,775,"Salem city, VA",2006,13066,12643,423,3.2,51944,51775,51,944,51,775
22246,51,790,"Staunton city, VA",2006,11235,10861,374,3.3,51907,51790,51,907,51,790
22249,51,820,"Waynesboro city, VA",2006,9873,9531,342,3.5,51907,51820,51,907,51,820
22250,51,830,"Williamsburg city, VA",2006,4820,4512,308,6.4,51931,51830,51,931,51,830
22251,51,840,"Winchester city, VA",2006,14203,13752,451,3.2,51921,51840,51,921,51,840
25395,51,121,"Montgomery County, VA",2007,44326,42791,1535,3.5,51933,51121,51,933,51,121
25404,51,143,"Pittsylvania County, VA",2007,31042,29128,1914,6.2,51939,51143,51,939,51,143
25407,51,149,"Prince George County, VA",2007,14704,14192,512,3.5,51941,51149,51,941,51,149
25408,51,153,"Prince William County, VA",2007,200343,194996,5347,2.7,51942,51153,51,942,51,153
25412,51,161,"Roanoke County, VA",2007,48986,47652,1334,2.7,51944,51161,51,944,51,161
25413,51,163,"Rockbridge County, VA",2007,11246,10891,355,3.2,51945,51163,51,945,51,163
25414,51,165,"Rockingham County, VA",2007,41537,40419,1118,2.7,51947,51165,51,947,51,165
25419,51,175,"Southampton County, VA",2007,7681,7383,298,3.9,51949,51175,51,949,51,175
25420,51,177,"Spotsylvania County, VA",2007,64682,62909,1773,2.7,51951,51177,51,951,51,177
25426,51,191,"Washington County, VA",2007,26789,25475,1314,4.9,51953,51191,51,953,51,191
25428,51,195,"Wise County, VA",2007,17481,16737,744,4.3,51955,51195,51,955,51,195
25430,51,199,"York County, VA",2007,31008,30175,833,2.7,51958,51199,51,958,51,199
25432,51,520,"Bristol city, VA",2007,7985,7542,443,5.5,51953,51520,51,953,51,520
25433,51,530,"Buena Vista city, VA",2007,3380,3249,131,3.9,51945,51530,51,945,51,530
25434,51,540,"Charlottesville city, VA",2007,21259,20557,702,3.3,51901,51540,51,901,51,540
25436,51,570,"Colonial Heights city, VA",2007,9213,8889,324,3.5,51918,51570,51,918,51,570
25437,51,580,"Covington city, VA",2007,2712,2540,172,6.3,51903,51580,51,903,51,580
25438,51,590,"Danville city, VA",2007,19794,18214,1580,8,51939,51590,51,939,51,590
25440,51,600,"Fairfax city, VA",2007,13905,13524,381,2.7,51919,51600,51,919,51,600
25441,51,610,"Falls Church city, VA",2007,6665,6444,221,3.3,51919,51610,51,919,51,610
25443,51,630,"Fredericksburg city, VA",2007,12452,11849,603,4.8,51951,51630,51,951,51,630
25444,51,640,"Galax city, VA",2007,3133,2942,191,6.1,51913,51640,51,913,51,640
25446,51,660,"Harrisonburg city, VA",2007,22773,22057,716,3.1,51947,51660,51,947,51,660
25447,51,670,"Hopewell city, VA",2007,10458,9931,527,5,51941,51670,51,941,51,670
25449,51,680,"Lynchburg city, VA",2007,33650,32288,1362,4,51911,51680,51,911,51,680
25450,51,683,"Manassas city, VA",2007,19787,19163,624,3.2,51942,51683,51,942,51,683
25451,51,685,"Manassas Park city, VA",2007,6563,6383,180,2.7,51942,51685,51,942,51,685
25452,51,690,"Martinsville city, VA",2007,5949,5422,527,8.9,51929,51690,51,929,51,690
25455,51,720,"Norton city, VA",2007,1567,1498,69,4.4,51955,51720,51,955,51,720
25456,51,730,"Petersburg city, VA",2007,14134,13180,954,6.7,51918,51730,51,918,51,730
25457,51,735,"Poquoson city, VA",2007,6328,6172,156,2.5,51958,51735,51,958,51,735
25459,51,750,"Radford city, VA",2007,7768,7429,339,4.4,51933,51750,51,933,51,750
25462,51,775,"Salem city, VA",2007,13378,12950,428,3.2,51944,51775,51,944,51,775
25463,51,790,"Staunton city, VA",2007,11618,11230,388,3.3,51907,51790,51,907,51,790
25466,51,820,"Waynesboro city, VA",2007,10100,9723,377,3.7,51907,51820,51,907,51,820
25467,51,830,"Williamsburg city, VA",2007,5127,4816,311,6.1,51931,51830,51,931,51,830
25468,51,840,"Winchester city, VA",2007,14339,13842,497,3.5,51921,51840,51,921,51,840
28612,51,121,"Montgomery County, VA",2008,45828,43811,2017,4.4,51933,51121,51,933,51,121
28621,51,143,"Pittsylvania County, VA",2008,31744,29473,2271,7.2,51939,51143,51,939,51,143
28624,51,149,"Prince George County, VA",2008,14971,14282,689,4.6,51941,51149,51,941,51,149
28625,51,153,"Prince William County, VA",2008,205732,198411,7321,3.6,51942,51153,51,942,51,153
28629,51,161,"Roanoke County, VA",2008,49704,47992,1712,3.4,51944,51161,51,944,51,161
28630,51,163,"Rockbridge County, VA",2008,11491,10980,511,4.4,51945,51163,51,945,51,163
28631,51,165,"Rockingham County, VA",2008,42199,40674,1525,3.6,51947,51165,51,947,51,165
28636,51,175,"Southampton County, VA",2008,8109,7688,421,5.2,51949,51175,51,949,51,175
28637,51,177,"Spotsylvania County, VA",2008,66122,63683,2439,3.7,51951,51177,51,951,51,177
28643,51,191,"Washington County, VA",2008,27502,26043,1459,5.3,51953,51191,51,953,51,191
28645,51,195,"Wise County, VA",2008,18096,17195,901,5,51955,51195,51,955,51,195
28647,51,199,"York County, VA",2008,31269,30157,1112,3.6,51958,51199,51,958,51,199
28649,51,520,"Bristol city, VA",2008,8093,7591,502,6.2,51953,51520,51,953,51,520
28650,51,530,"Buena Vista city, VA",2008,3450,3260,190,5.5,51945,51530,51,945,51,530
28651,51,540,"Charlottesville city, VA",2008,21703,20790,913,4.2,51901,51540,51,901,51,540
28653,51,570,"Colonial Heights city, VA",2008,9316,8871,445,4.8,51918,51570,51,918,51,570
28654,51,580,"Covington city, VA",2008,2678,2481,197,7.4,51903,51580,51,903,51,580
28655,51,590,"Danville city, VA",2008,20219,18219,2000,9.9,51939,51590,51,939,51,590
28657,51,600,"Fairfax city, VA",2008,14387,13888,499,3.5,51919,51600,51,919,51,600
28658,51,610,"Falls Church city, VA",2008,6908,6609,299,4.3,51919,51610,51,919,51,610
28660,51,630,"Fredericksburg city, VA",2008,12972,12128,844,6.5,51951,51630,51,951,51,630
28661,51,640,"Galax city, VA",2008,3132,2926,206,6.6,51913,51640,51,913,51,640
28663,51,660,"Harrisonburg city, VA",2008,22958,21925,1033,4.5,51947,51660,51,947,51,660
28664,51,670,"Hopewell city, VA",2008,10663,9977,686,6.4,51941,51670,51,941,51,670
28666,51,680,"Lynchburg city, VA",2008,35112,33301,1811,5.2,51911,51680,51,911,51,680
28667,51,683,"Manassas city, VA",2008,20058,19146,912,4.5,51942,51683,51,942,51,683
28668,51,685,"Manassas Park city, VA",2008,6623,6355,268,4,51942,51685,51,942,51,685
28669,51,690,"Martinsville city, VA",2008,5961,5198,763,12.8,51929,51690,51,929,51,690
28672,51,720,"Norton city, VA",2008,1620,1529,91,5.6,51955,51720,51,955,51,720
28673,51,730,"Petersburg city, VA",2008,14311,13187,1124,7.9,51918,51730,51,918,51,730
28674,51,735,"Poquoson city, VA",2008,6390,6179,211,3.3,51958,51735,51,958,51,735
28676,51,750,"Radford city, VA",2008,7993,7536,457,5.7,51933,51750,51,933,51,750
28679,51,775,"Salem city, VA",2008,13630,13093,537,3.9,51944,51775,51,944,51,775
28680,51,790,"Staunton city, VA",2008,11861,11313,548,4.6,51907,51790,51,907,51,790
28683,51,820,"Waynesboro city, VA",2008,10423,9872,551,5.3,51907,51820,51,907,51,820
28684,51,830,"Williamsburg city, VA",2008,5345,4852,493,9.2,51931,51830,51,931,51,830
28685,51,840,"Winchester city, VA",2008,14344,13640,704,4.9,51921,51840,51,921,51,840
31829,51,121,"Montgomery County, VA",2009,45648,42404,3244,7.1,51933,51121,51,933,51,121
31838,51,143,"Pittsylvania County, VA",2009,31966,28511,3455,10.8,51939,51143,51,939,51,143
31841,51,149,"Prince George County, VA",2009,15118,14048,1070,7.1,51941,51149,51,941,51,149
31842,51,153,"Prince William County, VA",2009,209271,197618,11653,5.6,51942,51153,51,942,51,153
31846,51,161,"Roanoke County, VA",2009,48708,45783,2925,6,51944,51161,51,944,51,161
31847,51,163,"Rockbridge County, VA",2009,11720,10948,772,6.6,51945,51163,51,945,51,163
31848,51,165,"Rockingham County, VA",2009,41878,39370,2508,6,51947,51165,51,947,51,165
31853,51,175,"Southampton County, VA",2009,8132,7471,661,8.1,51949,51175,51,949,51,175
31854,51,177,"Spotsylvania County, VA",2009,65184,61441,3743,5.7,51951,51177,51,951,51,177
31860,51,191,"Washington County, VA",2009,27125,24770,2355,8.7,51953,51191,51,953,51,191
31862,51,195,"Wise County, VA",2009,19498,18181,1317,6.8,51955,51195,51,955,51,195
31864,51,199,"York County, VA",2009,30559,28902,1657,5.4,51958,51199,51,958,51,199
31866,51,520,"Bristol city, VA",2009,8166,7335,831,10.2,51953,51520,51,953,51,520
31867,51,530,"Buena Vista city, VA",2009,3465,3164,301,8.7,51945,51530,51,945,51,530
31868,51,540,"Charlottesville city, VA",2009,21811,20374,1437,6.6,51901,51540,51,901,51,540
31870,51,570,"Colonial Heights city, VA",2009,9203,8464,739,8,51918,51570,51,918,51,570
31871,51,580,"Covington city, VA",2009,2756,2473,283,10.3,51903,51580,51,903,51,580
31872,51,590,"Danville city, VA",2009,20221,17437,2784,13.8,51939,51590,51,939,51,590
31874,51,600,"Fairfax city, VA",2009,14585,13761,824,5.6,51919,51600,51,919,51,600
31875,51,610,"Falls Church city, VA",2009,7291,6777,514,7,51919,51610,51,919,51,610
31877,51,630,"Fredericksburg city, VA",2009,13049,11802,1247,9.6,51951,51630,51,951,51,630
31878,51,640,"Galax city, VA",2009,3250,2929,321,9.9,51913,51640,51,913,51,640
31880,51,660,"Harrisonburg city, VA",2009,23149,21558,1591,6.9,51947,51660,51,947,51,660
31881,51,670,"Hopewell city, VA",2009,10608,9480,1128,10.6,51941,51670,51,941,51,670
31883,51,680,"Lynchburg city, VA",2009,35007,32130,2877,8.2,51911,51680,51,911,51,680
31884,51,683,"Manassas city, VA",2009,20561,19026,1535,7.5,51942,51683,51,942,51,683
31885,51,685,"Manassas Park city, VA",2009,6899,6473,426,6.2,51942,51685,51,942,51,685
31886,51,690,"Martinsville city, VA",2009,6253,5025,1228,19.6,51929,51690,51,929,51,690
31889,51,720,"Norton city, VA",2009,1732,1619,113,6.5,51955,51720,51,955,51,720
31890,51,730,"Petersburg city, VA",2009,14545,12568,1977,13.6,51918,51730,51,918,51,730
31891,51,735,"Poquoson city, VA",2009,6222,5893,329,5.3,51958,51735,51,958,51,735
31893,51,750,"Radford city, VA",2009,7960,7235,725,9.1,51933,51750,51,933,51,750
31896,51,775,"Salem city, VA",2009,13346,12476,870,6.5,51944,51775,51,944,51,775
31897,51,790,"Staunton city, VA",2009,11945,11060,885,7.4,51907,51790,51,907,51,790
31900,51,820,"Waynesboro city, VA",2009,10750,9814,936,8.7,51907,51820,51,907,51,820
31901,51,830,"Williamsburg city, VA",2009,5577,4734,843,15.1,51931,51830,51,931,51,830
31902,51,840,"Winchester city, VA",2009,14283,13103,1180,8.3,51921,51840,51,921,51,840
35048,51,121,"Montgomery County, VA",2010,47555,44117,3438,7.2,51933,51121,51,933,51,121
35057,51,143,"Pittsylvania County, VA",2010,30963,27529,3434,11.1,51939,51143,51,939,51,143
35060,51,149,"Prince George County, VA",2010,13985,12832,1153,8.2,51941,51149,51,941,51,149
35061,51,153,"Prince William County, VA",2010,218644,204995,13649,6.2,51942,51153,51,942,51,153
35065,51,161,"Roanoke County, VA",2010,49317,46114,3203,6.5,51944,51161,51,944,51,161
35066,51,163,"Rockbridge County, VA",2010,11158,10297,861,7.7,51945,51163,51,945,51,163
35067,51,165,"Rockingham County, VA",2010,40427,37637,2790,6.9,51947,51165,51,947,51,165
35072,51,175,"Southampton County, VA",2010,9510,8675,835,8.8,51949,51175,51,949,51,175
35073,51,177,"Spotsylvania County, VA",2010,63445,58892,4553,7.2,51951,51177,51,951,51,177
35079,51,191,"Washington County, VA",2010,27455,25226,2229,8.1,51953,51191,51,953,51,191
35081,51,195,"Wise County, VA",2010,17005,15553,1452,8.5,51955,51195,51,955,51,195
35083,51,199,"York County, VA",2010,31326,29363,1963,6.3,51958,51199,51,958,51,199
35085,51,520,"Bristol city, VA",2010,7991,7270,721,9,51953,51520,51,953,51,520
35086,51,530,"Buena Vista city, VA",2010,3255,2923,332,10.2,51945,51530,51,945,51,530
35087,51,540,"Charlottesville city, VA",2010,23229,21779,1450,6.2,51901,51540,51,901,51,540
35089,51,570,"Colonial Heights city, VA",2010,8548,7824,724,8.5,51918,51570,51,918,51,570
35090,51,580,"Covington city, VA",2010,2694,2402,292,10.8,51903,51580,51,903,51,580
35091,51,590,"Danville city, VA",2010,20163,17382,2781,13.8,51939,51590,51,939,51,590
35093,51,600,"Fairfax city, VA",2010,12674,11967,707,5.6,51919,51600,51,919,51,600
35094,51,610,"Falls Church city, VA",2010,7388,7018,370,5,51919,51610,51,919,51,610
35096,51,630,"Fredericksburg city, VA",2010,12446,11298,1148,9.2,51951,51630,51,951,51,630
35097,51,640,"Galax city, VA",2010,3179,2824,355,11.2,51913,51640,51,913,51,640
35099,51,660,"Harrisonburg city, VA",2010,23202,21240,1962,8.5,51947,51660,51,947,51,660
35100,51,670,"Hopewell city, VA",2010,9884,8717,1167,11.8,51941,51670,51,941,51,670
35102,51,680,"Lynchburg city, VA",2010,35899,32781,3118,8.7,51911,51680,51,911,51,680
35103,51,683,"Manassas city, VA",2010,21004,19494,1510,7.2,51942,51683,51,942,51,683
35104,51,685,"Manassas Park city, VA",2010,8076,7559,517,6.4,51942,51685,51,942,51,685
35105,51,690,"Martinsville city, VA",2010,6161,5063,1098,17.8,51929,51690,51,929,51,690
35108,51,720,"Norton city, VA",2010,2082,1927,155,7.4,51955,51720,51,955,51,720
35109,51,730,"Petersburg city, VA",2010,13922,11933,1989,14.3,51918,51730,51,918,51,730
35110,51,735,"Poquoson city, VA",2010,6402,6004,398,6.2,51958,51735,51,958,51,735
35112,51,750,"Radford city, VA",2010,7802,7057,745,9.5,51933,51750,51,933,51,750
35115,51,775,"Salem city, VA",2010,12806,11904,902,7,51944,51775,51,944,51,775
35116,51,790,"Staunton city, VA",2010,11864,10915,949,8,51907,51790,51,907,51,790
35119,51,820,"Waynesboro city, VA",2010,10189,9250,939,9.2,51907,51820,51,907,51,820
35120,51,830,"Williamsburg city, VA",2010,6530,5853,677,10.4,51931,51830,51,931,51,830
35121,51,840,"Winchester city, VA",2010,13705,12545,1160,8.5,51921,51840,51,921,51,840
38267,51,121,"Montgomery County, VA",2011,48292,45247,3045,6.3,51933,51121,51,933,51,121
38276,51,143,"Pittsylvania County, VA",2011,31113,28290,2823,9.1,51939,51143,51,939,51,143
38279,51,149,"Prince George County, VA",2011,14507,13378,1129,7.8,51941,51149,51,941,51,149
38280,51,153,"Prince William County, VA",2011,224848,212158,12690,5.6,51942,51153,51,942,51,153
38284,51,161,"Roanoke County, VA",2011,49648,46833,2815,5.7,51944,51161,51,944,51,161
38285,51,163,"Rockbridge County, VA",2011,10993,10249,744,6.8,51945,51163,51,945,51,163
38286,51,165,"Rockingham County, VA",2011,41252,38769,2483,6,51947,51165,51,947,51,165
38291,51,175,"Southampton County, VA",2011,9426,8704,722,7.7,51949,51175,51,949,51,175
38292,51,177,"Spotsylvania County, VA",2011,64187,59890,4297,6.7,51951,51177,51,951,51,177
38298,51,191,"Washington County, VA",2011,27852,25878,1974,7.1,51953,51191,51,953,51,191
38300,51,195,"Wise County, VA",2011,17229,15911,1318,7.6,51955,51195,51,955,51,195
38302,51,199,"York County, VA",2011,31856,29904,1952,6.1,51958,51199,51,958,51,199
38304,51,520,"Bristol city, VA",2011,8084,7416,668,8.3,51953,51520,51,953,51,520
38305,51,530,"Buena Vista city, VA",2011,3235,2940,295,9.1,51945,51530,51,945,51,530
38306,51,540,"Charlottesville city, VA",2011,23212,21918,1294,5.6,51901,51540,51,901,51,540
38308,51,570,"Colonial Heights city, VA",2011,8547,7904,643,7.5,51918,51570,51,918,51,570
38309,51,580,"Covington city, VA",2011,2658,2409,249,9.4,51903,51580,51,903,51,580
38310,51,590,"Danville city, VA",2011,20246,17894,2352,11.6,51939,51590,51,939,51,590
38312,51,600,"Fairfax city, VA",2011,12692,12070,622,4.9,51919,51600,51,919,51,600
38313,51,610,"Falls Church city, VA",2011,7506,7188,318,4.2,51919,51610,51,919,51,610
38315,51,630,"Fredericksburg city, VA",2011,13052,12006,1046,8,51951,51630,51,951,51,630
38316,51,640,"Galax city, VA",2011,3099,2781,318,10.3,51913,51640,51,913,51,640
38318,51,660,"Harrisonburg city, VA",2011,23747,21903,1844,7.8,51947,51660,51,947,51,660
38319,51,670,"Hopewell city, VA",2011,9895,8779,1116,11.3,51941,51670,51,941,51,670
38321,51,680,"Lynchburg city, VA",2011,35703,32834,2869,8,51911,51680,51,911,51,680
38322,51,683,"Manassas city, VA",2011,21377,20072,1305,6.1,51942,51683,51,942,51,683
38323,51,685,"Manassas Park city, VA",2011,8621,8140,481,5.6,51942,51685,51,942,51,685
38324,51,690,"Martinsville city, VA",2011,5892,4998,894,15.2,51929,51690,51,929,51,690
38327,51,720,"Norton city, VA",2011,2109,1964,145,6.9,51955,51720,51,955,51,720
38328,51,730,"Petersburg city, VA",2011,13690,11934,1756,12.8,51918,51730,51,918,51,730
38329,51,735,"Poquoson city, VA",2011,6360,5998,362,5.7,51958,51735,51,958,51,735
38331,51,750,"Radford city, VA",2011,8069,7391,678,8.4,51933,51750,51,933,51,750
38334,51,775,"Salem city, VA",2011,12814,12001,813,6.3,51944,51775,51,944,51,775
38335,51,790,"Staunton city, VA",2011,11985,11139,846,7.1,51907,51790,51,907,51,790
38338,51,820,"Waynesboro city, VA",2011,10161,9342,819,8.1,51907,51820,51,907,51,820
38339,51,830,"Williamsburg city, VA",2011,6733,6130,603,9,51931,51830,51,931,51,830
38340,51,840,"Winchester city, VA",2011,14053,13014,1039,7.4,51921,51840,51,921,51,840
41486,51,121,"Montgomery County, VA",2012,49090,46231,2859,5.8,51933,51121,51,933,51,121
41495,51,143,"Pittsylvania County, VA",2012,30684,28344,2340,7.6,51939,51143,51,939,51,143
41498,51,149,"Prince George County, VA",2012,14638,13574,1064,7.3,51941,51149,51,941,51,149
41499,51,153,"Prince William County, VA",2012,228525,216702,11823,5.2,51942,51153,51,942,51,153
41503,51,161,"Roanoke County, VA",2012,49504,46965,2539,5.1,51944,51161,51,944,51,161
41504,51,163,"Rockbridge County, VA",2012,10752,10110,642,6,51945,51163,51,945,51,163
41505,51,165,"Rockingham County, VA",2012,40816,38549,2267,5.6,51947,51165,51,947,51,165
41510,51,175,"Southampton County, VA",2012,9479,8896,583,6.2,51949,51175,51,949,51,175
41511,51,177,"Spotsylvania County, VA",2012,64049,60219,3830,6,51951,51177,51,951,51,177
41517,51,191,"Washington County, VA",2012,27726,25896,1830,6.6,51953,51191,51,953,51,191
41519,51,195,"Wise County, VA",2012,15979,14580,1399,8.8,51955,51195,51,955,51,195
41521,51,199,"York County, VA",2012,31672,29876,1796,5.7,51958,51199,51,958,51,199
41523,51,520,"Bristol city, VA",2012,7988,7417,571,7.1,51953,51520,51,953,51,520
41524,51,530,"Buena Vista city, VA",2012,3255,3004,251,7.7,51945,51530,51,945,51,530
41525,51,540,"Charlottesville city, VA",2012,23400,22225,1175,5,51901,51540,51,901,51,540
41527,51,570,"Colonial Heights city, VA",2012,8602,8016,586,6.8,51918,51570,51,918,51,570
41528,51,580,"Covington city, VA",2012,2639,2407,232,8.8,51903,51580,51,903,51,580
41529,51,590,"Danville city, VA",2012,19924,17902,2022,10.1,51939,51590,51,939,51,590
41531,51,600,"Fairfax city, VA",2012,12918,12373,545,4.2,51919,51600,51,919,51,600
41532,51,610,"Falls Church city, VA",2012,7719,7417,302,3.9,51919,51610,51,919,51,610
41534,51,630,"Fredericksburg city, VA",2012,13577,12638,939,6.9,51951,51630,51,951,51,630
41535,51,640,"Galax city, VA",2012,3051,2786,265,8.7,51913,51640,51,913,51,640
41537,51,660,"Harrisonburg city, VA",2012,24084,22345,1739,7.2,51947,51660,51,947,51,660
41538,51,670,"Hopewell city, VA",2012,9719,8760,959,9.9,51941,51670,51,941,51,670
41540,51,680,"Lynchburg city, VA",2012,35536,32933,2603,7.3,51911,51680,51,911,51,680
41541,51,683,"Manassas city, VA",2012,21898,20695,1203,5.5,51942,51683,51,942,51,683
41542,51,685,"Manassas Park city, VA",2012,8743,8290,453,5.2,51942,51685,51,942,51,685
41543,51,690,"Martinsville city, VA",2012,5729,5009,720,12.6,51929,51690,51,929,51,690
41546,51,720,"Norton city, VA",2012,1990,1841,149,7.5,51955,51720,51,955,51,720
41547,51,730,"Petersburg city, VA",2012,13585,11992,1593,11.7,51918,51730,51,918,51,730
41548,51,735,"Poquoson city, VA",2012,6353,6016,337,5.3,51958,51735,51,958,51,735
41550,51,750,"Radford city, VA",2012,8092,7463,629,7.8,51933,51750,51,933,51,750
41553,51,775,"Salem city, VA",2012,12896,12145,751,5.8,51944,51775,51,944,51,775
41554,51,790,"Staunton city, VA",2012,11807,11064,743,6.3,51907,51790,51,907,51,790
41557,51,820,"Waynesboro city, VA",2012,10024,9333,691,6.9,51907,51820,51,907,51,820
41558,51,830,"Williamsburg city, VA",2012,6832,6273,559,8.2,51931,51830,51,931,51,830
41559,51,840,"Winchester city, VA",2012,14223,13292,931,6.5,51921,51840,51,921,51,840
44705,51,121,"Montgomery County, VA",2013,49678,46938,2740,5.5,51933,51121,51,933,51,121
44714,51,143,"Pittsylvania County, VA",2013,30437,28347,2090,6.9,51939,51143,51,939,51,143
44717,51,149,"Prince George County, VA",2013,14740,13733,1007,6.8,51941,51149,51,941,51,149
44718,51,153,"Prince William County, VA",2013,231198,219435,11763,5.1,51942,51153,51,942,51,153
44722,51,161,"Roanoke County, VA",2013,49848,47408,2440,4.9,51944,51161,51,944,51,161
44723,51,163,"Rockbridge County, VA",2013,10419,9828,591,5.7,51945,51163,51,945,51,163
44724,51,165,"Rockingham County, VA",2013,40640,38627,2013,5,51947,51165,51,947,51,165
44729,51,175,"Southampton County, VA",2013,9244,8739,505,5.5,51949,51175,51,949,51,175
44730,51,177,"Spotsylvania County, VA",2013,64172,60530,3642,5.7,51951,51177,51,951,51,177
44736,51,191,"Washington County, VA",2013,27842,26111,1731,6.2,51953,51191,51,953,51,191
44738,51,195,"Wise County, VA",2013,15086,13561,1525,10.1,51955,51195,51,955,51,195
44740,51,199,"York County, VA",2013,31847,30175,1672,5.3,51958,51199,51,958,51,199
44742,51,520,"Bristol city, VA",2013,7822,7289,533,6.8,51953,51520,51,953,51,520
44743,51,530,"Buena Vista city, VA",2013,3314,3094,220,6.6,51945,51530,51,945,51,530
44744,51,540,"Charlottesville city, VA",2013,23410,22340,1070,4.6,51901,51540,51,901,51,540
44746,51,570,"Colonial Heights city, VA",2013,8662,8112,550,6.3,51918,51570,51,918,51,570
44747,51,580,"Covington city, VA",2013,2560,2350,210,8.2,51903,51580,51,903,51,580
44748,51,590,"Danville city, VA",2013,19789,17895,1894,9.6,51939,51590,51,939,51,590
44750,51,600,"Fairfax city, VA",2013,13118,12585,533,4.1,51919,51600,51,919,51,600
44751,51,610,"Falls Church city, VA",2013,7846,7547,299,3.8,51919,51610,51,919,51,610
44753,51,630,"Fredericksburg city, VA",2013,13763,12894,869,6.3,51951,51630,51,951,51,630
44754,51,640,"Galax city, VA",2013,3018,2764,254,8.4,51913,51640,51,913,51,640
44756,51,660,"Harrisonburg city, VA",2013,24033,22446,1587,6.6,51947,51660,51,947,51,660
44757,51,670,"Hopewell city, VA",2013,9650,8729,921,9.5,51941,51670,51,941,51,670
44759,51,680,"Lynchburg city, VA",2013,35740,33266,2474,6.9,51911,51680,51,911,51,680
44760,51,683,"Manassas city, VA",2013,22246,21075,1171,5.3,51942,51683,51,942,51,683
44761,51,685,"Manassas Park city, VA",2013,8808,8371,437,5,51942,51685,51,942,51,685
44762,51,690,"Martinsville city, VA",2013,5693,5067,626,11,51929,51690,51,929,51,690
44765,51,720,"Norton city, VA",2013,1869,1717,152,8.1,51955,51720,51,955,51,720
44766,51,730,"Petersburg city, VA",2013,13760,12190,1570,11.4,51918,51730,51,918,51,730
44767,51,735,"Poquoson city, VA",2013,6349,6041,308,4.9,51958,51735,51,958,51,735
44769,51,750,"Radford city, VA",2013,8336,7722,614,7.4,51933,51750,51,933,51,750
44772,51,775,"Salem city, VA",2013,13052,12310,742,5.7,51944,51775,51,944,51,775
44773,51,790,"Staunton city, VA",2013,11957,11278,679,5.7,51907,51790,51,907,51,790
44776,51,820,"Waynesboro city, VA",2013,10030,9437,593,5.9,51907,51820,51,907,51,820
44777,51,830,"Williamsburg city, VA",2013,6876,6360,516,7.5,51931,51830,51,931,51,830
44778,51,840,"Winchester city, VA",2013,14363,13547,816,5.7,51921,51840,51,921,51,840
47924,51,121,"Montgomery County, VA",2014,49948,47448,2500,5,51933,51121,51,933,51,121
47933,51,143,"Pittsylvania County, VA",2014,30353,28461,1892,6.2,51939,51143,51,939,51,143
47936,51,149,"Prince George County, VA",2014,14812,13894,918,6.2,51941,51149,51,941,51,149
47937,51,153,"Prince William County, VA",2014,232639,221468,11171,4.8,51942,51153,51,942,51,153
47941,51,161,"Roanoke County, VA",2014,50161,47911,2250,4.5,51944,51161,51,944,51,161
47942,51,163,"Rockbridge County, VA",2014,10334,9794,540,5.2,51945,51163,51,945,51,163
47943,51,165,"Rockingham County, VA",2014,40524,38662,1862,4.6,51947,51165,51,947,51,165
47948,51,175,"Southampton County, VA",2014,9156,8716,440,4.8,51949,51175,51,949,51,175
47949,51,177,"Spotsylvania County, VA",2014,64336,60922,3414,5.3,51951,51177,51,951,51,177
47955,51,191,"Washington County, VA",2014,27712,26146,1566,5.7,51953,51191,51,953,51,191
47957,51,195,"Wise County, VA",2014,14471,13123,1348,9.3,51955,51195,51,955,51,195
47959,51,199,"York County, VA",2014,31944,30376,1568,4.9,51958,51199,51,958,51,199
47961,51,520,"Bristol city, VA",2014,7746,7261,485,6.3,51953,51520,51,953,51,520
47962,51,530,"Buena Vista city, VA",2014,3317,3129,188,5.7,51945,51530,51,945,51,530
47963,51,540,"Charlottesville city, VA",2014,24308,23277,1031,4.2,51901,51540,51,901,51,540
47965,51,570,"Colonial Heights city, VA",2014,8732,8236,496,5.7,51918,51570,51,918,51,570
47966,51,580,"Covington city, VA",2014,2495,2299,196,7.9,51903,51580,51,903,51,580
47967,51,590,"Danville city, VA",2014,19649,17976,1673,8.5,51939,51590,51,939,51,590
47969,51,600,"Fairfax city, VA",2014,13292,12755,537,4,51919,51600,51,919,51,600
47970,51,610,"Falls Church city, VA",2014,7818,7542,276,3.5,51919,51610,51,919,51,610
47972,51,630,"Fredericksburg city, VA",2014,13716,12894,822,6,51951,51630,51,951,51,630
47973,51,640,"Galax city, VA",2014,3003,2786,217,7.2,51913,51640,51,913,51,640
47975,51,660,"Harrisonburg city, VA",2014,24296,22843,1453,6,51947,51660,51,947,51,660
47976,51,670,"Hopewell city, VA",2014,9682,8828,854,8.8,51941,51670,51,941,51,670
47978,51,680,"Lynchburg city, VA",2014,36112,33853,2259,6.3,51911,51680,51,911,51,680
47979,51,683,"Manassas city, VA",2014,22193,21102,1091,4.9,51942,51683,51,942,51,683
47980,51,685,"Manassas Park city, VA",2014,8190,7806,384,4.7,51942,51685,51,942,51,685
47981,51,690,"Martinsville city, VA",2014,5559,5017,542,9.7,51929,51690,51,929,51,690
47984,51,720,"Norton city, VA",2014,1811,1674,137,7.6,51955,51720,51,955,51,720
47985,51,730,"Petersburg city, VA",2014,13827,12371,1456,10.5,51918,51730,51,918,51,730
47986,51,735,"Poquoson city, VA",2014,6321,6039,282,4.5,51958,51735,51,958,51,735
47988,51,750,"Radford city, VA",2014,8495,7933,562,6.6,51933,51750,51,933,51,750
47991,51,775,"Salem city, VA",2014,13166,12499,667,5.1,51944,51775,51,944,51,775
47992,51,790,"Staunton city, VA",2014,12083,11472,611,5.1,51907,51790,51,907,51,790
47995,51,820,"Waynesboro city, VA",2014,10104,9574,530,5.2,51907,51820,51,907,51,820
47996,51,830,"Williamsburg city, VA",2014,6658,6178,480,7.2,51931,51830,51,931,51,830
47997,51,840,"Winchester city, VA",2014,14481,13753,728,5,51921,51840,51,921,51,840
51143,51,121,"Montgomery County, VA",2015,49925,47798,2127,4.3,51933,51121,51,933,51,121
51152,51,143,"Pittsylvania County, VA",2015,30185,28606,1579,5.2,51939,51143,51,939,51,143
51155,51,149,"Prince George County, VA",2015,14928,14133,795,5.3,51941,51149,51,941,51,149
51156,51,153,"Prince William County, VA",2015,232296,222831,9465,4.1,51942,51153,51,942,51,153
51160,51,161,"Roanoke County, VA",2015,49273,47365,1908,3.9,51944,51161,51,944,51,161
51161,51,163,"Rockbridge County, VA",2015,10363,9882,481,4.6,51945,51163,51,945,51,163
51162,51,165,"Rockingham County, VA",2015,40273,38639,1634,4.1,51947,51165,51,947,51,165
51167,51,175,"Southampton County, VA",2015,9234,8869,365,4,51949,51175,51,949,51,175
51168,51,177,"Spotsylvania County, VA",2015,64057,61127,2930,4.6,51951,51177,51,951,51,177
51174,51,191,"Washington County, VA",2015,27083,25804,1279,4.7,51953,51191,51,953,51,191
51176,51,195,"Wise County, VA",2015,13831,12701,1130,8.2,51955,51195,51,955,51,195
51178,51,199,"York County, VA",2015,32121,30763,1358,4.2,51958,51199,51,958,51,199
51180,51,520,"Bristol city, VA",2015,7541,7143,398,5.3,51953,51520,51,953,51,520
51181,51,530,"Buena Vista city, VA",2015,3307,3141,166,5,51945,51530,51,945,51,530
51182,51,540,"Charlottesville city, VA",2015,24746,23846,900,3.6,51901,51540,51,901,51,540
51184,51,570,"Colonial Heights city, VA",2015,8700,8295,405,4.7,51918,51570,51,918,51,570
51185,51,580,"Covington city, VA",2015,2427,2283,144,5.9,51903,51580,51,903,51,580
51186,51,590,"Danville city, VA",2015,19184,17819,1365,7.1,51939,51590,51,939,51,590
51188,51,600,"Fairfax city, VA",2015,12853,12409,444,3.5,51919,51600,51,919,51,600
51189,51,610,"Falls Church city, VA",2015,7878,7641,237,3,51919,51610,51,919,51,610
51191,51,630,"Fredericksburg city, VA",2015,13419,12712,707,5.3,51951,51630,51,951,51,630
51192,51,640,"Galax city, VA",2015,2957,2798,159,5.4,51913,51640,51,913,51,640
51194,51,660,"Harrisonburg city, VA",2015,23977,22722,1255,5.2,51947,51660,51,947,51,660
51195,51,670,"Hopewell city, VA",2015,9655,8933,722,7.5,51941,51670,51,941,51,670
51197,51,680,"Lynchburg city, VA",2015,35763,33791,1972,5.5,51911,51680,51,911,51,680
51198,51,683,"Manassas city, VA",2015,21681,20794,887,4.1,51942,51683,51,942,51,683
51199,51,685,"Manassas Park city, VA",2015,8367,8022,345,4.1,51942,51685,51,942,51,685
51200,51,690,"Martinsville city, VA",2015,5375,4909,466,8.7,51929,51690,51,929,51,690
51203,51,720,"Norton city, VA",2015,1739,1620,119,6.8,51955,51720,51,955,51,720
51204,51,730,"Petersburg city, VA",2015,13547,12320,1227,9.1,51918,51730,51,918,51,730
51205,51,735,"Poquoson city, VA",2015,6226,5988,238,3.8,51958,51735,51,958,51,735
51207,51,750,"Radford city, VA",2015,8323,7859,464,5.6,51933,51750,51,933,51,750
51210,51,775,"Salem city, VA",2015,12816,12258,558,4.4,51944,51775,51,944,51,775
51211,51,790,"Staunton city, VA",2015,11857,11348,509,4.3,51907,51790,51,907,51,790
51214,51,820,"Waynesboro city, VA",2015,10050,9576,474,4.7,51907,51820,51,907,51,820
51215,51,830,"Williamsburg city, VA",2015,6682,6264,418,6.3,51931,51830,51,931,51,830
51216,51,840,"Winchester city, VA",2015,14256,13640,616,4.3,51921,51840,51,921,51,840
54362,51,121,"Montgomery County, VA",2016,49796,47769,2027,4.1,51933,51121,51,933,51,121
54371,51,143,"Pittsylvania County, VA",2016,29732,28343,1389,4.7,51939,51143,51,939,51,143
54374,51,149,"Prince George County, VA",2016,14949,14234,715,4.8,51941,51149,51,941,51,149
54375,51,153,"Prince William County, VA",2016,235285,226848,8437,3.6,51942,51153,51,942,51,153
54379,51,161,"Roanoke County, VA",2016,49206,47475,1731,3.5,51944,51161,51,944,51,161
54380,51,163,"Rockbridge County, VA",2016,10475,10024,451,4.3,51945,51163,51,945,51,163
54381,51,165,"Rockingham County, VA",2016,40616,39212,1404,3.5,51947,51165,51,947,51,165
54386,51,175,"Southampton County, VA",2016,9049,8699,350,3.9,51949,51175,51,949,51,175
54387,51,177,"Spotsylvania County, VA",2016,65027,62413,2614,4,51951,51177,51,951,51,177
54393,51,191,"Washington County, VA",2016,26881,25687,1194,4.4,51953,51191,51,953,51,191
54395,51,195,"Wise County, VA",2016,13211,12109,1102,8.3,51955,51195,51,955,51,195
54397,51,199,"York County, VA",2016,32155,30926,1229,3.8,51958,51199,51,958,51,199
54399,51,520,"Bristol city, VA",2016,7455,7084,371,5,51953,51520,51,953,51,520
54400,51,530,"Buena Vista city, VA",2016,3279,3115,164,5,51945,51530,51,945,51,530
54401,51,540,"Charlottesville city, VA",2016,24916,24088,828,3.3,51901,51540,51,901,51,540
54403,51,570,"Colonial Heights city, VA",2016,8723,8338,385,4.4,51918,51570,51,918,51,570
54404,51,580,"Covington city, VA",2016,2385,2247,138,5.8,51903,51580,51,903,51,580
54405,51,590,"Danville city, VA",2016,19125,17984,1141,6,51939,51590,51,939,51,590
54407,51,600,"Fairfax city, VA",2016,12993,12602,391,3,51919,51600,51,919,51,600
54408,51,610,"Falls Church city, VA",2016,7993,7778,215,2.7,51919,51610,51,919,51,610
54410,51,630,"Fredericksburg city, VA",2016,13575,12936,639,4.7,51951,51630,51,951,51,630
54411,51,640,"Galax city, VA",2016,2905,2764,141,4.9,51913,51640,51,913,51,640
54413,51,660,"Harrisonburg city, VA",2016,24259,23107,1152,4.7,51947,51660,51,947,51,660
54414,51,670,"Hopewell city, VA",2016,9786,9157,629,6.4,51941,51670,51,941,51,670
54416,51,680,"Lynchburg city, VA",2016,35557,33738,1819,5.1,51911,51680,51,911,51,680
54417,51,683,"Manassas city, VA",2016,21626,20858,768,3.6,51942,51683,51,942,51,683
54418,51,685,"Manassas Park city, VA",2016,8493,8188,305,3.6,51942,51685,51,942,51,685
54419,51,690,"Martinsville city, VA",2016,5167,4807,360,7,51929,51690,51,929,51,690
54422,51,720,"Norton city, VA",2016,1662,1550,112,6.7,51955,51720,51,955,51,720
54423,51,730,"Petersburg city, VA",2016,13214,12194,1020,7.7,51918,51730,51,918,51,730
54424,51,735,"Poquoson city, VA",2016,6176,5963,213,3.4,51958,51735,51,958,51,735
54426,51,750,"Radford city, VA",2016,8267,7826,441,5.3,51933,51750,51,933,51,750
54429,51,775,"Salem city, VA",2016,12909,12409,500,3.9,51944,51775,51,944,51,775
54430,51,790,"Staunton city, VA",2016,11808,11354,454,3.8,51907,51790,51,907,51,790
54433,51,820,"Waynesboro city, VA",2016,10205,9788,417,4.1,51907,51820,51,907,51,820
54434,51,830,"Williamsburg city, VA",2016,6720,6354,366,5.4,51931,51830,51,931,51,830
54435,51,840,"Winchester city, VA",2016,14345,13780,565,3.9,51921,51840,51,921,51,840
57581,51,121,"Montgomery County, VA",2017,50146,48280,1866,3.7,51933,51121,51,933,51,121
57590,51,143,"Pittsylvania County, VA",2017,30945,29632,1313,4.2,51939,51143,51,939,51,143
57593,51,149,"Prince George County, VA",2017,15063,14398,665,4.4,51941,51149,51,941,51,149
57594,51,153,"Prince William County, VA",2017,241599,233452,8147,3.4,51942,51153,51,942,51,153
57598,51,161,"Roanoke County, VA",2017,49368,47703,1665,3.4,51944,51161,51,944,51,161
57599,51,163,"Rockbridge County, VA",2017,10672,10235,437,4.1,51945,51163,51,945,51,163
57600,51,165,"Rockingham County, VA",2017,40983,39664,1319,3.2,51947,51165,51,947,51,165
57605,51,175,"Southampton County, VA",2017,9120,8796,324,3.6,51949,51175,51,949,51,175
57606,51,177,"Spotsylvania County, VA",2017,66005,63568,2437,3.7,51951,51177,51,951,51,177
57612,51,191,"Washington County, VA",2017,27081,25980,1101,4.1,51953,51191,51,953,51,191
57614,51,195,"Wise County, VA",2017,13666,12804,862,6.3,51955,51195,51,955,51,195
57616,51,199,"York County, VA",2017,32817,31676,1141,3.5,51958,51199,51,958,51,199
57618,51,520,"Bristol city, VA",2017,7415,7084,331,4.5,51953,51520,51,953,51,520
57619,51,530,"Buena Vista city, VA",2017,3387,3245,142,4.2,51945,51530,51,945,51,530
57620,51,540,"Charlottesville city, VA",2017,26018,25224,794,3.1,51901,51540,51,901,51,540
57622,51,570,"Colonial Heights city, VA",2017,8831,8477,354,4,51918,51570,51,918,51,570
57623,51,580,"Covington city, VA",2017,2469,2322,147,6,51903,51580,51,903,51,580
57624,51,590,"Danville city, VA",2017,20117,18991,1126,5.6,51939,51590,51,939,51,590
57626,51,600,"Fairfax city, VA",2017,13082,12710,372,2.8,51919,51600,51,919,51,600
57627,51,610,"Falls Church city, VA",2017,8408,8188,220,2.6,51919,51610,51,919,51,610
57629,51,630,"Fredericksburg city, VA",2017,13722,13128,594,4.3,51951,51630,51,951,51,630
57630,51,640,"Galax city, VA",2017,3034,2909,125,4.1,51913,51640,51,913,51,640
57632,51,660,"Harrisonburg city, VA",2017,25005,23915,1090,4.4,51947,51660,51,947,51,660
57633,51,670,"Hopewell city, VA",2017,9833,9236,597,6.1,51941,51670,51,941,51,670
57635,51,680,"Lynchburg city, VA",2017,36372,34606,1766,4.9,51911,51680,51,911,51,680
57636,51,683,"Manassas city, VA",2017,21844,21114,730,3.3,51942,51683,51,942,51,683
57637,51,685,"Manassas Park city, VA",2017,8926,8629,297,3.3,51942,51685,51,942,51,685
57638,51,690,"Martinsville city, VA",2017,5560,5214,346,6.2,51929,51690,51,929,51,690
57641,51,720,"Norton city, VA",2017,1717,1627,90,5.2,51955,51720,51,955,51,720
57642,51,730,"Petersburg city, VA",2017,13269,12308,961,7.2,51918,51730,51,918,51,730
57643,51,735,"Poquoson city, VA",2017,6326,6113,213,3.4,51958,51735,51,958,51,735
57645,51,750,"Radford city, VA",2017,8417,8006,411,4.9,51933,51750,51,933,51,750
57648,51,775,"Salem city, VA",2017,13160,12674,486,3.7,51944,51775,51,944,51,775
57649,51,790,"Staunton city, VA",2017,11975,11551,424,3.5,51907,51790,51,907,51,790
57652,51,820,"Waynesboro city, VA",2017,10520,10103,417,4,51907,51820,51,907,51,820
57653,51,830,"Williamsburg city, VA",2017,6804,6454,350,5.1,51931,51830,51,931,51,830
57654,51,840,"Winchester city, VA",2017,14611,14083,528,3.6,51921,51840,51,921,51,840
60800,51,121,"Montgomery County, VA",2018,50065,48582,1483,3,51933,51121,51,933,51,121
60809,51,143,"Pittsylvania County, VA",2018,30612,29521,1091,3.6,51939,51143,51,939,51,143
60812,51,149,"Prince George County, VA",2018,15047,14498,549,3.6,51941,51149,51,941,51,149
60813,51,153,"Prince William County, VA",2018,243484,236756,6728,2.8,51942,51153,51,942,51,153
60817,51,161,"Roanoke County, VA",2018,49269,47922,1347,2.7,51944,51161,51,944,51,161
60818,51,163,"Rockbridge County, VA",2018,10611,10291,320,3,51945,51163,51,945,51,163
60819,51,165,"Rockingham County, VA",2018,41252,40145,1107,2.7,51947,51165,51,947,51,165
60824,51,175,"Southampton County, VA",2018,9066,8813,253,2.8,51949,51175,51,949,51,175
60825,51,177,"Spotsylvania County, VA",2018,66424,64377,2047,3.1,51951,51177,51,951,51,177
60831,51,191,"Washington County, VA",2018,26772,25862,910,3.4,51953,51191,51,953,51,191
60833,51,195,"Wise County, VA",2018,13262,12603,659,5,51955,51195,51,955,51,195
60835,51,199,"York County, VA",2018,32790,31870,920,2.8,51958,51199,51,958,51,199
60837,51,520,"Bristol city, VA",2018,7206,6934,272,3.8,51953,51520,51,953,51,520
60838,51,530,"Buena Vista city, VA",2018,3364,3258,106,3.2,51945,51530,51,945,51,530
60839,51,540,"Charlottesville city, VA",2018,26070,25402,668,2.6,51901,51540,51,901,51,540
60841,51,570,"Colonial Heights city, VA",2018,8773,8479,294,3.4,51918,51570,51,918,51,570
60842,51,580,"Covington city, VA",2018,2410,2297,113,4.7,51903,51580,51,903,51,580
60843,51,590,"Danville city, VA",2018,19654,18651,1003,5.1,51939,51590,51,939,51,590
60845,51,600,"Fairfax city, VA",2018,13327,13021,306,2.3,51919,51600,51,919,51,600
60846,51,610,"Falls Church city, VA",2018,8516,8331,185,2.2,51919,51610,51,919,51,610
60848,51,630,"Fredericksburg city, VA",2018,14020,13531,489,3.5,51951,51630,51,951,51,630
60849,51,640,"Galax city, VA",2018,2942,2840,102,3.5,51913,51640,51,913,51,640
60851,51,660,"Harrisonburg city, VA",2018,24655,23790,865,3.5,51947,51660,51,947,51,660
60852,51,670,"Hopewell city, VA",2018,9686,9219,467,4.8,51941,51670,51,941,51,670
60854,51,680,"Lynchburg city, VA",2018,36391,34924,1467,4,51911,51680,51,911,51,680
60855,51,683,"Manassas city, VA",2018,21861,21267,594,2.7,51942,51683,51,942,51,683
60856,51,685,"Manassas Park city, VA",2018,9300,9045,255,2.7,51942,51685,51,942,51,685
60857,51,690,"Martinsville city, VA",2018,5492,5238,254,4.6,51929,51690,51,929,51,690
60860,51,720,"Norton city, VA",2018,1672,1605,67,4,51955,51720,51,955,51,720
60861,51,730,"Petersburg city, VA",2018,13039,12233,806,6.2,51918,51730,51,918,51,730
60862,51,735,"Poquoson city, VA",2018,6387,6215,172,2.7,51958,51735,51,958,51,735
60864,51,750,"Radford city, VA",2018,8650,8320,330,3.8,51933,51750,51,933,51,750
60867,51,775,"Salem city, VA",2018,12957,12569,388,3,51944,51775,51,944,51,775
60868,51,790,"Staunton city, VA",2018,12064,11718,346,2.9,51907,51790,51,907,51,790
60871,51,820,"Waynesboro city, VA",2018,10563,10220,343,3.2,51907,51820,51,907,51,820
60872,51,830,"Williamsburg city, VA",2018,6700,6428,272,4.1,51931,51830,51,931,51,830
60873,51,840,"Winchester city, VA",2018,14604,14167,437,3,51921,51840,51,921,51,840
64019,51,121,"Montgomery County, VA",2019,50598,49190,1408,2.8,51933,51121,51,933,51,121
64028,51,143,"Pittsylvania County, VA",2019,30169,29168,1001,3.3,51939,51143,51,939,51,143
64031,51,149,"Prince George County, VA",2019,15208,14702,506,3.3,51941,51149,51,941,51,149
64032,51,153,"Prince William County, VA",2019,248238,241973,6265,2.5,51942,51153,51,942,51,153
64036,51,161,"Roanoke County, VA",2019,49858,48606,1252,2.5,51944,51161,51,944,51,161
64037,51,163,"Rockbridge County, VA",2019,10840,10547,293,2.7,51945,51163,51,945,51,163
64038,51,165,"Rockingham County, VA",2019,42678,41674,1004,2.4,51947,51165,51,947,51,165
64043,51,175,"Southampton County, VA",2019,9162,8920,242,2.6,51949,51175,51,949,51,175
64044,51,177,"Spotsylvania County, VA",2019,68420,66450,1970,2.9,51951,51177,51,951,51,177
64050,51,191,"Washington County, VA",2019,26415,25537,878,3.3,51953,51191,51,953,51,191
64052,51,195,"Wise County, VA",2019,13390,12776,614,4.6,51955,51195,51,955,51,195
64054,51,199,"York County, VA",2019,33214,32336,878,2.6,51958,51199,51,958,51,199
64056,51,520,"Bristol city, VA",2019,7319,7046,273,3.7,51953,51520,51,953,51,520
64057,51,530,"Buena Vista city, VA",2019,3476,3383,93,2.7,51945,51530,51,945,51,530
64058,51,540,"Charlottesville city, VA",2019,26240,25623,617,2.4,51901,51540,51,901,51,540
64060,51,570,"Colonial Heights city, VA",2019,8591,8315,276,3.2,51918,51570,51,918,51,570
64061,51,580,"Covington city, VA",2019,2415,2317,98,4.1,51903,51580,51,903,51,580
64062,51,590,"Danville city, VA",2019,19183,18231,952,5,51939,51590,51,939,51,590
64064,51,600,"Fairfax city, VA",2019,13225,12942,283,2.1,51919,51600,51,919,51,600
64065,51,610,"Falls Church city, VA",2019,8561,8383,178,2.1,51919,51610,51,919,51,610
64067,51,630,"Fredericksburg city, VA",2019,14182,13707,475,3.3,51951,51630,51,951,51,630
64068,51,640,"Galax city, VA",2019,2927,2833,94,3.2,51913,51640,51,913,51,640
64070,51,660,"Harrisonburg city, VA",2019,24788,23993,795,3.2,51947,51660,51,947,51,660
64071,51,670,"Hopewell city, VA",2019,9666,9251,415,4.3,51941,51670,51,941,51,670
64073,51,680,"Lynchburg city, VA",2019,36639,35287,1352,3.7,51911,51680,51,911,51,680
64074,51,683,"Manassas city, VA",2019,21887,21338,549,2.5,51942,51683,51,942,51,683
64075,51,685,"Manassas Park city, VA",2019,9525,9290,235,2.5,51942,51685,51,942,51,685
64076,51,690,"Martinsville city, VA",2019,5487,5264,223,4.1,51929,51690,51,929,51,690
64079,51,720,"Norton city, VA",2019,1684,1623,61,3.6,51955,51720,51,955,51,720
64080,51,730,"Petersburg city, VA",2019,12953,12229,724,5.6,51918,51730,51,918,51,730
64081,51,735,"Poquoson city, VA",2019,6472,6317,155,2.4,51958,51735,51,958,51,735
64083,51,750,"Radford city, VA",2019,8727,8419,308,3.5,51933,51750,51,933,51,750
64086,51,775,"Salem city, VA",2019,12917,12560,357,2.8,51944,51775,51,944,51,775
64087,51,790,"Staunton city, VA",2019,12282,11954,328,2.7,51907,51790,51,907,51,790
64090,51,820,"Waynesboro city, VA",2019,10728,10420,308,2.9,51907,51820,51,907,51,820
64091,51,830,"Williamsburg city, VA",2019,6765,6505,260,3.8,51931,51830,51,931,51,830
64092,51,840,"Winchester city, VA",2019,14815,14404,411,2.8,51921,51840,51,921,51,840
67239,51,121,"Montgomery County, VA",2020,48776,46362,2414,4.9,51933,51121,51,933,51,121
67248,51,143,"Pittsylvania County, VA",2020,29796,27807,1989,6.7,51939,51143,51,939,51,143
67251,51,149,"Prince George County, VA",2020,14895,13895,1000,6.7,51941,51149,51,941,51,149
67252,51,153,"Prince William County, VA",2020,246236,229633,16603,6.7,51942,51153,51,942,51,153
67256,51,161,"Roanoke County, VA",2020,48770,46198,2572,5.3,51944,51161,51,944,51,161
67257,51,163,"Rockbridge County, VA",2020,10373,9781,592,5.7,51945,51163,51,945,51,163
67258,51,165,"Rockingham County, VA",2020,41503,39479,2024,4.9,51947,51165,51,947,51,165
67263,51,175,"Southampton County, VA",2020,9037,8575,462,5.1,51949,51175,51,949,51,175
67264,51,177,"Spotsylvania County, VA",2020,67617,63432,4185,6.2,51951,51177,51,951,51,177
67270,51,191,"Washington County, VA",2020,25815,24262,1553,6,51953,51191,51,953,51,191
67272,51,195,"Wise County, VA",2020,13054,12032,1022,7.8,51955,51195,51,955,51,195
67274,51,199,"York County, VA",2020,32597,30724,1873,5.7,51958,51199,51,958,51,199
67276,51,520,"Bristol city, VA",2020,7517,6928,589,7.8,51953,51520,51,953,51,520
67277,51,530,"Buena Vista city, VA",2020,3181,2997,184,5.8,51945,51530,51,945,51,530
67278,51,540,"Charlottesville city, VA",2020,25133,23437,1696,6.7,51901,51540,51,901,51,540
67280,51,570,"Colonial Heights city, VA",2020,8336,7716,620,7.4,51918,51570,51,918,51,570
67281,51,580,"Covington city, VA",2020,2403,2163,240,10,51903,51580,51,903,51,580
67282,51,590,"Danville city, VA",2020,19160,17236,1924,10,51939,51590,51,939,51,590
67284,51,600,"Fairfax city, VA",2020,12618,11859,759,6,51919,51600,51,919,51,600
67285,51,610,"Falls Church city, VA",2020,8207,7882,325,4,51919,51610,51,919,51,610
67287,51,630,"Fredericksburg city, VA",2020,14100,13060,1040,7.4,51951,51630,51,951,51,630
67288,51,640,"Galax city, VA",2020,2868,2638,230,8,51913,51640,51,913,51,640
67290,51,660,"Harrisonburg city, VA",2020,24232,22621,1611,6.6,51947,51660,51,947,51,660
67291,51,670,"Hopewell city, VA",2020,9687,8601,1086,11.2,51941,51670,51,941,51,670
67293,51,680,"Lynchburg city, VA",2020,35666,32975,2691,7.5,51911,51680,51,911,51,680
67294,51,683,"Manassas city, VA",2020,21381,19927,1454,6.8,51942,51683,51,942,51,683
67295,51,685,"Manassas Park city, VA",2020,9661,8992,669,6.9,51942,51685,51,942,51,685
67296,51,690,"Martinsville city, VA",2020,5627,4990,637,11.3,51929,51690,51,929,51,690
67299,51,720,"Norton city, VA",2020,1652,1525,127,7.7,51955,51720,51,955,51,720
67300,51,730,"Petersburg city, VA",2020,13043,11124,1919,14.7,51918,51730,51,918,51,730
67301,51,735,"Poquoson city, VA",2020,6199,5929,270,4.4,51958,51735,51,958,51,735
67303,51,750,"Radford city, VA",2020,8496,7941,555,6.5,51933,51750,51,933,51,750
67306,51,775,"Salem city, VA",2020,12668,11907,761,6,51944,51775,51,944,51,775
67307,51,790,"Staunton city, VA",2020,12180,11384,796,6.5,51907,51790,51,907,51,790
67310,51,820,"Waynesboro city, VA",2020,10589,9863,726,6.9,51907,51820,51,907,51,820
67311,51,830,"Williamsburg city, VA",2020,6797,6223,574,8.4,51931,51830,51,931,51,830
67312,51,840,"Winchester city, VA",2020,14599,13699,900,6.2,51921,51840,51,921,51,840
70459,51,121,"Montgomery County, VA",2021,49876,48372,1504,3,51933,51121,51,933,51,121
70468,51,143,"Pittsylvania County, VA",2021,29678,28488,1190,4,51939,51143,51,939,51,143
70471,51,149,"Prince George County, VA",2021,14931,14258,673,4.5,51941,51149,51,941,51,149
70472,51,153,"Prince William County, VA",2021,245005,235333,9672,3.9,51942,51153,51,942,51,153
70476,51,161,"Roanoke County, VA",2021,48627,47089,1538,3.2,51944,51161,51,944,51,161
70477,51,163,"Rockbridge County, VA",2021,10523,10132,391,3.7,51945,51163,51,945,51,163
70478,51,165,"Rockingham County, VA",2021,41987,40739,1248,3,51947,51165,51,947,51,165
70483,51,175,"Southampton County, VA",2021,8850,8541,309,3.5,51949,51175,51,949,51,175
70484,51,177,"Spotsylvania County, VA",2021,67579,65012,2567,3.8,51951,51177,51,951,51,177
70490,51,191,"Washington County, VA",2021,25578,24659,919,3.6,51953,51191,51,953,51,191
70492,51,195,"Wise County, VA",2021,12744,12075,669,5.2,51955,51195,51,955,51,195
70494,51,199,"York County, VA",2021,32540,31462,1078,3.3,51958,51199,51,958,51,199
70496,51,520,"Bristol city, VA",2021,7405,7056,349,4.7,51953,51520,51,953,51,520
70497,51,530,"Buena Vista city, VA",2021,2992,2874,118,3.9,51945,51530,51,945,51,530
70498,51,540,"Charlottesville city, VA",2021,25037,24122,915,3.7,51901,51540,51,901,51,540
70500,51,570,"Colonial Heights city, VA",2021,8316,7922,394,4.7,51918,51570,51,918,51,570
70501,51,580,"Covington city, VA",2021,2297,2164,133,5.8,51903,51580,51,903,51,580
70502,51,590,"Danville city, VA",2021,18632,17447,1185,6.4,51939,51590,51,939,51,590
70504,51,600,"Fairfax city, VA",2021,12596,12165,431,3.4,51919,51600,51,919,51,600
70505,51,610,"Falls Church city, VA",2021,8308,8086,222,2.7,51919,51610,51,919,51,610
70507,51,630,"Fredericksburg city, VA",2021,14035,13382,653,4.7,51951,51630,51,951,51,630
70508,51,640,"Galax city, VA",2021,2823,2705,118,4.2,51913,51640,51,913,51,640
70510,51,660,"Harrisonburg city, VA",2021,24355,23361,994,4.1,51947,51660,51,947,51,660
70511,51,670,"Hopewell city, VA",2021,9512,8823,689,7.2,51941,51670,51,941,51,670
70513,51,680,"Lynchburg city, VA",2021,35240,33459,1781,5.1,51911,51680,51,911,51,680
70514,51,683,"Manassas city, VA",2021,21263,20432,831,3.9,51942,51683,51,942,51,683
70515,51,685,"Manassas Park city, VA",2021,9590,9227,363,3.8,51942,51685,51,942,51,685
70516,51,690,"Martinsville city, VA",2021,5557,5149,408,7.3,51929,51690,51,929,51,690
70519,51,720,"Norton city, VA",2021,1609,1529,80,5,51955,51720,51,955,51,720
70520,51,730,"Petersburg city, VA",2021,12709,11418,1291,10.2,51918,51730,51,918,51,730
70521,51,735,"Poquoson city, VA",2021,6246,6071,175,2.8,51958,51735,51,958,51,735
70523,51,750,"Radford city, VA",2021,8639,8283,356,4.1,51933,51750,51,933,51,750
70526,51,775,"Salem city, VA",2021,12579,12129,450,3.6,51944,51775,51,944,51,775
70527,51,790,"Staunton city, VA",2021,12049,11588,461,3.8,51907,51790,51,907,51,790
70530,51,820,"Waynesboro city, VA",2021,10471,10038,433,4.1,51907,51820,51,907,51,820
70531,51,830,"Williamsburg city, VA",2021,6699,6375,324,4.8,51931,51830,51,931,51,830
70532,51,840,"Winchester city, VA",2021,14670,14155,515,3.5,51921,51840,51,921,51,840
