fips code,total emissions,YEAR
9001,3694264.37428919,2020
9003,3889143.831048799,2020
9005,614970.6716046835,2020
9007,841997.489261349,2020
9009,3539671.2012647153,2020
9011,1287116.2424435224,2020
9013,684486.751841989,2020
9015,561942.2202061297,2020
10001,781191.3117876187,2020
10003,2634498.9750856888,2020
10005,1149435.3416933664,2020
11001,1819928.710077709,2020
23001,460715.4452297177,2020
23003,370255.6201200878,2020
23005,1472611.838263676,2020
23007,177515.5323489157,2020
23009,342543.4805601159,2020
23011,741360.634148956,2020
23013,166512.6666702778,2020
23015,181750.3815906405,2020
23017,282510.1218419217,2020
23019,831659.7208966115,2020
23021,90343.76477905299,2020
23023,225258.1739616014,2020
23025,357934.4838945362,2020
23027,193403.1909835916,2020
23029,189223.2575600657,2020
23031,1080127.6615774028,2020
24001,378130.21709268814,2020
24003,2720333.067531758,2020
24005,3824924.59735878,2020
24009,327411.67973147496,2020
24011,189967.685673212,2020
24013,606130.8524458556,2020
24015,700884.4507489289,2020
24017,561763.261461782,2020
24019,161239.6987878908,2020
24021,1452969.8790213394,2020
24023,264351.9721584397,2020
24025,1175409.0724070983,2020
24027,1866461.301657729,2020
24029,104229.25047012724,2020
24031,3500547.530610254,2020
24033,4105329.630923858,2020
24035,510138.3956531228,2020
24037,424439.214154105,2020
24039,122487.0702548011,2020
24041,295626.663262379,2020
24043,1120410.181905492,2020
24045,440535.9662867688,2020
24047,406804.86126661027,2020
24510,1794602.177410417,2020
25001,1264242.5572301063,2020
25003,486716.2252566847,2020
25005,2101237.90186363,2020
25007,97193.20084738858,2020
25009,3361907.703551404,2020
25011,468558.6518857386,2020
25013,1887548.556972162,2020
25015,548811.5454535771,2020
25017,6425667.080004509,2020
25019,72477.43593177077,2020
25021,2979917.961250062,2020
25023,2005377.9716909316,2020
25025,1780281.6989546404,2020
25027,3649656.0105279447,2020
33001,346403.25686664553,2020
33003,270597.05179596646,2020
33005,311620.52058536035,2020
33007,168688.8406345938,2020
33009,507104.8117738323,2020
33011,1529320.2928823717,2020
33013,961362.3028575593,2020
33015,1635567.533889637,2020
33017,524727.1762687479,2020
33019,179860.6540216425,2020
34001,1116438.5380120783,2020
34003,3182429.4445623453,2020
34005,2026685.1919448231,2020
34007,1799107.2105222149,2020
34009,504498.2484726331,2020
34011,524956.7007172017,2020
34013,2447807.560449318,2020
34015,1318321.7273463672,2020
34017,1229976.1507569111,2020
34019,962485.6469199342,2020
34021,1541696.527738415,2020
34023,3605213.3926711935,2020
34025,2566198.1009205384,2020
34027,2322529.5281747826,2020
34029,1989222.9182742976,2020
34031,1292046.820686062,2020
34033,364150.8876328665,2020
34035,1652924.420978679,2020
34037,492749.2379598513,2020
34039,1909335.616997069,2020
34041,749576.2030089546,2020
36001,1436158.4125721385,2020
36003,224357.863990456,2020
36005,1751559.192244646,2020
36007,912344.316255435,2020
36009,416516.1673893986,2020
36011,355580.6333752184,2020
36013,666179.434251077,2020
36015,409351.486561834,2020
36017,241068.7393827362,2020
36019,354343.0831061157,2020
36021,351671.61141598993,2020
36023,286432.2413912227,2020
36025,281123.2773086303,2020
36027,1180774.3746235925,2020
36029,3198358.764890326,2020
36031,283788.3376423964,2020
36033,202145.4713430377,2020
36035,198036.42252878658,2020
36037,495193.7983614013,2020
36039,359468.80244157056,2020
36041,47716.8752684872,2020
36043,342094.3489902317,2020
36045,543312.5325485033,2020
36047,2684811.350812976,2020
36049,143716.51141362588,2020
36051,361826.24771943636,2020
36053,396648.272260671,2020
36055,2593098.408435508,2020
36057,390348.609759545,2020
36059,4146237.7040335936,2020
36061,1684015.3126763145,2020
36063,609633.923195138,2020
36065,1022928.172656134,2020
36067,1845869.368641257,2020
36069,666894.696638241,2020
36071,1929106.2543303391,2020
36073,135708.3743717267,2020
36075,532557.5653118838,2020
36077,301906.6415511937,2020
36079,513376.1860392604,2020
36081,3860763.300443939,2020
36083,605105.9350531196,2020
36085,1013432.435190286,2020
36087,1151168.3985915547,2020
36089,452523.5005981621,2020
36091,1192231.8312293296,2020
36093,526045.0851523139,2020
36095,166967.6096242271,2020
36097,88345.4945756873,2020
36099,235016.9393343956,2020
36101,653136.373429317,2020
36103,5901356.465159365,2020
36105,481998.249341165,2020
36107,404090.2261177659,2020
36109,314803.8244677888,2020
36111,908996.1907065581,2020
36113,389771.78737719555,2020
36115,240349.11924750335,2020
36117,364055.2759445243,2020
36119,3459303.426627419,2020
36121,168083.02272568838,2020
36123,106124.9998289651,2020
42001,470761.42048735404,2020
42003,3798636.3898162646,2020
42005,276874.25856282783,2020
42007,598383.954214606,2020
42009,597194.6326891771,2020
42011,1778398.117776238,2020
42013,493157.139691368,2020
42015,305955.7364052069,2020
42017,2211936.2670710767,2020
42019,940571.4227700549,2020
42021,516895.562262017,2020
42023,39262.201702966,2020
42025,452701.025645401,2020
42027,833489.8335967802,2020
42029,2023965.6202253755,2020
42031,347047.455498482,2020
42033,743548.943080418,2020
42035,370427.9304752593,2020
42037,367871.19173183397,2020
42039,411021.42404399504,2020
42041,1608344.956641587,2020
42043,1414638.6637429919,2020
42045,1565480.4432759006,2020
42047,141437.09071070352,2020
42049,1031378.616168433,2020
42051,527568.622610316,2020
42053,31679.421408684,2020
42055,892009.8528131143,2020
42057,278841.00053284055,2020
42059,303683.3714623394,2020
42061,208017.2863141229,2020
42063,375228.62523058004,2020
42065,320570.59603607503,2020
42067,154544.41931900432,2020
42069,940141.3403104909,2020
42071,2208137.0106609715,2020
42073,372570.16442679404,2020
42075,709974.5286431832,2020
42077,1534195.999678645,2020
42079,1559280.015836378,2020
42081,523767.4415940882,2020
42083,157583.693961634,2020
42085,711320.972264024,2020
42087,205830.96152649948,2020
42089,838610.050300302,2020
42091,3087976.9842372444,2020
42093,173739.5790602929,2020
42095,1131446.5174222304,2020
42097,404813.9176355894,2020
42099,262864.7282925801,2020
42101,2868492.938821141,2020
42103,278998.8585283059,2020
42105,91563.1409696114,2020
42107,757550.90983299,2020
42109,210569.0895661263,2020
42111,587001.439698735,2020
42113,47641.487066436195,2020
42115,367688.2533867653,2020
42117,300565.16848821024,2020
42119,306183.2592790964,2020
42121,303983.5257156832,2020
42123,169135.294111434,2020
42125,1224575.521442799,2020
42127,212092.414382377,2020
42129,1629070.7043585796,2020
42131,142783.685051034,2020
42133,1715305.3450019702,2020
44001,186705.2688408693,2020
44003,586123.754558949,2020
44005,315218.536672504,2020
44007,2318968.25869817,2020
44009,439049.039686393,2020
50001,153604.2032840634,2020
50003,160487.0489475308,2020
50005,158909.733507463,2020
50007,607867.316758304,2020
50009,25948.2667404352,2020
50011,191381.666195734,2020
50013,34370.5585801717,2020
50015,113439.97433542491,2020
50017,163888.1156202415,2020
50019,113131.549566766,2020
50021,245702.494103103,2020
50023,267963.805610938,2020
50025,244480.274512001,2020
50027,373234.278543033,2020
51001,210369.4501734699,2020
51003,636649.984620237,2020
51005,155115.855783243,2020
51007,89249.1576883174,2020
51009,213462.7053584347,2020
51011,83076.0644484206,2020
51013,578622.8478697664,2020
51015,818397.0876933141,2020
51017,25153.8718969032,2020
51019,316894.2748560692,2020
51021,183118.5096283748,2020
51023,489992.2499891711,2020
51025,220393.6800326556,2020
51027,89996.4221879583,2020
51029,86855.32020426971,2020
51031,342067.26354093023,2020
51033,500901.59851414786,2020
51035,367683.8604500094,2020
51036,40504.78335571226,2020
51037,80028.7087796806,2020
51041,1670283.1096596522,2020
51043,135498.2588324713,2020
51045,18801.5442241743,2020
51047,206219.6582752436,2020
51049,45068.377025933005,2020
51051,59008.07981906559,2020
51053,275359.1087751621,2020
51057,70328.1716104176,2020
51059,3646071.70198262,2020
51061,634166.053762128,2020
51063,74085.2013385043,2020
51065,79291.0253464297,2020
51067,302403.4538671302,2020
51069,662528.193031578,2020
51071,104720.9648222666,2020
51073,162962.8800600094,2020
51075,336523.87828459905,2020
51077,54888.3812828664,2020
51079,71469.3795228394,2020
51081,195878.83701587922,2020
51083,200334.568344346,2020
51085,871413.980652802,2020
51087,1452841.247243109,2020
51089,214784.885576131,2020
51091,14900.4019487883,2020
51093,211574.3719171589,2020
51095,320879.5033681043,2020
51097,43064.2427110893,2020
51099,117437.91769740729,2020
51101,76962.90965573961,2020
51103,58127.7576719364,2020
51105,93657.9704418451,2020
51107,1035972.6018485121,2020
51109,281717.59175251017,2020
51111,48449.3503766184,2020
51113,87255.376804727,2020
51115,26460.5414069602,2020
51117,308252.181843055,2020
51119,56769.0448662963,2020
51121,633300.8264328981,2020
51125,124856.50579191251,2020
51127,319095.6765739159,2020
51131,131269.188651047,2020
51133,56470.8596738818,2020
51135,104234.27349158899,2020
51137,124475.0813367299,2020
51139,83837.0338538647,2020
51141,79287.7739725375,2020
51143,341504.39949339203,2020
51145,162881.3191171243,2020
51147,128760.1997746777,2020
51149,360191.2034386148,2020
51153,1377405.248519948,2020
51155,325008.39493681863,2020
51157,39017.31987612,2020
51159,50812.7311335051,2020
51161,505547.34983371507,2020
51163,564096.428441499,2020
51165,588935.5879046032,2020
51167,128665.1690039945,2020
51169,124419.1640715224,2020
51171,553710.2057616567,2020
51173,251024.4821990779,2020
51175,171698.339443843,2020
51177,692951.3659939091,2020
51179,744615.538744724,2020
51181,33820.0254964274,2020
51183,242301.69428353297,2020
51185,439474.4645362367,2020
51187,307556.5655958185,2020
51191,441108.6544802123,2020
51193,61745.677959338296,2020
51195,165779.3755963427,2020
51197,535544.950565868,2020
51199,358305.4617521272,2020
51510,392147.2136368154,2020
51520,131285.0905558859,2020
51530,10630.017255803601,2020
51540,109244.39068434548,2020
51550,1090403.6841368224,2020
51570,105202.92246342481,2020
51580,21355.789239924,2020
51590,188229.7215997447,2020
51595,48713.5982259835,2020
51600,75374.4919742824,2020
51610,25737.5215727222,2020
51620,15777.1463447307,2020
51630,194335.21995963407,2020
51640,26470.8934070328,2020
51650,567926.4389705922,2020
51660,192444.17403590868,2020
51670,42809.5740025275,2020
51678,10667.561499682122,2020
51680,332208.0017021759,2020
51683,79477.52456339479,2020
51685,41231.4343327317,2020
51690,41684.679867137005,2020
51700,716019.6190845612,2020
51710,860782.9045544375,2020
51720,20701.4109788889,2020
51730,201163.5048555588,2020
51735,20586.3793375178,2020
51740,301234.81771671714,2020
51750,32440.4488053135,2020
51760,934429.7281076789,2020
51770,419315.80758561904,2020
51775,81007.1388233309,2020
51790,58818.6026634343,2020
51800,562595.476106446,2020
51810,1233611.731445974,2020
51820,71160.8558206995,2020
51830,42590.136136018904,2020
51840,70567.66456387736,2020
54001,58486.7396781669,2020
54003,584226.2185079397,2020
54005,110302.9814947285,2020
54007,190994.7416192167,2020
54009,82153.7272344799,2020
54011,451964.821443354,2020
54013,20270.1838474818,2020
54015,42271.6587076736,2020
54017,48722.5067180888,2020
54019,264059.4678032525,2020
54021,26061.0974460736,2020
54023,60344.498384298204,2020
54025,222447.697749055,2020
54027,89376.2030604796,2020
54029,66730.9741842144,2020
54031,85489.3442519087,2020
54033,435475.427748214,2020
54035,242982.772536448,2020
54037,196721.0805542086,2020
54039,1178256.484348378,2020
54041,186298.92056335302,2020
54043,60627.5291726246,2020
54045,132029.5363491888,2020
54047,74749.8572762063,2020
54049,275932.022194191,2020
54051,97531.8287130998,2020
54053,133123.1860115326,2020
54055,389284.58393333,2020
54057,84769.8207182582,2020
54059,106563.4698193997,2020
54061,507633.834750817,2020
54063,39807.297902718696,2020
54065,60757.1140877657,2020
54067,147412.544488109,2020
54069,246309.227617413,2020
54071,38126.01334626161,2020
54073,32475.7287134839,2020
54075,39423.8354492277,2020
54077,157360.5391973713,2020
54079,302917.505677855,2020
54081,465134.920687693,2020
54083,117131.6446840501,2020
54085,67755.6163971384,2020
54087,75486.9783931684,2020
54089,67379.9222024202,2020
54091,54016.4036727503,2020
54093,32396.703624165,2020
54095,30245.6940389377,2020
54097,83432.2122423594,2020
54099,147112.97406103808,2020
54101,24434.003220615,2020
54103,60225.9263360928,2020
54105,18952.320461332798,2020
54107,377264.945690453,2020
54109,79851.6534251293,2020
72001,32080.28524326219,2020
72003,67016.96436318592,2020
72005,123853.02403591305,2020
72007,26050.29135614921,2020
72009,40555.377159940115,2020
72011,43024.44096732759,2020
72013,240379.7604009518,2020
72015,22906.796809789103,2020
72017,69453.82968889512,2020
72019,33601.13328929871,2020
72021,346839.6791632762,2020
72023,75965.17441611596,2020
72025,388375.0169081968,2020
72027,43798.45104655447,2020
72029,84681.93006545473,2020
72031,327000.5176914294,2020
72033,37602.73015733892,2020
72035,160712.20747139913,2020
72037,26521.07554742847,2020
72039,34069.17242345637,2020
72041,64297.47511627489,2020
72043,46955.701076637095,2020
72045,18950.237278453213,2020
72047,37919.38908983358,2020
72049,1124.2064092139901,2020
72051,107120.72678064172,2020
72053,62143.58466787591,2020
72054,13085.192042379349,2020
72055,37488.074765702666,2020
72057,75984.36479957288,2020
72059,43560.30017665544,2020
72061,211903.4973827516,2020
72063,97240.78497491196,2020
72065,83366.82112217604,2020
72067,44544.38368416465,2020
72069,136164.24347181388,2020
72071,53889.24701174506,2020
72073,14900.803762812431,2020
72075,118312.36873242071,2020
72077,90995.67905988618,2020
72079,23745.194264009013,2020
72081,37309.467328787585,2020
72083,8583.078562213866,2020
72085,75120.49972645885,2020
72087,10551.654173156454,2020
72089,50714.38197253171,2020
72091,138454.3926559023,2020
72093,4723.65286927127,2020
72095,12053.185802381508,2020
72097,134626.35327294326,2020
72099,42773.90083647322,2020
72101,46306.31147790779,2020
72103,46976.83669056391,2020
72105,48658.61791129509,2020
72107,15957.559904307991,2020
72109,25537.883641612905,2020
72111,39888.353124509864,2020
72113,301742.1528955404,2020
72115,26831.420593368795,2020
72117,16143.006462391426,2020
72119,78047.98981551729,2020
72121,35096.498685059756,2020
72123,124823.96330066094,2020
72125,86644.85438390526,2020
72127,896330.4158636833,2020
72129,54842.82383468055,2020
72131,54492.20120710983,2020
72133,70498.91721724284,2020
72135,64521.60892795096,2020
72137,210732.77316157048,2020
72139,91692.88074874127,2020
72141,37050.34538369259,2020
72143,70619.68722961226,2020
72145,164988.56489409928,2020
72147,7875.657272556615,2020
72149,14075.719532097864,2020
72151,49336.0237955343,2020
72153,48961.86640964075,2020
78010,127045.82752652721,2020
78020,11321.974704603232,2020
78030,133701.4345687546,2020
1001,467074.922159472,2020
1003,2073743.280499577,2020
1005,181680.1568086783,2020
1007,148937.1471140175,2020
1009,402422.934159897,2020
1011,71961.3637417429,2020
1013,410575.802221494,2020
1015,745724.2843142389,2020
1017,268467.2404893228,2020
1019,167876.7654560041,2020
1021,535870.016722538,2020
1023,93504.81598884199,2020
1025,172703.3608961695,2020
1027,81456.2883426421,2020
1029,297404.7733425992,2020
1031,320800.4547063544,2020
1033,416336.064492334,2020
1035,276932.4824601854,2020
1037,107260.0749155801,2020
1039,276724.1250525338,2020
1041,106342.4844630939,2020
1043,724279.143584354,2020
1045,336037.918940195,2020
1047,233695.0511806242,2020
1049,556091.49774334,2020
1051,549562.392192953,2020
1053,399199.491980373,2020
1055,678307.718207692,2020
1057,99234.4448400447,2020
1059,190370.1482876037,2020
1061,170289.6518710687,2020
1063,250432.4492869846,2020
1065,106524.9028448248,2020
1067,144750.2991733535,2020
1069,708924.447106586,2020
1071,382686.5606963028,2020
1073,4873022.093735378,2020
1075,82394.88133693601,2020
1077,507280.917146711,2020
1079,269148.87992912624,2020
1081,1031249.515784524,2020
1083,834416.925828143,2020
1085,262044.30710245232,2020
1087,384995.3311136032,2020
1089,2264010.059054708,2020
1091,146688.2144255782,2020
1093,340226.436809828,2020
1095,539695.546097039,2020
1097,2791076.1380278235,2020
1099,136536.7327334531,2020
1101,1683735.690985499,2020
1103,862147.7686643827,2020
1105,54365.4160570584,2020
1107,130724.4220871356,2020
1109,253017.693600769,2020
1111,127002.98427787251,2020
1113,397538.89264456,2020
1115,872522.340149527,2020
1117,1385728.751156404,2020
1119,242421.5727422136,2020
1121,665370.699291784,2020
1123,283257.515045324,2020
1125,1694481.4085997608,2020
1127,569742.5911495708,2020
1129,140595.9875618734,2020
1131,78572.4764938682,2020
1133,132192.53758128028,2020
12001,1815899.046862736,2020
12003,308055.0109264948,2020
12005,1025900.6640340589,2020
12007,192002.5267499425,2020
12009,3568834.161828553,2020
12011,8927126.869579038,2020
12013,94735.8798017091,2020
12015,1058360.7125533042,2020
12017,724621.4772721546,2020
12019,888287.018321923,2020
12021,1984250.0633661468,2020
12023,798814.866415082,2020
12027,220914.004168983,2020
12029,105547.4029464715,2020
12031,5515364.136837802,2020
12033,1779471.6568651926,2020
12035,634100.720610688,2020
12037,95239.97817215491,2020
12039,429131.13299136097,2020
12041,108118.1844887729,2020
12043,121714.3939469642,2020
12045,104412.2249285778,2020
12047,351253.2415814103,2020
12049,175665.7553282892,2020
12051,247957.9445378678,2020
12053,1014941.990547476,2020
12055,483768.905672015,2020
12057,7227405.218788142,2020
12059,169513.9777345438,2020
12061,922370.9248890973,2020
12063,502264.799863777,2020
12065,211649.0816368923,2020
12067,48204.686845346296,2020
12069,1856679.5569362668,2020
12071,3692281.031095558,2020
12073,1428978.2516411333,2020
12075,288760.1722147394,2020
12077,49824.4139425172,2020
12079,289058.3030893122,2020
12081,1965225.9701663787,2020
12083,2420051.674817856,2020
12085,1307659.5950331055,2020
12086,11240715.513558334,2020
12087,613912.6054373654,2020
12089,672957.6439770934,2020
12091,1268832.7537727116,2020
12093,280611.0478972949,2020
12095,8083584.109671694,2020
12097,2142707.4475331176,2020
12099,7713590.8534712605,2020
12101,2647182.7127966867,2020
12103,4237178.507764473,2020
12105,3867093.023752306,2020
12107,399460.0934279,2020
12109,1732838.6739295921,2020
12111,1766880.3415534464,2020
12113,1060299.882380625,2020
12115,2386714.6176288184,2020
12117,2177371.637993463,2020
12119,1036780.1602191331,2020
12121,466777.496895205,2020
12123,154501.3456344137,2020
12125,82213.8019409716,2020
12127,3352882.386912672,2020
12129,166986.7833972615,2020
12131,773650.7444757901,2020
12133,245116.0082923084,2020
13001,165769.77463728422,2020
13003,77399.3192576257,2020
13005,77144.6760730216,2020
13007,40486.829687649595,2020
13009,179323.8883785075,2020
13011,188974.89713361225,2020
13013,405403.2964682568,2020
13015,1077577.6225163336,2020
13017,97355.84819144607,2020
13019,114997.8366495088,2020
13021,1144482.379430665,2020
13023,85952.8893358915,2020
13025,109249.70428574974,2020
13027,112172.6174356759,2020
13029,449255.76892503386,2020
13031,522956.7037005875,2020
13033,189010.1510837169,2020
13035,225631.80360712137,2020
13037,40016.5052087235,2020
13039,562781.2162150412,2020
13043,161989.7112488825,2020
13045,677469.460840739,2020
13047,489620.816993437,2020
13049,85998.0464340128,2020
13051,1814302.3322445774,2020
13053,50109.5856697944,2020
13055,145356.9138351053,2020
13057,1210832.680223517,2020
13059,584895.9984900982,2020
13061,27443.7932837689,2020
13063,1579212.4367865762,2020
13065,79451.17183289111,2020
13067,3767928.726988584,2020
13069,259825.4647112278,2020
13071,252784.27251703668,2020
13073,692279.819833986,2020
13075,335260.09826966043,2020
13077,951982.8106598826,2020
13079,64450.336499854406,2020
13081,333022.5828199133,2020
13083,237401.9460306692,2020
13085,162300.38684148403,2020
13087,227135.3704388586,2020
13089,4183283.128545015,2020
13091,140952.430483223,2020
13093,320453.8567893532,2020
13095,531931.9330421311,2020
13097,880571.5708103729,2020
13099,103445.0681761639,2020
13101,25456.8956919315,2020
13103,265414.7167044353,2020
13105,144305.10985784806,2020
13107,257293.413674941,2020
13109,62835.513531775956,2020
13111,157690.30582182482,2020
13113,644770.3959292794,2020
13115,606230.9893428311,2020
13117,1123256.3771889347,2020
13119,361982.313839133,2020
13121,7114580.901715853,2020
13123,174304.3958222091,2020
13125,18904.2009741634,2020
13127,647772.0986905345,2020
13129,528545.7772475065,2020
13131,164191.5983898137,2020
13133,223224.45570419478,2020
13135,4250509.73138272,2020
13137,257609.3534586076,2020
13139,1117814.2888954163,2020
13141,58261.364284496594,2020
13143,233662.73183757966,2020
13145,306415.7082496703,2020
13147,172443.4282617323,2020
13149,74338.55749976727,2020
13151,1565231.163782114,2020
13153,799179.3422187077,2020
13155,72781.27491776,2020
13157,691737.2998076357,2020
13159,84250.55656060924,2020
13161,85857.95837907684,2020
13163,147546.95349195274,2020
13165,75442.2717222386,2020
13167,57114.74691976223,2020
13169,142971.04921336912,2020
13171,156707.1558973411,2020
13173,52168.795131875806,2020
13175,478044.3880716204,2020
13177,165993.51112278868,2020
13179,470116.4509630406,2020
13181,51073.1225616042,2020
13183,85138.31020210305,2020
13185,885445.4823078655,2020
13187,163412.4542118923,2020
13189,222281.487081587,2020
13191,354695.9497919491,2020
13193,88454.2243307361,2020
13195,177596.20230911256,2020
13197,50247.1802254122,2020
13199,184710.88590693494,2020
13201,58937.20147205541,2020
13205,176025.1253929135,2020
13207,626991.0879573519,2020
13209,65967.0555952576,2020
13211,332313.7978393812,2020
13213,165610.9996958463,2020
13215,959689.547941868,2020
13217,709122.9326689099,2020
13219,279688.0255230556,2020
13221,80831.15033556121,2020
13223,684381.2403419673,2020
13225,326521.5202586503,2020
13227,209669.87903832013,2020
13229,108343.70090988939,2020
13231,98666.16616320776,2020
13233,238101.21927927897,2020
13235,73502.16027496825,2020
13237,154502.0547407391,2020
13239,23939.0551898847,2020
13241,118438.48924410154,2020
13243,78189.04923250359,2020
13245,1192598.8334397464,2020
13247,633700.0183730602,2020
13249,40304.1914051156,2020
13251,103712.44444462108,2020
13253,59996.602167385405,2020
13255,463490.7581265231,2020
13257,160902.12154127937,2020
13259,76001.56408024879,2020
13261,199624.5028394876,2020
13263,76348.982542892,2020
13265,90599.25381788661,2020
13267,136995.4853073353,2020
13269,97337.7346124429,2020
13271,104513.6371652768,2020
13273,96291.13036320622,2020
13275,278067.0978818901,2020
13277,450478.25555962103,2020
13279,175458.7823143479,2020
13281,80574.4266434717,2020
13283,137997.6718825922,2020
13285,624053.1819943525,2020
13287,243268.1531133377,2020
13289,219310.3646865748,2020
13291,143535.8453070834,2020
13293,136996.7983656893,2020
13295,314248.0360212623,2020
13297,519403.6834778365,2020
13299,270075.89103846235,2020
13301,141304.6575454924,2020
13303,149824.77670148667,2020
13305,208437.04321255579,2020
13307,36366.594943203,2020
13309,59638.1396574294,2020
13311,142266.2549734401,2020
13313,766300.1531700928,2020
13315,57562.4490277554,2020
13317,81659.5568816393,2020
13319,105674.4490355291,2020
13321,176129.1674950241,2020
21001,94287.1281523527,2020
21003,81011.6561715148,2020
21005,114046.60052971011,2020
21007,43322.9054587031,2020
21009,312607.846710118,2020
21011,110845.60996600341,2020
21013,134690.5292767009,2020
21015,929053.1077192919,2020
21017,102995.0814419094,2020
21019,229428.457447179,2020
21021,148266.6460024531,2020
21023,44682.3247522338,2020
21025,63541.2282487541,2020
21027,77865.4182701067,2020
21029,623632.208437046,2020
21031,92592.86185287009,2020
21033,113598.2617838654,2020
21035,154187.2686524066,2020
21037,449826.05930073065,2020
21039,24728.0705419803,2020
21041,207790.02427767232,2020
21043,215509.6242650293,2020
21045,58117.1573749287,2020
21047,571508.053954018,2020
21049,295400.290770352,2020
21051,90743.9729121215,2020
21053,44556.5558147019,2020
21055,35238.5164594874,2020
21057,32380.348406534,2020
21059,460190.458254543,2020
21061,71328.7322921457,2020
21063,18883.0687548327,2020
21065,50116.7259639577,2020
21067,1766042.3982980298,2020
21069,63631.3977329875,2020
21071,206299.6280778721,2020
21073,326339.642129041,2020
21075,30803.6655233242,2020
21077,196574.7231636726,2020
21079,80148.05761519601,2020
21081,334175.6863593893,2020
21083,212704.814100475,2020
21085,158612.8612328827,2020
21087,42404.8602101161,2020
21089,155630.15172333992,2020
21091,43145.9839046243,2020
21093,800614.952844547,2020
21095,102426.1671971534,2020
21097,71074.2737871116,2020
21099,292199.0461062843,2020
21101,275961.825222969,2020
21103,206345.91303736,2020
21105,26749.723215131802,2020
21107,310290.243948712,2020
21109,45924.861793443604,2020
21111,4147577.5443761265,2020
21113,212202.2010742028,2020
21115,95280.1290427101,2020
21117,879571.662508242,2020
21119,65358.5982412474,2020
21121,128963.09431570511,2020
21123,107971.4907076626,2020
21125,523700.758459654,2020
21127,85092.6840049718,2020
21129,26635.6572551814,2020
21131,50135.691160030205,2020
21133,93830.278487171,2020
21135,59350.739860649,2020
21137,109615.5387769593,2020
21139,79801.9341021741,2020
21141,145275.3393255398,2020
21143,186052.68019117392,2020
21145,427333.66317771,2020
21147,62604.8007206613,2020
21149,43553.4864634693,2020
21151,670628.470726516,2020
21153,60065.6308331572,2020
21155,82072.8497399537,2020
21157,313678.355185676,2020
21159,40504.2187047747,2020
21161,100267.1081407132,2020
21163,125893.069551541,2020
21165,25132.5317155705,2020
21167,106083.5002112555,2020
21169,50431.5742053133,2020
21171,37940.8454996574,2020
21173,180789.62624960262,2020
21175,58986.25304453629,2020
21177,155958.6971801284,2020
21179,264404.3738909001,2020
21181,32097.975542521504,2020
21183,179734.93079089271,2020
21185,346604.815506665,2020
21187,44752.830376107595,2020
21189,15430.6407452799,2020
21191,49317.1964829754,2020
21193,152424.25751404752,2020
21195,308151.987614054,2020
21197,84412.8979803957,2020
21199,324774.12099624326,2020
21201,6973.714189135665,2020
21203,324810.9511588775,2020
21205,164523.2398401521,2020
21207,77983.703504881,2020
21209,483345.548725399,2020
21211,451361.496836672,2020
21213,251924.2451995384,2020
21215,67116.4987382788,2020
21217,113864.5692085271,2020
21219,60015.3740695964,2020
21221,134536.5239849608,2020
21223,43033.015333775,2020
21225,59039.2735664171,2020
21227,941518.616883094,2020
21229,80541.37169443,2020
21231,81877.59542987449,2020
21233,80594.9376117934,2020
21235,368946.360150674,2020
21237,51517.3017976296,2020
21239,207033.2093968799,2020
28001,171160.3572165736,2020
28003,253201.313762399,2020
28005,77089.0542843532,2020
28007,114288.1849716856,2020
28009,116749.4098563722,2020
28011,197394.961969198,2020
28013,82881.0249419091,2020
28015,147647.8064880208,2020
28017,132526.4374415378,2020
28019,54971.094134341,2020
28021,62532.5337844728,2020
28023,148871.6760484256,2020
28025,116944.3484248121,2020
28027,145639.72632991552,2020
28029,314288.328005083,2020
28031,226290.8631715299,2020
28033,1181043.8189206095,2020
28035,554151.207178113,2020
28037,71810.3061989042,2020
28039,150319.337568521,2020
28041,87900.792433272,2020
28043,183732.878605601,2020
28045,457420.440231257,2020
28047,1347085.52086694,2020
28049,1601999.5200027328,2020
28051,209510.3615912742,2020
28053,63278.132050360204,2020
28055,11281.358827364898,2020
28057,223547.7016329351,2020
28059,1114574.380215795,2020
28061,162779.7354116854,2020
28063,57798.171567590995,2020
28065,77398.1445830673,2020
28067,542561.3981735925,2020
28069,77181.817857302,2020
28071,331602.7791940377,2020
28073,408243.04372701794,2020
28075,605755.878468024,2020
28077,73649.5433326869,2020
28079,170873.5654833654,2020
28081,680197.985189078,2020
28083,179463.1280076538,2020
28085,310218.90523766796,2020
28087,414782.502435161,2020
28089,755907.242097179,2020
28091,156285.364836844,2020
28093,446984.74012194405,2020
28095,288938.7523221536,2020
28097,120485.1176973353,2020
28099,184627.492894913,2020
28101,252515.06699113682,2020
28103,85692.02186071599,2020
28105,296082.396896343,2020
28107,365204.002470329,2020
28109,440058.955323185,2020
28111,110531.224785748,2020
28113,304885.324111198,2020
28115,256903.6611707473,2020
28117,179624.9171246253,2020
28119,43059.2027904705,2020
28121,1130474.308860331,2020
28123,315290.7599475092,2020
28125,29252.122098297197,2020
28127,227022.6799161278,2020
28129,96037.14015568531,2020
28131,130311.0057730612,2020
28133,163144.7038120049,2020
28135,67006.7849311171,2020
28137,230705.8477984645,2020
28139,141181.9685701291,2020
28141,142005.3986268264,2020
28143,109423.1393487951,2020
28145,296449.0193622602,2020
28147,76212.82745665101,2020
28149,334874.021098828,2020
28151,272524.275241948,2020
28153,128656.0813763308,2020
28155,75753.614413423,2020
28157,66755.368058477,2020
28159,127932.7285235666,2020
28161,160545.4799108268,2020
28163,252696.6882886594,2020
37001,771535.3782481961,2020
37003,122798.0544141928,2020
37005,44152.5440948625,2020
37007,160332.8675150916,2020
37009,146158.4949959646,2020
37011,95984.0416568282,2020
37013,221529.0107084618,2020
37015,143983.3272410412,2020
37017,194979.1657214085,2020
37019,809399.2485556321,2020
37021,1384983.3076434024,2020
37023,509088.13062461,2020
37025,921078.804319671,2020
37027,347859.84234265203,2020
37029,70781.85730162536,2020
37031,373346.90053561097,2020
37033,108284.8330062558,2020
37035,932994.5700308362,2020
37037,435102.2015616,2020
37039,151238.8622939917,2020
37041,60814.16905413619,2020
37043,53143.2129040462,2020
37045,505173.2547389244,2020
37047,392959.444491557,2020
37049,477679.16852270404,2020
37051,1549592.5977656718,2020
37053,181373.56491051085,2020
37055,264774.60287057876,2020
37057,893663.7288769016,2020
37059,269887.5165670838,2020
37061,395889.1544252469,2020
37063,1668267.4295974728,2020
37065,248107.6362730731,2020
37067,2031887.8543289998,2020
37069,281853.3120672145,2020
37071,1117068.7874021465,2020
37073,62526.2551720772,2020
37075,40876.62922365471,2020
37077,355266.3856896686,2020
37079,109867.1262286322,2020
37081,2775331.4536750414,2020
37083,343910.1765178377,2020
37085,547868.643446305,2020
37087,506523.25505134376,2020
37089,584702.85997162,2020
37091,109372.80107389844,2020
37093,159198.34834708064,2020
37095,26713.222331669385,2020
37097,1051678.3906175173,2020
37099,276532.8646515253,2020
37101,1172175.0031919854,2020
37103,105421.37859998773,2020
37105,316750.8196268165,2020
37107,303457.9925691123,2020
37109,388178.6797880788,2020
37111,341500.34705718036,2020
37113,200568.1396821275,2020
37115,117502.7191502324,2020
37117,148621.48508651237,2020
37119,6027514.291322793,2020
37121,67416.93347729249,2020
37123,182854.98250835278,2020
37125,448101.034568364,2020
37127,737541.352367464,2020
37129,853702.690294495,2020
37131,148016.25365760422,2020
37133,811620.8028740092,2020
37135,746906.7202096066,2020
37137,61137.8450240007,2020
37139,164453.27827940646,2020
37141,430303.8266700357,2020
37143,80815.74221113074,2020
37145,162240.1513117106,2020
37147,690931.46673429,2020
37149,197179.49030621818,2020
37151,729719.0764040272,2020
37153,263062.0097596925,2020
37155,889240.9433923677,2020
37157,462993.68535238743,2020
37159,754539.8243519601,2020
37161,318921.9257586567,2020
37163,383295.4026250669,2020
37165,197248.497826831,2020
37167,252740.7609206146,2020
37169,171513.0334890178,2020
37171,532191.3652548444,2020
37173,126522.7196436789,2020
37175,139478.8852092915,2020
37177,36523.73605262794,2020
37179,818274.6638594248,2020
37181,242071.0413808387,2020
37183,4860308.3342381045,2020
37185,125384.97553966909,2020
37187,72047.40121440902,2020
37189,280145.62527608604,2020
37191,548186.577759975,2020
37193,339729.0213118923,2020
37195,518202.645089726,2020
37197,279354.6970998916,2020
37199,84735.5233686539,2020
45001,115845.2864722938,2020
45003,1054127.1855701935,2020
45005,56661.1243505745,2020
45007,1313444.8198463,2020
45009,80987.8099202924,2020
45011,119083.489466403,2020
45013,827661.159764271,2020
45015,1134389.312551008,2020
45017,329460.9385749875,2020
45019,2146209.18028002,2020
45021,524179.901424803,2020
45023,384210.3022507007,2020
45025,268986.392799743,2020
45027,416170.5725535623,2020
45029,568014.4031263943,2020
45031,436244.2140716842,2020
45033,365023.7648326364,2020
45035,836141.390037632,2020
45037,124085.9849571692,2020
45039,340327.8225223859,2020
45041,955879.8819685774,2020
45043,392761.87456789,2020
45045,2310525.83865702,2020
45047,327367.93492286676,2020
45049,179297.4331850723,2020
45051,1783638.81857135,2020
45053,647927.4543013,2020
45055,489539.106793075,2020
45057,395060.2594397915,2020
45059,601983.281196099,2020
45061,222075.82517424948,2020
45063,1745146.2775400968,2020
45065,72996.12601933691,2020
45067,227902.3180536104,2020
45069,172364.5389041988,2020
45071,463071.3567117342,2020
45073,436336.250929014,2020
45075,949086.0677672846,2020
45077,557246.247476964,2020
45079,2147848.8125036,2020
45081,120789.1738676483,2020
45083,1983378.0573771938,2020
45085,579650.9172000904,2020
45087,134780.77519970702,2020
45089,213733.7984485365,2020
45091,1304796.411017772,2020
47001,554844.3132935567,2020
47003,219817.8541847596,2020
47005,162219.5133548362,2020
47007,56091.7537939186,2020
47009,633091.978629077,2020
47011,695249.9698563003,2020
47013,385284.6996416574,2020
47015,93971.075898969,2020
47017,204416.8620190916,2020
47019,229467.6989284485,2020
47021,337830.157103564,2020
47023,87045.62937759841,2020
47025,151775.6017258428,2020
47027,34770.9137733213,2020
47029,313380.8550573388,2020
47031,605030.49514717,2020
47033,144318.0502235902,2020
47035,668379.4707535909,2020
47037,5441623.172307771,2020
47039,104446.8584046656,2020
47041,91469.6898657509,2020
47043,435160.9794249465,2020
47045,275296.7185399809,2020
47047,384483.14962682396,2020
47049,81125.993655732,2020
47051,191269.6626753463,2020
47053,216528.9634832623,2020
47055,317128.9535882453,2020
47057,127028.7361994664,2020
47059,700807.807796111,2020
47061,124333.4864161669,2020
47063,427057.406922512,2020
47065,2064854.7474779352,2020
47067,21903.2480952739,2020
47069,132725.8448252017,2020
47071,153481.3615825368,2020
47073,220687.7891917065,2020
47075,328785.82264545,2020
47077,372983.1166896319,2020
47079,174994.86726828752,2020
47081,250579.14136221612,2020
47083,32298.8697136206,2020
47085,213118.74268356952,2020
47087,49555.8584185788,2020
47089,571254.77446938,2020
47091,72144.870601561,2020
47093,3475689.9287359803,2020
47095,22547.9237327647,2020
47097,108524.55933271999,2020
47099,219318.4676215539,2020
47101,48392.7254122705,2020
47103,178357.1436190882,2020
47105,496980.818022652,2020
47107,566714.301688033,2020
47109,157209.3844421486,2020
47111,90322.824662065,2020
47113,802940.814274219,2020
47115,533920.0839782577,2020
47117,235042.9757229409,2020
47119,752896.7399462849,2020
47121,63360.5581138781,2020
47123,293028.0680290195,2020
47125,980438.4523011129,2020
47127,30751.0374763633,2020
47129,82143.6476370932,2020
47131,189964.362035654,2020
47133,113419.0101578648,2020
47135,40054.9372625965,2020
47137,22958.9952523695,2020
47139,100379.2920721279,2020
47141,787906.2023823601,2020
47143,158640.58647380178,2020
47145,452967.402014544,2020
47147,692098.178121609,2020
47149,2064938.8876302028,2020
47151,99108.0391305553,2020
47153,81361.3761497947,2020
47155,894240.5097481094,2020
47157,5346266.96586194,2020
47159,280775.07584877,2020
47161,75836.2419916631,2020
47163,875824.142749115,2020
47165,824154.2737982702,2020
47167,196010.456531223,2020
47169,47813.097614668804,2020
47171,128720.3359559676,2020
47173,76128.34624297051,2020
47175,34316.3047738669,2020
47177,179911.1730817146,2020
47179,676790.0589250011,2020
47181,67015.9616281433,2020
47183,162442.0535568027,2020
47185,138282.2778884761,2020
47187,1709219.301982688,2020
47189,1046124.676474075,2020
17001,268028.68036524503,2020
17003,56342.90811049966,2020
17005,164433.69720700328,2020
17007,295582.28507662646,2020
17009,31396.109157253002,2020
17011,308913.69453253964,2020
17013,21277.059842433537,2020
17015,75227.9210682187,2020
17017,54063.320258422544,2020
17019,970273.6072544963,2020
17021,166374.88122101699,2020
17023,233765.37183303098,2020
17025,83126.54277758158,2020
17027,232982.484301361,2020
17029,275872.5709227104,2020
17031,15542226.710806156,2020
17033,87982.0658306096,2020
17035,205691.6251830015,2020
17037,431133.4868014388,2020
17039,106613.83581326198,2020
17041,164176.289822646,2020
17043,3655129.540086317,2020
17045,82301.13092958671,2020
17047,39590.22028518089,2020
17049,420167.1758844831,2020
17051,269163.75778409804,2020
17053,85476.8620564431,2020
17055,277373.416767097,2020
17057,155114.52548450502,2020
17059,29848.26368058981,2020
17061,63895.106554058504,2020
17063,390541.73762942466,2020
17065,43918.85666443669,2020
17067,106758.76608482293,2020
17069,15588.781257811972,2020
17071,60344.18167278083,2020
17073,415828.4055332126,2020
17075,290228.339153044,2020
17077,216719.35675072,2020
17079,69980.27563931473,2020
17081,424234.577853507,2020
17083,103357.1104393391,2020
17085,119647.0458851306,2020
17087,166373.11822029055,2020
17089,1913906.4597766171,2020
17091,490056.134034849,2020
17093,392164.10385372676,2020
17095,304351.8221504086,2020
17097,2695830.770625698,2020
17099,733559.0247824151,2020
17101,80674.5832082698,2020
17103,334988.403586105,2020
17105,295496.157662432,2020
17107,318060.61877371697,2020
17109,130019.763424609,2020
17111,1169794.827336229,2020
17113,964331.3108935615,2020
17115,480240.8192003209,2020
17117,231424.715546909,2020
17119,1474178.060472458,2020
17121,284886.272671017,2020
17123,109116.21077950313,2020
17125,57789.141928686826,2020
17127,130951.48930533009,2020
17129,47196.9007520873,2020
17131,70135.3236300505,2020
17133,181903.9902615321,2020
17135,286459.09189124615,2020
17137,183699.99301834518,2020
17139,83041.73559053785,2020
17141,379516.878349402,2020
17143,807489.9791029636,2020
17145,94498.69795274221,2020
17147,148188.85374446338,2020
17149,166573.02908901128,2020
17151,21685.307192562737,2020
17153,81939.157148204,2020
17155,36321.7860715412,2020
17157,140176.676573721,2020
17159,76201.88872282037,2020
17161,590115.353623802,2020
17163,1362363.054353726,2020
17165,111447.2186042621,2020
17167,1071640.2612514622,2020
17169,44329.37686868204,2020
17171,54524.21641010638,2020
17173,137482.54788070987,2020
17175,34062.6080726062,2020
17177,194815.90055194998,2020
17179,644206.7224299336,2020
17181,140031.0354188268,2020
17183,362653.2292297848,2020
17185,46940.24254532629,2020
17187,112439.33461499853,2020
17189,259965.50607906017,2020
17191,154685.1193850188,2020
17193,114114.80008421907,2020
17195,295143.506641994,2020
17197,2912050.366101556,2020
17199,436444.165263381,2020
17201,1200517.6441259151,2020
17203,262841.2518578931,2020
18001,162927.12492335003,2020
18003,2219741.424713838,2020
18005,597771.387074391,2020
18007,59658.2676461897,2020
18009,59928.7482641177,2020
18011,820958.250768887,2020
18013,81706.9085661784,2020
18015,142929.1410871094,2020
18017,194863.74298527002,2020
18019,843415.000863315,2020
18021,273082.341157659,2020
18023,330000.290451321,2020
18025,150134.7047965686,2020
18027,230846.037648298,2020
18029,387344.325497931,2020
18031,291664.579498831,2020
18033,440095.120231854,2020
18035,770119.122927674,2020
18037,265187.088468533,2020
18039,1215518.096250085,2020
18041,97783.2656403864,2020
18043,448205.1153235337,2020
18045,175093.1958568743,2020
18047,126982.4030263813,2020
18049,130772.6784300678,2020
18051,347468.178457984,2020
18053,517744.848700317,2020
18055,194651.193623011,2020
18057,2064739.1391763838,2020
18059,640774.1717829929,2020
18061,310340.0103553493,2020
18063,1142976.453023836,2020
18065,461440.359441497,2020
18067,404490.570622463,2020
18069,402011.0062345771,2020
18071,451921.48066165595,2020
18073,573819.043702569,2020
18075,116380.24865649559,2020
18077,169571.7700272352,2020
18079,152850.53766100403,2020
18081,922782.569747631,2020
18083,254394.197560639,2020
18085,460277.3111099109,2020
18087,380366.9513503873,2020
18089,2924852.2413224694,2020
18091,1013282.475068949,2020
18093,235027.064065891,2020
18095,750254.04183289,2020
18097,5101892.985917157,2020
18099,350309.356989563,2020
18101,71776.9715496411,2020
18103,249632.559256176,2020
18105,712547.83622184,2020
18107,326264.3722474379,2020
18109,515797.553792933,2020
18111,138971.83384959272,2020
18113,240140.9635381473,2020
18115,27903.2385083278,2020
18117,105794.453421984,2020
18119,96973.9978236234,2020
18121,92553.7979310285,2020
18123,161210.5082296754,2020
18125,116876.4017952903,2020
18127,1123105.7456652084,2020
18129,220930.35848034802,2020
18131,79024.9035879144,2020
18133,424332.068962753,2020
18135,137747.6967944697,2020
18137,205754.148695855,2020
18139,111198.69343026141,2020
18141,1412658.6140662245,2020
18143,196525.4349288752,2020
18145,470427.0284988342,2020
18147,226096.4511115077,2020
18149,134944.243480127,2020
18151,443205.755612751,2020
18153,138411.1940900459,2020
18155,50437.5465677698,2020
18157,1104058.241598524,2020
18159,148829.1348137857,2020
18161,40847.743798701296,2020
18163,1025882.2026417339,2020
18165,149780.949594946,2020
18167,606033.2748468131,2020
18169,174346.938665764,2020
18171,66118.8958113873,2020
18173,425353.5842150394,2020
18175,152106.3317601347,2020
18177,514851.053434476,2020
18179,170105.76656163638,2020
18181,356984.138896979,2020
18183,245693.737188608,2020
26001,48861.574769918596,2020
26003,76165.96723348771,2020
26005,777686.145059223,2020
26007,130321.53309395,2020
26009,139374.6346600471,2020
26011,174840.2020940768,2020
26013,56735.6633078759,2020
26015,202405.18010994862,2020
26017,602925.57415131,2020
26019,99109.6728153021,2020
26021,996213.494804664,2020
26023,257190.770315008,2020
26025,769055.00202594,2020
26027,216490.6782129451,2020
26029,133761.3609739418,2020
26031,262388.631301075,2020
26033,176202.697063759,2020
26035,195559.8776967644,2020
26037,526189.3971319982,2020
26039,178388.0335370917,2020
26041,200539.272898983,2020
26043,109003.0554421911,2020
26045,576177.323742733,2020
26047,195241.115479198,2020
26049,1801787.957069186,2020
26051,105867.1856952948,2020
26053,72693.70844104521,2020
26055,472333.54825877084,2020
26057,256043.1137127298,2020
26059,185267.3418257517,2020
26061,135432.79151872,2020
26063,147280.6421144239,2020
26065,1079508.185450927,2020
26067,416485.7280518934,2020
26069,134343.21110486297,2020
26071,61317.4964570483,2020
26073,341314.9386627089,2020
26075,769323.1859811039,2020
26077,1136795.467310975,2020
26079,126778.417697237,2020
26081,2709946.3353152103,2020
26083,22060.955245646503,2020
26085,59980.987864143695,2020
26087,482775.4800230106,2020
26089,110141.4530676211,2020
26091,369659.878603198,2020
26093,1052748.7017466805,2020
26095,42282.897474794605,2020
26097,134933.26592492012,2020
26099,3024997.566463644,2020
26101,124187.04335236819,2020
26103,277154.770137945,2020
26105,148209.2706981842,2020
26107,234961.337564833,2020
26109,124613.9352663125,2020
26111,415019.53490024,2020
26113,84056.0112371374,2020
26115,837129.2049155511,2020
26117,317894.93884744396,2020
26119,54131.5482276064,2020
26121,687355.171258171,2020
26123,187562.4052100595,2020
26125,5184289.789927709,2020
26127,165244.1810484807,2020
26129,158454.4946213272,2020
26131,48793.4679493836,2020
26133,189189.2384286177,2020
26135,45137.5680266422,2020
26137,204896.386920638,2020
26139,1212251.7816964688,2020
26141,70878.45872086969,2020
26143,212482.19417345562,2020
26145,975686.778850063,2020
26147,715535.976723548,2020
26149,235001.7113299855,2020
26151,188608.8799502397,2020
26153,80200.5807699123,2020
26155,395542.5678561237,2020
26157,210038.5904234791,2020
26159,513247.19370087027,2020
26161,1636238.959855936,2020
26163,6428171.413172959,2020
26165,225946.10860189982,2020
27001,129837.7203534555,2020
27003,1503549.1712242654,2020
27005,201051.131934034,2020
27007,217867.8253077432,2020
27009,243354.363927346,2020
27011,31957.7774669865,2020
27013,332478.094224057,2020
27015,110463.02573931,2020
27017,262532.754122983,2020
27019,425895.026203333,2020
27021,208165.55462913797,2020
27023,76464.7735124702,2020
27025,399288.461893692,2020
27027,393286.267435938,2020
27029,54005.6580808149,2020
27031,57520.4990405234,2020
27033,69371.1854162359,2020
27035,411291.14551873,2020
27037,1957937.9494564584,2020
27039,110588.69627966601,2020
27041,299295.04158259,2020
27043,114224.60358113989,2020
27045,109428.118607228,2020
27047,271642.330785661,2020
27049,353719.299399524,2020
27051,64397.1238305217,2020
27053,5340553.608861492,2020
27055,93897.6146460938,2020
27057,132246.0034157658,2020
27059,210454.109469008,2020
27061,239403.97892995898,2020
27063,123540.3429193422,2020
27065,87772.4433475125,2020
27067,234655.24399940402,2020
27069,34327.58875633,2020
27071,67721.901615135,2020
27073,46825.146132014,2020
27075,86159.6173239119,2020
27077,25496.5584980809,2020
27079,134623.470929216,2020
27081,33527.8081885713,2020
27083,134743.435091395,2020
27085,182558.6327649366,2020
27087,35344.1709256729,2020
27089,61993.5071076212,2020
27091,142994.103765534,2020
27093,124868.72083346201,2020
27095,222766.227348523,2020
27097,244830.303614021,2020
27099,213033.3842351164,2020
27101,57457.641395166,2020
27103,199821.7075609179,2020
27105,159635.016503362,2020
27107,45121.9057123353,2020
27109,771493.540098913,2020
27111,409564.02735985996,2020
27113,70508.47992181459,2020
27115,291216.439777244,2020
27117,57633.0077152905,2020
27119,194941.841113287,2020
27121,72562.6470395271,2020
27123,2342245.5202426095,2020
27125,25622.823542077298,2020
27127,96371.45294799,2020
27129,109373.13740831749,2020
27131,379595.2189696901,2020
27133,90289.5614007913,2020
27135,73729.9341414621,2020
27137,1025280.538562662,2020
27139,691940.6727201244,2020
27141,473594.060167639,2020
27143,90619.9496397328,2020
27145,958012.6385502554,2020
27147,271533.544087398,2020
27149,49158.3324598123,2020
27151,60952.4252657173,2020
27153,150292.6425299882,2020
27155,20558.5232291838,2020
27157,108121.8371472961,2020
27159,76571.07641840901,2020
27161,99826.1028921588,2020
27163,1141094.653355981,2020
27165,83082.2810077527,2020
27167,78621.9927869119,2020
27169,325395.0325605742,2020
27171,791540.0011946074,2020
27173,61241.3684307703,2020
39001,124128.0576838033,2020
39003,615269.7335979065,2020
39005,431444.867457504,2020
39007,570465.204638277,2020
39009,263826.9381297446,2020
39011,354907.7430688843,2020
39013,504450.7986108972,2020
39015,215676.36610894778,2020
39017,1384217.999095877,2020
39019,126209.8925165889,2020
39021,178022.86322218532,2020
39023,834526.269757607,2020
39025,847333.263792818,2020
39027,351990.7981958998,2020
39029,379984.65146886976,2020
39031,161833.2729684389,2020
39033,204839.879718766,2020
39035,6496559.33798683,2020
39037,233695.6249165735,2020
39039,211981.120637477,2020
39041,1050575.4049575792,2020
39043,686015.173016163,2020
39045,585278.2311153107,2020
39047,344592.636041269,2020
39049,5517369.88037393,2020
39051,347821.9817110063,2020
39053,164672.5476850871,2020
39055,443575.520831294,2020
39057,839337.5691241621,2020
39059,473089.067547334,2020
39061,3954370.3644211297,2020
39063,595389.1256961788,2020
39065,130779.6855262309,2020
39067,89947.9020815387,2020
39069,218656.078628879,2020
39071,174826.1579483829,2020
39073,153353.156639053,2020
39075,163294.545293176,2020
39077,245828.3795160809,2020
39079,200295.9587743543,2020
39081,246662.244969865,2020
39083,237169.8744597246,2020
39085,1042374.476095942,2020
39087,213351.00194371797,2020
39089,1098047.5866575276,2020
39091,265822.0475766461,2020
39093,1232821.181278745,2020
39095,1704976.858959061,2020
39097,493736.07391779,2020
39099,1107291.796427934,2020
39101,309825.780523089,2020
39103,987161.629772568,2020
39105,115964.1968933552,2020
39107,213749.92874609222,2020
39109,604582.2556864959,2020
39111,89113.7757830185,2020
39113,2426066.28752566,2020
39115,58105.650356891,2020
39117,422024.3821721164,2020
39119,557058.022401368,2020
39121,129599.8718831314,2020
39123,266577.9026023742,2020
39125,132063.9555596452,2020
39127,129188.4282383073,2020
39129,359215.8794324788,2020
39131,160339.0483034098,2020
39133,915204.200315425,2020
39135,332749.03484579106,2020
39137,165858.8833672965,2020
39139,676974.197645972,2020
39141,443230.17836108664,2020
39143,551402.733467415,2020
39145,319301.2793561174,2020
39147,238057.8167115745,2020
39149,396015.5937021224,2020
39151,1463982.9531668494,2020
39153,2665579.02296477,2020
39155,912339.6389729271,2020
39157,547954.543898121,2020
39159,416500.9661157864,2020
39161,195669.1700480605,2020
39163,59344.5300985244,2020
39165,1236083.259555686,2020
39167,342007.7483114045,2020
39169,590495.0776799824,2020
39171,301202.1303769242,2020
39173,1073993.6490932177,2020
39175,211466.818662195,2020
55001,122416.1248431251,2020
55003,169414.9008494592,2020
55005,428266.39291818906,2020
55007,268605.2603927518,2020
55009,1211440.0738799847,2020
55011,142907.4425751525,2020
55013,147493.3904023021,2020
55015,220073.2259665185,2020
55017,597591.6658542,2020
55019,315480.528942085,2020
55021,668995.716747492,2020
55023,129413.9332070846,2020
55025,2565091.5653544273,2020
55027,551008.594276214,2020
55029,218848.2744164835,2020
55031,467796.7250274559,2020
55033,568581.2004721228,2020
55035,700096.0718406229,2020
55037,47264.87460829015,2020
55039,706050.7187557383,2020
55041,85382.84459276371,2020
55043,305029.7538783438,2020
55045,176186.397095632,2020
55047,120481.2092110222,2020
55049,208944.9130828073,2020
55051,69196.07632289051,2020
55053,651854.6774647373,2020
55055,555148.53624943,2020
55057,627431.0481429313,2020
55059,677348.768477091,2020
55061,109246.82947618206,2020
55063,591469.5181596192,2020
55065,136830.60719039,2020
55067,122591.8075734186,2020
55069,296791.1259818406,2020
55071,475197.225323981,2020
55073,950434.691902696,2020
55075,536529.3859777245,2020
55077,212760.5990514379,2020
55078,17664.063977536196,2020
55079,3025288.6377541176,2020
55081,648305.9333822901,2020
55083,349977.409820095,2020
55085,274492.976325583,2020
55087,790930.5702547635,2020
55089,420880.8922022878,2020
55091,61157.16038502725,2020
55093,192515.752464725,2020
55095,331829.268955636,2020
55097,558674.193676242,2020
55099,121847.65915493743,2020
55101,722893.555839398,2020
55103,138794.9212324417,2020
55105,988136.0655865107,2020
55107,157785.8939908288,2020
55109,861186.57336912,2020
55111,476613.35234975297,2020
55113,166325.5090176804,2020
55115,330339.0031554444,2020
55117,552907.916367618,2020
55119,132829.524523038,2020
55121,310459.47156568366,2020
55123,185171.880743041,2020
55125,162427.9889011368,2020
55127,516713.13590678497,2020
55129,207172.643445301,2020
55131,654760.4316401512,2020
55133,1799485.66733144,2020
55135,327445.3344538933,2020
55137,239109.7433659408,2020
55139,1002280.3907767057,2020
55141,372037.16489724,2020
5001,113893.2129142642,2020
5003,110136.62307446,2020
5005,214265.08890824651,2020
5007,1288368.1127488401,2020
5009,209916.98807871202,2020
5011,62805.8922644425,2020
5013,62104.307168212494,2020
5015,167535.27029268473,2020
5017,94270.8701191753,2020
5019,367639.3241796481,2020
5021,93723.2252334235,2020
5023,136679.6785578322,2020
5025,60347.7523736492,2020
5027,136581.346238664,2020
5029,280357.9670174808,2020
5031,551244.402567558,2020
5033,533052.931978588,2020
5035,553663.814625348,2020
5037,97998.9535627419,2020
5039,51762.9416566593,2020
5041,83661.22184278269,2020
5043,137298.3153533681,2020
5045,699202.131460222,2020
5047,255020.5656880728,2020
5049,79007.9240421622,2020
5051,482104.360603864,2020
5053,132939.7400223863,2020
5055,239171.17560625702,2020
5057,334363.7591986056,2020
5059,387767.3150994964,2020
5061,72499.74061582891,2020
5063,217426.1254180937,2020
5065,57463.4560396255,2020
5067,138687.1954920202,2020
5069,453094.790389165,2020
5071,275122.0951017768,2020
5073,50339.0377739133,2020
5075,170158.9839293104,2020
5077,52869.8831760166,2020
5079,82867.8873114771,2020
5081,94337.1010011892,2020
5083,115111.8813065963,2020
5085,530524.135480854,2020
5087,101402.87930585121,2020
5089,92764.1817384067,2020
5091,410198.990344194,2020
5093,377769.74879256403,2020
5095,198651.3981725824,2020
5097,63574.357785916596,2020
5099,202519.6330908529,2020
5101,38389.3053594803,2020
5103,133266.5475211321,2020
5105,51526.9055521072,2020
5107,88662.5468629238,2020
5109,69014.2997608634,2020
5111,226328.24269748598,2020
5113,98912.0025600455,2020
5115,437808.730326964,2020
5117,316016.1622314566,2020
5119,2695107.9763720953,2020
5121,111485.9439379221,2020
5123,585303.388148901,2020
5125,739414.591139643,2020
5127,71379.6836340298,2020
5129,66091.7477154876,2020
5131,619890.452078603,2020
5133,110792.9320049719,2020
5135,96796.2485920757,2020
5137,66627.9795015953,2020
5139,233366.542872202,2020
5141,124834.89139802479,2020
5143,1153567.953505809,2020
5145,447812.362959329,2020
5147,41178.4098992018,2020
5149,118583.6459838711,2020
19001,170896.6173153801,2020
19003,27019.0022118218,2020
19005,65468.9761748373,2020
19007,59658.1322295999,2020
19009,30260.6093602758,2020
19011,169851.5296831999,2020
19013,569966.6558072142,2020
19015,150833.6078780478,2020
19017,140045.1168176599,2020
19019,144179.9142582361,2020
19021,93146.8352955728,2020
19023,55857.2345946472,2020
19025,78884.8845332536,2020
19027,98413.36743787251,2020
19029,195655.2314323604,2020
19031,289448.9058928817,2020
19033,310199.08974025113,2020
19035,62560.8541770398,2020
19037,82995.3416116624,2020
19039,126233.8138663651,2020
19041,90614.15072913081,2020
19043,103744.8885336663,2020
19045,217854.04056270028,2020
19047,88580.6475634701,2020
19049,433930.665147389,2020
19051,48354.3639313414,2020
19053,109581.9383711569,2020
19055,115842.1709878104,2020
19057,174001.97829099,2020
19059,100745.1965172936,2020
19061,402971.354045232,2020
19063,42700.9891537358,2020
19065,88924.39263246104,2020
19067,116124.9626403953,2020
19069,153066.1314815655,2020
19071,128912.58081294478,2020
19073,53206.061925501,2020
19075,119098.2715107149,2020
19077,53469.7616194203,2020
19079,242108.41362619802,2020
19081,63731.9276794669,2020
19083,113577.1834952925,2020
19085,181613.6354068543,2020
19087,142933.1462564387,2020
19089,53395.2934549664,2020
19091,46001.5180806465,2020
19093,48152.594220161205,2020
19095,273137.1367674415,2020
19097,98212.13385404191,2020
19099,407934.8222575615,2020
19101,82523.1618579869,2020
19103,834497.924707794,2020
19105,118135.35859966351,2020
19107,50010.7134773462,2020
19109,84571.4560050149,2020
19111,181327.8126961996,2020
19113,979290.9337252452,2020
19115,58298.814320484205,2020
19117,49019.188065857605,2020
19119,69049.60089351461,2020
19121,77617.2087213935,2020
19123,130777.1360120139,2020
19125,175681.1975879934,2020
19127,195791.041860018,2020
19129,157403.359694053,2020
19131,48723.6758866908,2020
19133,142605.96351040402,2020
19135,49218.038133639,2020
19137,50352.8860343431,2020
19139,194560.9807765058,2020
19141,75353.3531107977,2020
19143,49435.5048222083,2020
19145,65392.6709313969,2020
19147,49778.135614446,2020
19149,161422.2781566086,2020
19151,44490.534334445496,2020
19153,2108127.53341716,2020
19155,801259.7347518409,2020
19157,260665.8976165049,2020
19159,28075.1866539654,2020
19161,82805.63105605039,2020
19163,832401.1370175747,2020
19165,60306.8761933707,2020
19167,173972.13277352022,2020
19169,511365.289642733,2020
19171,98741.6646111312,2020
19173,25720.6608842076,2020
19175,54274.5966774984,2020
19177,35463.7859898576,2020
19179,173473.3471812424,2020
19181,336115.56408479373,2020
19183,154033.1807050397,2020
19185,30431.5683805527,2020
19187,197532.40030519152,2020
19189,42804.758954279,2020
19191,103959.85518503751,2020
19193,498144.087818655,2020
19195,125398.5973121341,2020
19197,67306.7430322492,2020
20001,84816.8071596947,2020
20003,60133.324072593,2020
20005,72597.6739614794,2020
20007,35304.3302626998,2020
20009,152446.55908650102,2020
20011,98026.63869388761,2020
20013,94832.98088666379,2020
20015,493363.74086721987,2020
20017,123478.0383278393,2020
20019,26892.2156055462,2020
20021,172428.3893407349,2020
20023,27841.5107270785,2020
20025,33011.959396365,2020
20027,50247.6996841042,2020
20029,85915.1972649289,2020
20031,99870.1240534153,2020
20033,13299.192481897,2020
20035,172434.164398551,2020
20037,172228.0910546495,2020
20039,34122.1124002509,2020
20041,184463.5359779929,2020
20043,61677.90604224,2020
20045,577867.5837780039,2020
20047,37611.7955174071,2020
20049,17945.6004553755,2020
20051,230248.2090259898,2020
20053,136889.7115579074,2020
20055,207647.0421782893,2020
20057,211043.0549617801,2020
20059,265171.9680831277,2020
20061,225043.7665213906,2020
20063,136916.7359833111,2020
20065,22835.8897971595,2020
20067,43287.850087640996,2020
20069,81466.7820844213,2020
20071,17119.5478206975,2020
20073,74325.10964009349,2020
20075,34047.4338487464,2020
20077,40614.7269650832,2020
20079,252483.3603410776,2020
20081,61908.4550139683,2020
20083,26722.5454140825,2020
20085,103203.9203783831,2020
20087,113436.9971370175,2020
20089,28282.9183211153,2020
20091,2503466.04759615,2020
20093,41808.6169756394,2020
20095,88720.666649998,2020
20097,54616.279723765,2020
20099,125645.3302424412,2020
20101,19495.3876317286,2020
20103,392673.918726214,2020
20105,52501.9708843318,2020
20107,87478.6557548875,2020
20109,47040.159808865,2020
20111,274465.20733611047,2020
20113,284432.9297611054,2020
20115,95843.1179094391,2020
20117,73772.4988636201,2020
20119,55557.0871008311,2020
20121,284396.4368668839,2020
20123,44397.8550048493,2020
20125,179587.65067573282,2020
20127,39647.3738819247,2020
20129,23054.8513549335,2020
20131,56678.2436365985,2020
20133,107250.1502047197,2020
20135,31261.7838095333,2020
20137,42534.0400882003,2020
20139,160314.8310441969,2020
20141,26229.2490696977,2020
20143,73500.6838994842,2020
20145,57428.4179016568,2020
20147,42404.1849809434,2020
20149,135786.0528087118,2020
20151,95862.4970858506,2020
20153,25832.940276700097,2020
20155,312208.52611801197,2020
20157,66096.1695601621,2020
20159,72246.0183578045,2020
20161,274340.336320027,2020
20163,42318.8456204875,2020
20165,37271.8576642427,2020
20167,142669.97003907472,2020
20169,392234.4306463108,2020
20171,52114.188993828,2020
20173,2128928.7369304,2020
20175,130215.5446400289,2020
20177,852617.4939463221,2020
20179,31740.6851221628,2020
20181,137317.0237140093,2020
20183,31772.3274459069,2020
20185,77168.1361204911,2020
20187,24208.9583590688,2020
20189,49691.3883181809,2020
20191,298665.8753587009,2020
20193,167313.1063900943,2020
20195,124122.9096872691,2020
20197,162235.5167683896,2020
20199,23259.1135259578,2020
20201,50994.180085464606,2020
20203,21460.5249879111,2020
20205,73369.45064503,2020
20207,30653.182049832598,2020
20209,899510.1491593871,2020
22001,482751.290414672,2020
22003,123886.8801606832,2020
22005,663202.470839522,2020
22007,125079.8611118574,2020
22009,187098.0929395356,2020
22011,218109.5675159744,2020
22013,169093.5403515935,2020
22015,665673.173544817,2020
22017,1850773.63975616,2020
22019,1585494.560829345,2020
22021,80377.1269174278,2020
22023,92667.3401753942,2020
22025,94457.7527384475,2020
22027,85112.70813875449,2020
22029,89133.2033572604,2020
22031,338016.2249110912,2020
22033,2271226.51319354,2020
22035,34759.83673258,2020
22037,92482.03658019639,2020
22039,146964.32556689502,2020
22041,132609.6362176593,2020
22043,118055.4334549115,2020
22045,348422.2724191161,2020
22047,283743.718801205,2020
22049,94675.52313119051,2020
22051,1677325.5250530438,2020
22053,405437.2751369468,2020
22055,1214718.328729553,2020
22057,542088.405107565,2020
22059,64266.414320881304,2020
22061,372459.44810624426,2020
22063,962950.2175134,2020
22065,259464.2742324693,2020
22067,132145.1864712919,2020
22069,388039.251272833,2020
22071,1839200.38765293,2020
22073,877022.858305728,2020
22075,144213.33395318539,2020
22077,143267.3165763561,2020
22079,887557.244315874,2020
22081,60256.566069037,2020
22083,272833.214417353,2020
22085,112479.09334114009,2020
22087,131428.161532251,2020
22089,425456.117061292,2020
22091,62188.3657460822,2020
22093,241062.1589562867,2020
22095,384288.9988495179,2020
22097,583661.9028011186,2020
22099,388010.1462745241,2020
22101,242868.1232877147,2020
22103,1853703.774669019,2020
22105,1008540.532499177,2020
22107,21071.8553036161,2020
22109,477533.11071297,2020
22111,108451.6853123795,2020
22113,221461.2267034766,2020
22115,204215.0876833654,2020
22117,213672.37143224402,2020
22119,272054.7926888579,2020
22121,385201.4671085638,2020
22123,38205.3343560702,2020
22125,75026.1420440274,2020
22127,97700.5420855598,2020
29001,132975.3154453399,2020
29003,210483.9723826664,2020
29005,112178.4960803752,2020
29007,147577.9452479337,2020
29009,210818.132736292,2020
29011,136819.7713355736,2020
29013,185607.9672759166,2020
29015,141779.2579159848,2020
29017,63306.22008459501,2020
29019,1062370.5840730646,2020
29021,561195.786891678,2020
29023,322966.029294952,2020
29025,125592.9492910408,2020
29027,566546.536576469,2020
29029,324881.3665094239,2020
29031,524710.693109915,2020
29033,57970.1436799374,2020
29035,63235.389234404705,2020
29037,673445.5291946876,2020
29039,73433.4136643428,2020
29041,43498.9165437891,2020
29043,460457.6345843771,2020
29045,61871.0757499178,2020
29047,1459948.555993966,2020
29049,229854.5599855252,2020
29051,435712.31336154905,2020
29053,299218.63977188413,2020
29055,270428.1914104077,2020
29057,44380.909488611695,2020
29059,108482.5742347103,2020
29061,156712.6840217073,2020
29063,111351.5092764429,2020
29065,86433.59801978161,2020
29067,73399.78367977511,2020
29069,173795.660899551,2020
29071,830314.770360901,2020
29073,89417.11774556,2020
29075,34477.3633648337,2020
29077,1793049.7921129912,2020
29079,55014.7553427279,2020
29081,154693.8159623298,2020
29083,201842.5833162792,2020
29085,56181.8697455559,2020
29087,158978.1797814424,2020
29089,55605.086139361,2020
29091,291558.27138264204,2020
29093,60461.8313403478,2020
29095,4139020.28802176,2020
29097,851211.7625939494,2020
29099,1292746.957395729,2020
29101,310071.9432638627,2020
29103,30997.0137001854,2020
29105,415818.01268065197,2020
29107,405592.93973166106,2020
29109,427327.586929676,2020
29111,90161.8585667866,2020
29113,322325.081353197,2020
29115,97759.2974624771,2020
29117,120640.1117082794,2020
29119,196542.8008756972,2020
29121,153204.9643289071,2020
29123,94535.63532571509,2020
29125,64877.219551136,2020
29127,230282.36998579602,2020
29129,28193.629838687102,2020
29131,212186.958302094,2020
29133,167523.7662868925,2020
29135,91951.1842396742,2020
29137,51351.3924018215,2020
29139,275443.7621188608,2020
29141,140833.9556997582,2020
29143,338197.8129948357,2020
29145,532954.0755462706,2020
29147,129938.858708125,2020
29149,78212.56321761369,2020
29151,106049.3984724044,2020
29153,52603.6867789535,2020
29155,321829.9596653686,2020
29157,199702.3567777419,2020
29159,266561.798612211,2020
29161,464477.649810236,2020
29163,154225.2234365431,2020
29165,809957.219081944,2020
29167,227893.5566848458,2020
29169,360900.719228937,2020
29171,30775.229590954303,2020
29173,112366.27631860919,2020
29175,172663.83688234718,2020
29177,120292.5746373937,2020
29179,45355.513415107205,2020
29181,64193.4660394855,2020
29183,2239255.57535069,2020
29185,106255.7220076783,2020
29186,249983.7591402628,2020
29187,350498.53538419097,2020
29189,6379308.296608211,2020
29195,306391.23173132923,2020
29197,35567.8209569561,2020
29199,28564.973396170702,2020
29201,311695.362489732,2020
29203,60305.649878498,2020
29205,69005.7470473796,2020
29207,220495.160757024,2020
29209,212828.468745306,2020
29211,38111.9396567192,2020
29213,385533.298290478,2020
29215,180245.9567955356,2020
29217,198192.0166156262,2020
29219,336406.23149711,2020
29221,128872.3746189255,2020
29223,97264.181181832,2020
29225,394759.934848527,2020
29227,10634.3495962874,2020
29229,149398.0674229619,2020
29510,1823022.429239491,2020
31001,137920.296045377,2020
31003,60962.1049691573,2020
31005,4505.4110486986,2020
31007,18548.8805471405,2020
31009,10308.4134190264,2020
31011,41890.801432849905,2020
31013,58239.5327751212,2020
31015,14299.0256014914,2020
31017,23654.9157717391,2020
31019,491242.38795746496,2020
31021,46637.6518427321,2020
31023,78820.6789947088,2020
31025,326426.955641766,2020
31027,75755.4494733145,2020
31029,28465.356326641002,2020
31031,58995.3788998066,2020
31033,171017.1387053837,2020
31035,47555.6013002567,2020
31037,72490.5158836511,2020
31039,71394.2718611782,2020
31041,95278.0388143719,2020
31043,113511.9709568619,2020
31045,56396.3688116642,2020
31047,402402.6828502557,2020
31049,126609.4196186117,2020
31051,36506.6952709056,2020
31053,212313.345106364,2020
31055,2559366.92079249,2020
31057,20397.5687745558,2020
31059,61525.7497936111,2020
31061,22073.2065192078,2020
31063,26194.998482672,2020
31065,34768.4316313896,2020
31067,127182.0496136249,2020
31069,19262.0488125341,2020
31071,14389.5261050722,2020
31073,18172.5283487263,2020
31075,7927.1233811076,2020
31077,20220.7137292846,2020
31079,468519.005360669,2020
31081,250946.3197012916,2020
31083,37225.896192748696,2020
31085,9485.2993564132,2020
31087,28983.8953318354,2020
31089,79951.85230141172,2020
31091,7707.814526713,2020
31093,46071.4523062884,2020
31095,49505.1274415728,2020
31097,31105.955064273,2020
31099,60445.1720140152,2020
31101,296996.5143046471,2020
31103,9428.0348640679,2020
31105,130399.6408527654,2020
31107,48900.4405541122,2020
31109,1475720.8124929,2020
31111,510097.258506192,2020
31113,11903.7854966388,2020
31115,9535.590915145067,2020
31117,131818.8150313857,2020
31119,37147.4986577627,2020
31121,72368.1774837288,2020
31123,66380.1244976945,2020
31125,24226.196427601302,2020
31127,46806.5731886962,2020
31129,25883.8798068884,2020
31131,137343.6853088908,2020
31133,21148.8668115643,2020
31135,24463.588823904,2020
31137,62757.668756820996,2020
31139,64163.1432416043,2020
31141,188188.0898637341,2020
31143,38887.0850113001,2020
31145,65186.3043252401,2020
31147,49354.8883013367,2020
31149,18648.7438230607,2020
31151,69194.7813640893,2020
31153,833018.772046488,2020
31155,138163.59836978652,2020
31157,170618.7102412348,2020
31159,314145.044417381,2020
31161,49841.2366184092,2020
31163,25243.9679433257,2020
31165,15119.4705782582,2020
31167,44035.2071006982,2020
31169,50445.8252069121,2020
31171,15352.0144402709,2020
31173,38507.672775969,2020
31175,31039.7988127239,2020
31177,112819.331831823,2020
31179,49343.97917401871,2020
31181,24344.7518756385,2020
31183,13535.61457321562,2020
31185,286422.3814286582,2020
35001,4174256.3124917904,2020
35003,33981.2928657195,2020
35005,381485.075582463,2020
35006,536018.713944199,2020
35007,207762.992818477,2020
35009,221447.139799428,2020
35011,38061.3920896709,2020
35013,1530592.895335715,2020
35015,603699.847624604,2020
35017,236541.220718153,2020
35019,364569.8808456952,2020
35021,5788.5853958708,2020
35023,176938.6556375905,2020
35025,683840.95934816,2020
35027,188385.6965730822,2020
35028,99053.81545467771,2020
35029,389864.9405815127,2020
35031,829541.256195833,2020
35033,103027.7213901451,2020
35035,401702.516323062,2020
35037,337330.473846886,2020
35039,272614.023842197,2020
35041,126380.0069532831,2020
35043,1068965.8787945209,2020
35045,818904.2289731969,2020
35047,263815.1868812379,2020
35049,1181095.954032071,2020
35051,158473.516692646,2020
35053,284089.811404064,2020
35055,219371.095584406,2020
35057,399752.5726219499,2020
35059,68603.4347386528,2020
35061,442143.598049395,2020
40001,105368.36543746521,2020
40003,48690.6148104649,2020
40005,259231.2323566926,2020
40007,88961.20989733901,2020
40009,299040.288352219,2020
40011,153376.38434452,2020
40013,383370.78332085203,2020
40015,309668.75305536,2020
40017,987173.75954172,2020
40019,436091.723845301,2020
40021,208245.542310596,2020
40023,133194.8848202613,2020
40025,68466.3311374315,2020
40027,1309510.97830511,2020
40029,46300.3624808272,2020
40031,559974.9429725701,2020
40033,91589.1744023326,2020
40035,230992.8765639801,2020
40037,662462.018904284,2020
40039,362712.84374555503,2020
40041,263883.15338763833,2020
40043,90904.59185989159,2020
40045,63505.7532184636,2020
40047,307950.3675881202,2020
40049,393570.94649491704,2020
40051,512991.201091532,2020
40053,57943.748612796,2020
40055,32353.990034548202,2020
40057,16210.3206835652,2020
40059,49417.2870707215,2020
40061,77055.45485611839,2020
40063,93418.9707638587,2020
40065,126137.87162538379,2020
40067,50595.3833554177,2020
40069,82341.85665782099,2020
40071,375530.0592310035,2020
40073,139841.4980464074,2020
40075,74681.5820846569,2020
40077,63778.187276949204,2020
40079,288998.202683902,2020
40081,407535.1613471427,2020
40083,344259.6295696013,2020
40085,263908.2533852284,2020
40087,650859.536393982,2020
40089,244131.395563128,2020
40091,364342.517238646,2020
40093,104758.7582505338,2020
40095,98688.489123731,2020
40097,423728.16451677604,2020
40099,178931.3060795599,2020
40101,502020.543346716,2020
40103,315039.951596453,2020
40105,76627.1264484857,2020
40107,154866.0983876758,2020
40109,5262011.973295204,2020
40111,309340.440881846,2020
40113,211390.27258054,2020
40115,360462.7626056584,2020
40117,150489.3908197246,2020
40119,467382.979798241,2020
40121,412983.136383508,2020
40123,225064.87944083,2020
40125,510358.15391776897,2020
40127,101917.0868708929,2020
40129,29368.214927599198,2020
40131,711822.261716526,2020
40133,260269.98214253,2020
40135,417297.1065743213,2020
40137,227714.3392726577,2020
40139,202728.273425986,2020
40141,45957.0862936748,2020
40143,3451053.8396003074,2020
40145,468520.316025408,2020
40147,243036.81619957302,2020
40149,149207.099763335,2020
40151,62509.6255078518,2020
40153,164843.8679895086,2020
48001,266592.8417096743,2020
48003,267119.4906790582,2020
48005,597705.9773145395,2020
48007,136699.9367221461,2020
48009,119922.41941610648,2020
48011,120526.470404659,2020
48013,480971.40898142423,2020
48015,438194.91089169594,2020
48017,60698.3565056909,2020
48019,115379.53546550141,2020
48021,518520.30071178306,2020
48023,78693.3899229919,2020
48025,165911.8437223128,2020
48027,2048611.866761713,2020
48029,8243376.11337883,2020
48031,179306.34085167391,2020
48033,18878.1531145422,2020
48035,131902.0081034746,2020
48037,899970.7172969751,2020
48039,1575408.0326430216,2020
48041,986401.59288802,2020
48043,73355.0019650953,2020
48045,20629.191120321302,2020
48047,124794.2692691408,2020
48049,220606.4399852316,2020
48051,216964.4321393854,2020
48053,407085.8203743291,2020
48055,274218.6435948891,2020
48057,182733.005509125,2020
48059,312405.2834089807,2020
48061,1647830.751935496,2020
48063,69014.7665004907,2020
48065,230683.0112299947,2020
48067,220254.15926697198,2020
48069,75282.6794361769,2020
48071,764542.527957269,2020
48073,272589.5863716869,2020
48075,137228.5582353905,2020
48077,245291.34571443332,2020
48079,28756.0098840745,2020
48081,44035.529706705594,2020
48083,94777.0301816304,2020
48085,3768409.828772093,2020
48087,31350.930376075703,2020
48089,561817.700220031,2020
48091,1084792.654215189,2020
48093,105944.8799055008,2020
48095,71852.9627605459,2020
48097,501647.3857329675,2020
48099,295288.7511108978,2020
48101,20100.900430942198,2020
48103,88033.2227158133,2020
48105,225393.1565899908,2020
48107,46996.647990851,2020
48109,234174.959987306,2020
48111,146899.990639847,2020
48113,12100914.505408593,2020
48115,143496.5649429001,2020
48117,156704.07469280442,2020
48119,39398.7401263711,2020
48121,3152847.332368746,2020
48123,218093.3480868865,2020
48125,30006.7863953883,2020
48127,132592.9719587311,2020
48129,157257.6165188745,2020
48131,93065.80978420621,2020
48133,442323.565480084,2020
48135,999537.1361241101,2020
48137,26109.5220471881,2020
48139,1315977.8018458409,2020
48141,4083516.49729319,2020
48143,295152.3054875289,2020
48145,169532.95186557388,2020
48147,212709.39821700958,2020
48149,517223.6388589779,2020
48151,45656.5617223422,2020
48153,40508.397147152595,2020
48155,14257.4127576592,2020
48157,2450194.200467834,2020
48159,207297.5384846194,2020
48161,448892.572554367,2020
48163,317023.9071325936,2020
48165,208018.4763075675,2020
48167,1282998.0084476825,2020
48169,119391.9929335785,2020
48171,218703.9378240304,2020
48173,68434.366493364,2020
48175,88546.3553020566,2020
48177,426016.3172645103,2020
48179,215236.556843718,2020
48181,1017456.7892267851,2020
48183,753660.7100079143,2020
48185,278700.4407561151,2020
48187,848943.165517131,2020
48189,301544.5089177337,2020
48191,76291.9725824645,2020
48193,78092.7677245322,2020
48195,46658.0160354455,2020
48197,125171.3369386824,2020
48199,299864.52679170785,2020
48201,20572020.81993876,2020
48203,762915.5306736049,2020
48205,139447.1443146092,2020
48207,63998.874490368406,2020
48209,1157973.491962444,2020
48211,43299.9781268186,2020
48213,421515.797037823,2020
48215,3208607.797074139,2020
48217,670536.6374766707,2020
48219,172288.06247241428,2020
48221,279261.784107346,2020
48223,565311.434647418,2020
48225,168885.5498747638,2020
48227,409614.71326081833,2020
48229,447967.2955396119,2020
48231,822064.955307003,2020
48233,126401.533733935,2020
48235,48033.547010263996,2020
48237,70249.0340884748,2020
48239,277042.626236275,2020
48241,247893.347049451,2020
48243,50364.2008344727,2020
48245,1491774.287304315,2020
48247,27366.800992204502,2020
48249,308484.7244151989,2020
48251,973738.96659992,2020
48253,128478.16835657459,2020
48255,236979.0614827087,2020
48257,992142.2910448874,2020
48259,279368.2640931309,2020
48261,82005.8860462154,2020
48263,12923.8026419147,2020
48265,344448.4902551323,2020
48267,225474.94533795922,2020
48269,26660.6088410785,2020
48271,44015.836234407005,2020
48273,206384.4249267598,2020
48275,48477.2153200821,2020
48277,331154.45469591516,2020
48279,115881.45269411949,2020
48281,171382.85455760552,2020
48283,403882.7261201072,2020
48285,181205.0913467904,2020
48287,162832.58214369603,2020
48289,442290.4051712545,2020
48291,510875.37067135,2020
48293,152406.4326306654,2020
48295,31622.9488825121,2020
48297,451538.696968163,2020
48299,148916.2182656243,2020
48301,105083.2946367688,2020
48303,1543182.038600405,2020
48305,107960.1041272957,2020
48307,76920.5757881991,2020
48309,1823630.113316527,2020
48311,59787.7565404863,2020
48313,289399.948663125,2020
48315,70871.182562303,2020
48317,287236.3299814101,2020
48319,49721.403139086106,2020
48321,293189.3930018278,2020
48323,248242.8625667805,2020
48325,340991.6057198744,2020
48327,38009.4221187154,2020
48329,1238603.187481039,2020
48331,220807.4861615305,2020
48333,56829.2534871381,2020
48335,233251.6925799616,2020
48337,230509.8606848489,2020
48339,2728618.713705736,2020
48341,190630.48916217798,2020
48343,153086.8426737468,2020
48345,15744.7535164064,2020
48347,468978.4652385719,2020
48349,530884.2028517373,2020
48351,92185.6798489318,2020
48353,363034.398568689,2020
48355,1797796.34715144,2020
48357,92129.75910912,2020
48359,238826.60763013898,2020
48361,725970.342031062,2020
48363,259283.2563528367,2020
48365,241130.260322029,2020
48367,961183.1821055419,2020
48369,114681.93041177379,2020
48371,408489.418380148,2020
48373,476757.2656015148,2020
48375,1047235.619394163,2020
48377,52634.1044178002,2020
48379,76608.4573394927,2020
48381,787547.3670881679,2020
48383,56855.563323344904,2020
48385,27084.419026089203,2020
48387,97139.37545794519,2020
48389,533568.361830372,2020
48391,194214.4679493101,2020
48393,25702.3072751403,2020
48395,224557.1067168558,2020
48397,507829.3779806191,2020
48399,102092.6991430101,2020
48401,287014.03140166344,2020
48403,78146.6357876327,2020
48405,84880.563545318,2020
48407,224682.1411096442,2020
48409,581626.399864221,2020
48411,51714.293854508796,2020
48413,34356.577294831004,2020
48415,152462.165883157,2020
48417,38837.8080962604,2020
48419,209275.9940242286,2020
48421,91024.0493848514,2020
48423,1421091.4022393876,2020
48425,66017.5623881573,2020
48427,230604.31494220998,2020
48429,58830.9517608869,2020
48431,50386.8632883515,2020
48433,18638.3175411249,2020
48435,228378.8511041159,2020
48437,145797.5372528264,2020
48439,8681870.070227485,2020
48441,916938.998502628,2020
48443,18282.3630595143,2020
48445,137343.4170723538,2020
48447,21384.5253733458,2020
48449,380977.570338209,2020
48451,570945.5923483538,2020
48453,4851624.41397245,2020
48455,99877.6050139226,2020
48457,114906.0383229593,2020
48459,262329.9704566424,2020
48461,92411.3818074771,2020
48463,177815.4910217931,2020
48465,177323.2673002167,2020
48467,687628.3575331923,2020
48469,914236.985591354,2020
48471,666028.7178559331,2020
48473,476878.082495389,2020
48475,388526.1028157272,2020
48477,348076.7277125241,2020
48479,1306696.356541526,2020
48481,516281.719896417,2020
48483,150891.5551934486,2020
48485,641729.5469325542,2020
48487,186717.9239141632,2020
48489,110279.57137856701,2020
48491,2387252.720535879,2020
48493,267339.958250837,2020
48495,187012.3819215404,2020
48497,599327.7034802954,2020
48499,230229.6251320167,2020
48501,76203.2744028732,2020
48503,120443.1617009545,2020
48505,67598.2997511962,2020
48507,95201.8907055119,2020
2013,10069.383570747268,2020
2016,18904.364774484304,2020
2020,957444.1109303848,2020
2050,35167.83544892001,2020
2060,9168.3500331491,2020
2063,16406.279962306115,2020
2066,56637.866583973075,2020
2068,39338.8846084166,2020
2070,13046.221086531265,2020
2090,497827.95921776,2020
2100,9140.1758851243,2020
2105,7924.919343035,2020
2110,85577.7535163788,2020
2122,334566.65351,2020
2130,33592.156872430096,2020
2150,32570.470572975897,2020
2158,11978.427229700214,2020
2164,30085.41617674548,2020
2170,445317.2337139322,2020
2180,32600.022698499502,2020
2185,18268.177762881343,2020
2188,27510.192468928268,2020
2195,15530.925754678936,2020
2198,38084.27546775779,2020
2220,17030.2254555151,2020
2230,3552.069542298,2020
2240,66234.1108808423,2020
2275,8295.046253691598,2020
2282,3970.0675914271,2020
2290,83026.09546621,2020
4001,614245.5656549,2020
4003,977064.466205881,2020
4005,1654202.047517661,2020
4007,397702.570936816,2020
4009,169170.531205206,2020
4011,49686.5490385643,2020
4012,696040.804376578,2020
4013,21183850.58230928,2020
4015,1681188.9843062,2020
4017,911127.812221029,2020
4019,4065410.1819909764,2020
4021,2358634.38750975,2020
4023,305668.25382763904,2020
4025,1981465.373517118,2020
4027,1026780.89932528,2020
6001,7137802.793699849,2020
6003,39825.510094399375,2020
6005,193704.2687491658,2020
6007,1044701.4080179599,2020
6009,256896.2637359423,2020
6011,431332.3231581349,2020
6013,3834779.547223191,2020
6015,158865.93084033096,2020
6017,894201.1280526648,2020
6019,5180262.798147204,2020
6021,400518.2025703009,2020
6023,854522.2864616195,2020
6025,1519335.2830606739,2020
6027,471756.0788833873,2020
6029,5743366.469986349,2020
6031,943027.412728161,2020
6033,424269.8405207207,2020
6035,298837.9190599537,2020
6037,38394342.10974664,2020
6039,1053600.3219001018,2020
6041,1031796.1213413398,2020
6043,93724.01423858291,2020
6045,836801.5557229536,2020
6047,1866289.751266343,2020
6049,129315.55909996667,2020
6051,226178.0355179141,2020
6053,1521069.4352994917,2020
6055,543099.0833437638,2020
6057,697158.967966187,2020
6059,12508428.29908287,2020
6061,2067256.3409441037,2020
6063,206764.1197658158,2020
6065,11325953.947491454,2020
6067,6089830.147747893,2020
6069,276217.3907116703,2020
6071,11916715.89672942,2020
6073,14664509.081934685,2020
6075,1592168.47665707,2020
6077,3590526.759088044,2020
6079,1051289.6254815506,2020
6081,2669371.184518401,2020
6083,1925576.5500788782,2020
6085,6668212.816358626,2020
6087,698098.1507567877,2020
6089,1024769.4422499783,2020
6091,69295.10236138233,2020
6093,802000.181523479,2020
6095,2363242.7911091265,2020
6097,1846312.7608539066,2020
6099,2143780.96549297,2020
6101,141828.058507573,2020
6103,841436.070783782,2020
6105,271038.1920524875,2020
6107,2010471.0121532422,2020
6109,356670.64404670964,2020
6111,3042977.265577061,2020
6113,1111233.039381308,2020
6115,341313.3371736123,2020
8001,2443927.1582105896,2020
8003,106849.2816690875,2020
8005,2243077.68606382,2020
8007,89508.9471004348,2020
8009,43253.769570841505,2020
8011,32486.3035638433,2020
8013,1157256.2879155811,2020
8014,346130.785663574,2020
8015,143275.829648697,2020
8017,45089.7009123225,2020
8019,327104.908681149,2020
8021,38933.6154517842,2020
8023,42203.8988408949,2020
8025,19176.4731572032,2020
8027,24906.8163404562,2020
8029,148152.55357624442,2020
8031,3075995.6566399625,2020
8033,26036.1454816361,2020
8035,1575177.1784487688,2020
8037,501580.127913536,2020
8039,172497.8101716754,2020
8041,2770277.44398296,2020
8043,209538.011922437,2020
8045,536373.66333468,2020
8047,32348.680028024497,2020
8049,160566.42067092902,2020
8051,128363.312975134,2020
8053,7732.8844343874,2020
8055,140732.5030241092,2020
8057,29339.4951006409,2020
8059,2369541.8740649517,2020
8061,34661.849043656,2020
8063,156177.8680577028,2020
8065,50258.0724649352,2020
8067,305702.226116732,2020
8069,1549789.86466891,2020
8071,162356.401051005,2020
8073,134544.3444406582,2020
8075,180128.0129087193,2020
8077,698944.80202073,2020
8079,27183.159574748097,2020
8081,77139.6073871951,2020
8083,192381.632667542,2020
8085,183704.77724780998,2020
8087,231892.434574789,2020
8089,87981.25559237761,2020
8091,58816.5551859153,2020
8093,161311.5669103619,2020
8095,23127.2366033289,2020
8097,134675.3612010133,2020
8099,82394.88902383321,2020
8101,773031.680934162,2020
8103,62670.6215858864,2020
8105,69008.2069651278,2020
8107,162269.933376493,2020
8109,55093.3318595069,2020
8111,13693.0223003354,2020
8113,61450.1736299658,2020
8115,61687.7675829468,2020
8117,319102.892162961,2020
8119,121808.7078417036,2020
8121,83286.8699223556,2020
8123,1760808.10655694,2020
8125,63056.8999125252,2020
15001,838149.713649053,2020
15003,2987930.120878366,2020
15005,4.680579589602556,2020
15007,298866.2625209795,2020
15009,607731.0222560851,2020
16001,2095349.934038799,2020
16003,60630.2385763727,2020
16005,539722.318501407,2020
16007,65120.5916581317,2020
16009,82024.41552753121,2020
16011,375274.355012965,2020
16013,186859.1190830059,2020
16015,129931.0827778909,2020
16017,293453.831276407,2020
16019,731772.67780836,2020
16021,84102.313965656,2020
16023,110818.9180138376,2020
16025,25952.2019718636,2020
16027,1053300.751528335,2020
16029,68083.8701111651,2020
16031,305722.235544805,2020
16033,48701.199144195096,2020
16035,60599.9120615979,2020
16037,56059.9301588441,2020
16039,349823.9431799597,2020
16041,72119.6814151585,2020
16043,157918.1295859093,2020
16045,82024.1264124582,2020
16047,228951.8665194439,2020
16049,144656.1025405499,2020
16051,149982.4848014574,2020
16053,305713.005707315,2020
16055,1045813.7431149989,2020
16057,189565.6757920145,2020
16059,58311.1707197778,2020
16061,56322.6223402116,2020
16063,73692.6576510108,2020
16065,168930.2745002801,2020
16067,223089.1576752715,2020
16069,296572.5024916249,2020
16071,114516.970826836,2020
16073,92035.91490521301,2020
16075,198437.516866477,2020
16077,124676.2532899457,2020
16079,191684.2273753734,2020
16081,81148.4834475397,2020
16083,404313.352005129,2020
16085,132665.7371351941,2020
16087,69654.1468201731,2020
30001,130613.192350722,2020
30003,185917.9700679739,2020
30005,46437.131124700296,2020
30007,93096.9046845535,2020
30009,97022.65817119609,2020
30011,26805.631318139698,2020
30013,418976.066294295,2020
30015,52358.989772506,2020
30017,107516.13195303161,2020
30019,10541.9081215697,2020
30021,99737.54354101651,2020
30023,79237.7924165365,2020
30025,20407.6736750481,2020
30027,77251.50826717069,2020
30029,638999.6598232479,2020
30031,728810.724265983,2020
30033,16572.4713567677,2020
30035,104581.6358742596,2020
30037,15719.5089237546,2020
30039,110226.2943285736,2020
30041,82801.627494117,2020
30043,216414.9368300462,2020
30045,35222.8046646921,2020
30047,212415.0957545524,2020
30049,371144.165996377,2020
30051,18911.9191633281,2020
30053,115806.773359081,2020
30055,23165.5448212933,2020
30057,96977.2087972804,2020
30059,18909.4028207079,2020
30061,164710.7690701872,2020
30063,717315.75297067,2020
30065,36190.2125447332,2020
30067,197941.7127457044,2020
30069,9074.3276134196,2020
30071,33090.009463422204,2020
30073,59200.7562940378,2020
30075,40433.993048071396,2020
30077,135498.43313655732,2020
30079,38076.8999592324,2020
30081,218065.402256942,2020
30083,84530.2729522294,2020
30085,64902.8484673381,2020
30087,102681.4861920521,2020
30089,96405.9471893236,2020
30091,24097.306589265103,2020
30093,227075.086748588,2020
30095,151722.8796608897,2020
30097,118170.7841246756,2020
30099,52022.5130997471,2020
30101,51015.1607770038,2020
30103,36156.4994692419,2020
30105,54911.1392867004,2020
30107,23315.2137378359,2020
30109,22662.3324839717,2020
30111,876527.539540455,2020
32001,221484.582988542,2020
32003,9286893.3741844,2020
32005,309251.3744859229,2020
32007,576982.34791584,2020
32009,62473.21227322215,2020
32011,107678.9326627643,2020
32013,242886.4284704632,2020
32015,89607.8427464225,2020
32017,82048.4453881622,2020
32019,337044.825365712,2020
32021,84921.5643130934,2020
32023,264278.6008597184,2020
32027,234937.719317513,2020
32029,48215.522483803,2020
32031,1743655.74749527,2020
32033,112618.7836886316,2020
32510,281453.7448085511,2020
38001,20434.8376047955,2020
38003,161849.699540391,2020
38005,52073.8517532086,2020
38007,40299.953827462705,2020
38009,59148.2236207975,2020
38011,29301.6793444889,2020
38013,27777.8887710534,2020
38015,488162.74951134704,2020
38017,1020905.05049922,2020
38019,31090.1562426683,2020
38021,36862.2749064072,2020
38023,20905.4904598132,2020
38025,84379.5099426947,2020
38027,16746.5396495961,2020
38029,30817.0562981203,2020
38031,29526.3259314185,2020
38033,30278.7577790892,2020
38035,411058.34222475596,2020
38037,20103.4630554259,2020
38039,16858.1742410392,2020
38041,22424.4119207752,2020
38043,80113.8777095873,2020
38045,36707.3166643589,2020
38047,13775.062848354799,2020
38049,74146.470845308,2020
38051,16860.015950504,2020
38053,236715.772943278,2020
38055,134660.4236299594,2020
38057,58706.956837555306,2020
38059,291050.21722645103,2020
38061,144084.307891351,2020
38063,39725.925074713,2020
38065,22597.5143386694,2020
38067,70219.1858318577,2020
38069,34065.2572140497,2020
38071,87526.3180649892,2020
38073,32723.4242515132,2020
38075,22755.806293280497,2020
38077,184382.474434055,2020
38079,59871.2736543515,2020
38081,34766.1304102226,2020
38083,12383.9348011312,2020
38085,24697.966023097,2020
38087,18571.036728611776,2020
38089,274279.741080517,2020
38091,20213.4531230639,2020
38093,222081.8018872703,2020
38095,17982.516927829598,2020
38097,136955.8698743324,2020
38099,102737.8702592741,2020
38101,424241.468323619,2020
38103,43190.3386167134,2020
38105,290202.858589679,2020
41001,282393.6668072751,2020
41003,251558.940316678,2020
41005,1594527.846168575,2020
41007,253839.71175997902,2020
41009,199299.2593312267,2020
41011,292204.781181428,2020
41013,103420.218015433,2020
41015,108344.4796509153,2020
41017,736365.649311775,2020
41019,1109626.54444768,2020
41021,128272.60119105164,2020
41023,49069.5439263975,2020
41025,74222.0631716161,2020
41027,266388.812699394,2020
41029,1055016.306268716,2020
41031,146890.842876993,2020
41033,486570.23898954596,2020
41035,427030.743439151,2020
41037,70173.3518312826,2020
41039,1777851.505124036,2020
41041,252513.02074579202,2020
41043,836679.893478369,2020
41045,307602.390487601,2020
41047,1831974.5858042769,2020
41049,180151.1803372669,2020
41051,3575644.595971809,2020
41053,276607.151060788,2020
41055,147495.82159003694,2020
41057,188606.19656811788,2020
41059,628617.2011255741,2020
41061,258408.4965713353,2020
41063,31879.162562365196,2020
41065,378329.99674701603,2020
41067,2273510.2317967853,2020
41069,12581.460610578924,2020
41071,307832.290834638,2020
46003,73734.08167573175,2020
46005,81629.4306381005,2020
46007,20486.44224346494,2020
46009,38715.035768208,2020
46011,189499.274262585,2020
46013,176926.07970285098,2020
46015,85836.27597743149,2020
46017,11637.359673151599,2020
46019,71706.7807268232,2020
46021,11425.7558510495,2020
46023,47680.10726873056,2020
46025,32182.96219117346,2020
46027,68350.4100164853,2020
46029,168629.021294546,2020
46031,26679.162845882827,2020
46033,92225.00733508091,2020
46035,124183.44663036021,2020
46037,52690.52874132025,2020
46039,72513.1047883154,2020
46041,31112.466515655997,2020
46043,22785.51786155908,2020
46045,39629.588011441396,2020
46047,58912.763763993804,2020
46049,17346.1680468941,2020
46051,60249.8755851998,2020
46053,27958.65942951367,2020
46055,18218.57652063405,2020
46057,45772.0633212215,2020
46059,26276.07551854028,2020
46061,76595.0571019436,2020
46063,25582.9885614159,2020
46065,74622.2350631893,2020
46067,52473.566490786296,2020
46069,13566.7241752275,2020
46071,120512.1117567568,2020
46073,15362.599772891359,2020
46075,73709.8371687582,2020
46077,41208.8024705554,2020
46079,50704.5608889545,2020
46081,188820.2137390587,2020
46083,349174.544406252,2020
46085,136681.7379161887,2020
46087,110176.9174377938,2020
46089,14367.018490338,2020
46091,21973.0141967319,2020
46093,186581.0276943891,2020
46095,15328.478458355801,2020
46097,18832.4663120252,2020
46099,865414.49306459,2020
46101,135149.899433412,2020
46102,60853.5536797036,2020
46103,654559.3146021059,2020
46105,22162.3641254075,2020
46107,19234.6453572181,2020
46109,108503.93168750593,2020
46111,27432.3259568785,2020
46115,52214.6542599963,2020
46117,34801.926501216,2020
46119,16178.5094618098,2020
46121,52475.11135831352,2020
46123,37973.2888769435,2020
46125,47755.759856405995,2020
46127,210125.122213198,2020
46129,29460.519482461143,2020
46135,108330.52066178039,2020
46137,16564.099256083795,2020
49001,219079.1909640159,2020
49003,639085.937849939,2020
49005,563533.5363150319,2020
49007,212002.9766334898,2020
49009,21153.4655597286,2020
49011,1497455.041811831,2020
49013,219170.08087803598,2020
49015,262824.546637916,2020
49017,81370.6136780476,2020
49019,291818.213843556,2020
49021,581814.537092845,2020
49023,321355.0440195714,2020
49025,101953.3717167587,2020
49027,394837.59650887403,2020
49029,116314.3410262707,2020
49031,20357.7859585529,2020
49033,39860.3576101232,2020
49035,5065039.729970871,2020
49037,194290.292581144,2020
49039,155083.6904017873,2020
49041,248573.2017178975,2020
49043,554511.164668515,2020
49045,561649.1768501413,2020
49047,252244.87722555,2020
49049,2585846.478645798,2020
49051,254888.80170953198,2020
49053,1123856.786851659,2020
49055,31562.1245745833,2020
49057,975149.482418615,2020
53001,305744.330885434,2020
53003,60119.229162508505,2020
53005,889500.4357481691,2020
53007,377245.081671939,2020
53009,311536.960421053,2020
53011,1628784.43441057,2020
53013,33133.6531609005,2020
53015,735614.055924431,2020
53017,213527.3177663104,2020
53019,63158.959237315,2020
53021,397175.2566928874,2020
53023,30597.0326111926,2020
53025,576887.5555163852,2020
53027,385418.91457845806,2020
53029,248452.9581832697,2020
53031,191998.8495852605,2020
53033,8210037.064206111,2020
53035,894257.201139358,2020
53037,698152.589093138,2020
53039,130134.0332770646,2020
53041,571298.194196592,2020
53043,167276.3551018349,2020
53045,261420.919898124,2020
53047,276838.701875162,2020
53049,125406.3884121186,2020
53051,75320.8515989133,2020
53053,3415091.85020555,2020
53055,34882.313515618,2020
53057,749658.310959628,2020
53059,73179.3094584051,2020
53061,3004710.74298185,2020
53063,2070071.1506441298,2020
53065,217200.28229496183,2020
53067,1248672.423306197,2020
53069,23543.858996273,2020
53071,251714.386041664,2020
53073,823793.082269093,2020
53075,213013.1081968459,2020
53077,1081083.764039344,2020
56001,452674.780756078,2020
56003,103252.6592535623,2020
56005,422577.6896139303,2020
56007,462943.971302399,2020
56009,250996.2150969197,2020
56011,159589.9735788779,2020
56013,367666.7367315712,2020
56015,116763.3543500257,2020
56017,46605.0646944679,2020
56019,217694.6569998521,2020
56021,965261.0332771256,2020
56023,187522.097570761,2020
56025,634657.264180451,2020
56027,54904.4112290856,2020
56029,305223.4813723504,2020
56031,207794.6930071096,2020
56033,236473.928282879,2020
56035,120353.1084738824,2020
56037,896451.459129452,2020
56039,272610.823838323,2020
56041,341765.7992033472,2020
56043,64261.2558409551,2020
56045,65850.1248306177,2020
88180,3.586518736517,2020
88181,5.683000411218,2020
88182,13.91043141956,2020
88183,0.07978737173429999,2020
