YEAR,STATE_CODE,COUNTY_CODE,Capital Funding
2005,34.0,35.0,119810.60161594782
2005,36.0,81.0,13862950.946263466
2005,34.0,13.0,2644839.3859472326
2005,36.0,59.0,173288.41907973014
2005,36.0,5.0,9493239.92337385
2005,34.0,21.0,430211.3570722289
2005,36.0,119.0,122979.74605110235
2005,34.0,3.0,674889.2391921667
2005,34.0,39.0,556246.6367202444
2005,36.0,61.0,16633000.438402016
2005,36.0,85.0,1120815.7656348208
2005,36.0,103.0,349543.67557564116
2005,34.0,23.0,529468.3628294889
2005,36.0,47.0,20713204.13762246
2005,34.0,17.0,2445744.364619601
2005,17.0,31.0,19832663.82898871
2005,17.0,89.0,415210.6542377111
2005,17.0,43.0,1039035.5167735809
2005,42.0,45.0,365458.38169561623
2005,42.0,101.0,121940.07284035589
2005,42.0,91.0,97607.21049325661
2005,34.0,15.0,112863.33497077128
2005,48.0,113.0,305014.6709056256
2005,48.0,139.0,14353.631572029442
2005,48.0,257.0,16688.84532728707
2005,48.0,397.0,3325.8360114353313
2005,48.0,439.0,136652.0161836225
2005,48.0,71.0,160325.05569591353
2005,48.0,201.0,9721582.009321313
2005,48.0,157.0,417435.93498277315
2005,11.0,1.0,39618160.0
2005,26.0,115.0,299134.9156890212
2005,26.0,147.0,247226.57955407695
2005,26.0,93.0,467426.5047569019
2005,4.0,13.0,3378221.0
2005,27.0,19.0,0.0
2005,27.0,123.0,0.0
2005,27.0,53.0,0.0
2005,8.0,5.0,1060503.654090586
2005,8.0,123.0,605363.5657883461
2005,8.0,31.0,2942208.8992443895
2005,8.0,14.0,48590.125307696086
2005,8.0,1.0,478720.0060210605
2005,8.0,59.0,1007314.7495479219
2005,24.0,33.0,1709577.7480825565
2005,24.0,13.0,113293.49026367506
2005,24.0,27.0,197969.7569927429
2005,24.0,35.0,129843.52000382116
2005,24.0,3.0,445696.8480850076
2005,24.0,31.0,1712484.0843057157
2005,24.0,510.0,5929616.552266481
2005,29.0,189.0,9586089.0
2005,41.0,51.0,2571721.0
2005,39.0,35.0,1102321.5696817166
2005,39.0,85.0,255897.43031828356
2005,6.0,81.0,25159454.0
2005,18.0,63.0,0.0
2005,18.0,109.0,0.0
2005,18.0,59.0,0.0
2005,18.0,97.0,0.0
2005,28.0,33.0,3393821.265354446
2005,5.0,35.0,4700589.734645554
2005,18.0,43.0,59759.00862490069
2005,21.0,111.0,1650201.8365840304
2005,21.0,185.0,67588.77297469672
2005,21.0,211.0,42881.12645921928
2005,21.0,29.0,84340.25535715274
2005,47.0,147.0,1495082.0
2005,9.0,3.0,0.0
2005,22.0,87.0,0.0
2005,22.0,71.0,0.0
2005,4.0,19.0,0.0
2005,31.0,153.0,0.0
2005,31.0,55.0,0.0
2006,36.0,59.0,151355.3640831816
2006,36.0,47.0,16495746.532845369
2006,34.0,35.0,102046.72942208269
2006,36.0,81.0,11332627.5341569
2006,36.0,85.0,871051.7108204872
2006,34.0,13.0,2210439.117772541
2006,34.0,39.0,379064.79189153155
2006,36.0,61.0,13814799.098987952
2006,34.0,3.0,458312.9493658259
2006,34.0,21.0,340315.09020351834
2006,34.0,23.0,438769.2080650714
2006,36.0,103.0,212993.00208687407
2006,36.0,5.0,7839819.575429604
2006,36.0,119.0,118429.923583211
2006,34.0,17.0,2155824.3712858493
2006,17.0,31.0,13586576.641022284
2006,17.0,43.0,632593.2123093675
2006,17.0,89.0,271629.1466683499
2006,42.0,101.0,897523.5782594836
2006,34.0,15.0,779652.3357347784
2006,42.0,91.0,627272.9362448199
2006,42.0,45.0,2244430.149760918
2006,48.0,257.0,74910.01911440358
2006,48.0,139.0,75105.69617192759
2006,48.0,439.0,635498.5641604485
2006,48.0,397.0,25563.089411798406
2006,48.0,113.0,1442573.6311414219
2006,48.0,157.0,596240.4289194611
2006,48.0,201.0,12628171.910737988
2006,48.0,71.0,99693.66034255254
2006,11.0,1.0,63097691.0
2006,26.0,115.0,121485.90523886969
2006,26.0,147.0,47067.25870342681
2006,26.0,93.0,175416.83605770348
2006,4.0,13.0,3674619.0
2006,27.0,123.0,12112.185824726723
2006,27.0,53.0,8068.150445083854
2006,27.0,19.0,1119.6637301894223
2006,8.0,31.0,1966853.9489628256
2006,8.0,1.0,380675.10206264176
2006,8.0,14.0,27404.2584211898
2006,8.0,123.0,342525.29743129277
2006,8.0,5.0,801171.6814124022
2006,8.0,59.0,702596.7117096481
2006,24.0,27.0,111830.26567445319
2006,24.0,31.0,658007.8288399687
2006,24.0,3.0,174192.1851911175
2006,24.0,13.0,77671.2722927692
2006,24.0,33.0,768000.9721812892
2006,24.0,510.0,2584934.0963403853
2006,24.0,35.0,34586.37948001691
2006,29.0,189.0,3102023.0
2006,41.0,51.0,4718527.0
2006,39.0,35.0,3121043.834956638
2006,39.0,85.0,765353.1650433623
2006,6.0,81.0,7790344.0
2006,18.0,109.0,3146.15621747483
2006,18.0,97.0,78782.27362309035
2006,18.0,63.0,7383.24621521371
2006,18.0,59.0,1440.3239442211134
2006,28.0,33.0,3600422.317732217
2006,5.0,35.0,4696175.682267783
2006,21.0,111.0,389944.44026553544
2006,18.0,43.0,21506.33684201947
2006,21.0,211.0,7788.741963641699
2006,21.0,29.0,18810.00908101764
2006,21.0,185.0,10104.471847785779
2006,47.0,147.0,2853714.0
2006,9.0,3.0,0.0
2006,22.0,87.0,0.0
2006,22.0,71.0,0.0
2006,4.0,19.0,0.0
2006,31.0,153.0,0.0
2006,31.0,55.0,0.0
2007,34.0,17.0,2621891.374312817
2007,36.0,5.0,9228626.693407279
2007,36.0,81.0,13165110.754159564
2007,34.0,21.0,368037.8934292287
2007,34.0,13.0,2561913.984962708
2007,36.0,59.0,151604.03673704635
2007,34.0,3.0,617871.2112362309
2007,36.0,85.0,1058703.4876936758
2007,36.0,119.0,149381.3679724658
2007,34.0,23.0,567307.4778302273
2007,36.0,103.0,286141.86009899346
2007,34.0,39.0,461498.9358928161
2007,36.0,47.0,20511626.30805345
2007,36.0,61.0,16518383.96378211
2007,34.0,35.0,95481.65043138785
2007,17.0,31.0,18771657.74376569
2007,17.0,89.0,298318.2691470395
2007,17.0,43.0,803024.9870872723
2007,42.0,101.0,973077.8448247326
2007,42.0,45.0,2826569.3884677766
2007,42.0,91.0,512700.3111449472
2007,34.0,15.0,729832.4555625435
2007,48.0,257.0,454.3600278380481
2007,48.0,439.0,4179.301148642679
2007,48.0,139.0,340.7096327833954
2007,48.0,113.0,9647.830918763319
2007,48.0,397.0,128.7982719725584
2007,48.0,201.0,16737471.173651591
2007,48.0,157.0,941065.5624054853
2007,48.0,71.0,181791.26394292287
2007,11.0,1.0,190018209.0
2007,26.0,147.0,101435.46036942727
2007,26.0,115.0,106743.1820662059
2007,26.0,93.0,236591.35756436686
2007,4.0,13.0,4140227.0
2007,27.0,53.0,105058.38618746104
2007,27.0,19.0,6154.612006237195
2007,27.0,123.0,184247.00180630173
2007,8.0,1.0,242543.95643770526
2007,8.0,31.0,1148061.7098279323
2007,8.0,5.0,515563.3449576805
2007,8.0,14.0,20641.26554409422
2007,8.0,59.0,385140.07018699165
2007,8.0,123.0,398808.6530455961
2007,24.0,3.0,618616.709717358
2007,24.0,510.0,6388420.835612414
2007,24.0,31.0,2161062.925752664
2007,24.0,33.0,2173062.5838042046
2007,24.0,35.0,126895.46648999292
2007,24.0,27.0,170118.350122563
2007,24.0,13.0,238651.128500803
2007,29.0,189.0,5278321.0
2007,41.0,51.0,12192177.0
2007,39.0,85.0,218540.1660352758
2007,39.0,35.0,1017496.8339647242
2007,6.0,81.0,23173884.0
2007,18.0,63.0,0.0
2007,18.0,59.0,0.0
2007,18.0,109.0,0.0
2007,18.0,97.0,0.0
2007,28.0,33.0,3410862.7747439463
2007,5.0,35.0,6392601.225256054
2007,18.0,43.0,68666.40512145375
2007,21.0,29.0,63176.00539063973
2007,21.0,111.0,1200106.2336451346
2007,21.0,211.0,29051.54481791021
2007,21.0,185.0,42034.81102486164
2007,47.0,147.0,1176003.0
2007,9.0,3.0,0.0
2007,22.0,71.0,0.0
2007,22.0,87.0,0.0
2007,4.0,19.0,0.0
2007,31.0,55.0,0.0
2007,31.0,153.0,0.0
2008,34.0,23.0,761864.8672192667
2008,34.0,13.0,3850308.180085243
2008,34.0,3.0,825391.2035710539
2008,34.0,39.0,703150.5166559903
2008,36.0,85.0,1465961.2430052266
2008,36.0,47.0,30246683.258165255
2008,36.0,5.0,13735550.130493471
2008,36.0,81.0,19773814.71762997
2008,36.0,59.0,299946.1470143675
2008,36.0,103.0,410450.63705603644
2008,36.0,61.0,24697513.432770036
2008,34.0,17.0,3599551.059941852
2008,34.0,35.0,148994.57353300517
2008,36.0,119.0,188582.84009395333
2008,34.0,21.0,701144.1927652727
2008,17.0,89.0,496153.6617572777
2008,17.0,43.0,1493556.1740962588
2008,17.0,31.0,21604247.164146464
2008,42.0,101.0,372177.8402912257
2008,42.0,91.0,239295.48635510702
2008,34.0,15.0,315234.0690657987
2008,42.0,45.0,935579.6042878686
2008,48.0,439.0,517984.13022700715
2008,48.0,397.0,12677.705920087521
2008,48.0,113.0,1330997.9114945673
2008,48.0,257.0,53113.83411820284
2008,48.0,139.0,55414.41824013526
2008,48.0,157.0,452194.9609045147
2008,48.0,201.0,10836615.832778199
2008,48.0,71.0,122632.20631728703
2008,11.0,1.0,317524312.0
2008,26.0,93.0,592124.4076774219
2008,26.0,147.0,354143.94406215835
2008,26.0,115.0,422148.64826041966
2008,4.0,13.0,11028707.0
2008,27.0,123.0,61339.32624267709
2008,27.0,53.0,38437.934029462245
2008,27.0,19.0,3812.739727860658
2008,8.0,123.0,427854.3167962809
2008,8.0,14.0,48429.305511856364
2008,8.0,5.0,727799.208617887
2008,8.0,31.0,2098201.3727184446
2008,8.0,59.0,620033.1648779811
2008,8.0,1.0,436445.63147755025
2008,24.0,27.0,71242.43366466503
2008,24.0,33.0,505196.3196226819
2008,24.0,35.0,34909.86736442667
2008,24.0,510.0,1794424.5978804189
2008,24.0,31.0,545897.1257807409
2008,24.0,13.0,61318.257371450214
2008,24.0,3.0,144723.3983156166
2008,29.0,189.0,6354043.0
2008,41.0,51.0,15608214.0
2008,39.0,85.0,981793.00499804
2008,39.0,35.0,5865927.99500196
2008,6.0,81.0,33295244.0
2008,18.0,59.0,0.0
2008,18.0,63.0,0.0
2008,18.0,109.0,0.0
2008,18.0,97.0,0.0
2008,28.0,33.0,2681003.026169317
2008,5.0,35.0,6492348.973830683
2008,21.0,185.0,49405.29354299748
2008,21.0,29.0,79456.37711548469
2008,21.0,211.0,35301.720386257606
2008,18.0,43.0,62795.741792938905
2008,21.0,111.0,1112040.8671623212
2008,47.0,147.0,2197396.0
2008,9.0,3.0,0.0
2008,22.0,87.0,0.0
2008,22.0,71.0,0.0
2008,4.0,19.0,0.0
2008,31.0,153.0,0.0
2008,31.0,55.0,0.0
2009,34.0,17.0,4003758.632898115
2009,36.0,61.0,25363086.99929746
2009,34.0,21.0,851942.9264877321
2009,36.0,59.0,271843.36963888234
2009,36.0,85.0,1838153.9819994564
2009,34.0,23.0,761950.088612457
2009,36.0,119.0,190122.0705312006
2009,36.0,81.0,21131809.917141784
2009,36.0,47.0,31419784.405498914
2009,34.0,13.0,3621052.5811152505
2009,36.0,5.0,14622848.833786562
2009,34.0,3.0,1044322.3751444159
2009,36.0,103.0,388458.5310166911
2009,34.0,39.0,742751.0951748034
2009,34.0,35.0,197849.19165627228
2009,17.0,43.0,694595.9960899608
2009,17.0,89.0,229510.20048567394
2009,17.0,31.0,12258883.803424366
2009,34.0,15.0,983808.5401815051
2009,42.0,91.0,718133.5036392523
2009,42.0,101.0,862621.4085611852
2009,42.0,45.0,2338264.5476180576
2009,48.0,113.0,392795.37268292595
2009,48.0,139.0,18533.516879341398
2009,48.0,397.0,6555.301987140705
2009,48.0,257.0,21754.69918472278
2009,48.0,439.0,192875.10926586913
2009,48.0,201.0,11521256.191482294
2009,48.0,157.0,643776.9111935042
2009,48.0,71.0,137852.89732420212
2009,11.0,1.0,220062423.0
2009,26.0,93.0,400454.36474820727
2009,26.0,115.0,369274.1736957604
2009,26.0,147.0,346082.46155603236
2009,4.0,13.0,4392362.0
2009,27.0,123.0,299665.94656228274
2009,27.0,53.0,163048.44889032305
2009,27.0,19.0,12576.604547394232
2009,8.0,59.0,1026805.3469130823
2009,8.0,123.0,671898.3585776214
2009,8.0,1.0,633889.3905833934
2009,8.0,31.0,2742293.3645905126
2009,8.0,5.0,1237328.043484305
2009,8.0,14.0,44739.49585108549
2009,24.0,3.0,180844.55319516585
2009,24.0,510.0,2015747.1593084082
2009,24.0,33.0,646932.4282429416
2009,24.0,27.0,81951.62856837234
2009,24.0,35.0,26940.273147030086
2009,24.0,31.0,732556.6778540498
2009,24.0,13.0,67345.27968403188
2009,29.0,189.0,16950419.0
2009,41.0,51.0,6038880.0
2009,39.0,85.0,381443.75199291407
2009,39.0,35.0,2457923.2480070856
2009,6.0,81.0,37381038.0
2009,18.0,59.0,0.0
2009,18.0,109.0,0.0
2009,18.0,63.0,0.0
2009,18.0,97.0,0.0
2009,28.0,33.0,2154837.343765477
2009,5.0,35.0,5061595.656234522
2009,18.0,43.0,19306.950460859345
2009,21.0,29.0,27041.96959953643
2009,21.0,211.0,12819.157262215187
2009,21.0,185.0,19067.525916713188
2009,21.0,111.0,408874.3967606759
2009,47.0,147.0,5632454.0
2009,9.0,3.0,690276.0
2009,22.0,71.0,0.0
2009,22.0,87.0,0.0
2009,4.0,19.0,0.0
2009,31.0,55.0,0.0
2009,31.0,153.0,0.0
2010,36.0,103.0,359590.32733931014
2010,36.0,47.0,26163056.388952695
2010,36.0,119.0,214710.10931637848
2010,36.0,85.0,1297162.3819219817
2010,34.0,13.0,2894539.2054347754
2010,36.0,5.0,11707889.179757096
2010,34.0,17.0,3142394.0647130813
2010,36.0,81.0,16975352.714982923
2010,34.0,3.0,783343.5316583805
2010,36.0,61.0,20014952.44167733
2010,36.0,59.0,272475.20654630056
2010,34.0,35.0,162902.1832644972
2010,34.0,23.0,658491.301642921
2010,34.0,39.0,535406.2821593318
2010,34.0,21.0,524991.6806329995
2010,17.0,89.0,229122.00154596416
2010,17.0,31.0,12902386.572128039
2010,17.0,43.0,709685.4263259962
2010,42.0,45.0,257528.40583388708
2010,42.0,91.0,89970.18801963574
2010,42.0,101.0,90256.85462745243
2010,34.0,15.0,86718.55151902477
2010,48.0,113.0,1306019.247382147
2010,48.0,439.0,711625.6228399402
2010,48.0,257.0,80515.34610337653
2010,48.0,397.0,29097.527880795908
2010,48.0,139.0,73829.25579374032
2010,48.0,157.0,1068624.8799008057
2010,48.0,71.0,317029.560312369
2010,48.0,201.0,28052816.559786826
2010,11.0,1.0,75502796.0
2010,26.0,147.0,115408.7831119475
2010,26.0,93.0,191727.00485313794
2010,26.0,115.0,198357.21203491456
2010,4.0,13.0,11994470.0
2010,27.0,53.0,85022.09235739624
2010,27.0,123.0,147491.4713922726
2010,27.0,19.0,8952.436250331144
2010,8.0,5.0,1063732.4912844982
2010,8.0,123.0,673469.3725587515
2010,8.0,1.0,681039.4735068993
2010,8.0,14.0,65521.66519109221
2010,8.0,59.0,1085229.5409101055
2010,8.0,31.0,2913383.456548653
2010,24.0,35.0,64051.088435060396
2010,24.0,27.0,156283.3849266181
2010,24.0,13.0,106295.96392076212
2010,24.0,33.0,1260945.0235468955
2010,24.0,31.0,1258245.8381862564
2010,24.0,510.0,3687623.171885619
2010,24.0,3.0,355220.5290987891
2010,29.0,189.0,5941432.0
2010,41.0,51.0,7075971.0
2010,39.0,85.0,276226.6191946379
2010,39.0,35.0,1877196.3808053622
2010,6.0,81.0,28313151.0
2010,18.0,63.0,0.0
2010,18.0,97.0,0.0
2010,18.0,59.0,0.0
2010,18.0,109.0,0.0
2010,28.0,33.0,2870134.769648295
2010,5.0,35.0,4392233.230351705
2010,21.0,185.0,142354.57497337114
2010,21.0,29.0,221646.30919483324
2010,18.0,43.0,193313.47525391183
2010,21.0,211.0,100095.65500997644
2010,21.0,111.0,4876681.985567907
2010,47.0,147.0,2872164.0
2010,9.0,3.0,1002657.0
2010,22.0,71.0,0.0
2010,22.0,87.0,0.0
2010,4.0,19.0,0.0
2010,31.0,153.0,0.0
2010,31.0,55.0,0.0
2011,34.0,13.0,10021504.400164977
2011,34.0,3.0,2501973.6951415613
2011,36.0,119.0,629740.5636946495
2011,36.0,47.0,80813110.23165408
2011,34.0,39.0,1726101.483545837
2011,36.0,103.0,1087601.9563963353
2011,36.0,85.0,4178949.144908256
2011,34.0,17.0,10346269.344757807
2011,36.0,81.0,53690107.00086131
2011,34.0,21.0,1730422.7724170478
2011,36.0,61.0,63369185.863166586
2011,36.0,59.0,1036043.0857896127
2011,34.0,35.0,436367.57968024217
2011,34.0,23.0,2219152.659557565
2011,36.0,5.0,37189177.21826414
2011,17.0,31.0,7893274.926461293
2011,17.0,43.0,431337.77501626936
2011,17.0,89.0,195915.298522438
2011,34.0,15.0,426359.477357939
2011,42.0,45.0,1218784.6739317302
2011,42.0,91.0,322986.1854350753
2011,42.0,101.0,517844.6632752554
2011,48.0,397.0,4335.400852875806
2011,48.0,257.0,17366.170566016404
2011,48.0,139.0,9051.943560056083
2011,48.0,439.0,130047.63625291645
2011,48.0,113.0,261357.84876813524
2011,48.0,71.0,100038.8445331897
2011,48.0,201.0,11824370.49607802
2011,48.0,157.0,618551.6593887905
2011,11.0,1.0,114548135.0
2011,26.0,147.0,687093.8117273004
2011,26.0,93.0,1373596.1312843452
2011,26.0,115.0,1236026.0569883543
2011,4.0,13.0,6635775.0
2011,27.0,19.0,27615.717403576284
2011,27.0,123.0,434882.6874607428
2011,27.0,53.0,239251.59513568092
2011,8.0,5.0,234281.1458163702
2011,8.0,31.0,658478.7440755265
2011,8.0,123.0,129628.24466347665
2011,8.0,14.0,25560.536497407717
2011,8.0,1.0,125885.14236961899
2011,8.0,59.0,234111.18657759996
2011,24.0,13.0,90422.77940019181
2011,24.0,3.0,159717.96449141807
2011,24.0,31.0,821884.9583512576
2011,24.0,27.0,101432.63558198918
2011,24.0,510.0,2295224.7097390885
2011,24.0,35.0,39166.696265307975
2011,24.0,33.0,789598.2561707469
2011,29.0,189.0,6819575.0
2011,41.0,51.0,1420694.0
2011,39.0,85.0,1282616.6661280172
2011,39.0,35.0,6970980.333871983
2011,6.0,81.0,26362612.0
2011,18.0,97.0,0.0
2011,18.0,63.0,0.0
2011,18.0,109.0,0.0
2011,18.0,59.0,0.0
2011,5.0,35.0,4043095.5133863166
2011,28.0,33.0,3897490.486613684
2011,21.0,211.0,10463.624798254967
2011,21.0,111.0,419878.7616816488
2011,18.0,43.0,15421.146596500152
2011,21.0,29.0,17198.781587158745
2011,21.0,185.0,18596.685336437353
2011,47.0,147.0,2087438.0
2011,9.0,3.0,18358.0
2011,22.0,71.0,0.0
2011,22.0,87.0,0.0
2011,4.0,19.0,0.0
2011,31.0,55.0,0.0
2011,31.0,153.0,0.0
2012,36.0,61.0,40641857.495458044
2012,36.0,103.0,1468660.6167248727
2012,36.0,5.0,23974673.798414115
2012,36.0,27.0,770926.6263122852
2012,34.0,39.0,1097666.7334323286
2012,34.0,17.0,6401489.664516651
2012,34.0,21.0,1138808.2746702323
2012,36.0,87.0,527100.4917942035
2012,34.0,23.0,1404061.220313014
2012,34.0,3.0,1513634.4050487834
2012,34.0,13.0,6908502.520881448
2012,36.0,47.0,51303072.73075488
2012,34.0,35.0,435422.0716032528
2012,36.0,119.0,5204625.426341512
2012,36.0,85.0,2826727.83605644
2012,36.0,59.0,1779058.5587927147
2012,36.0,81.0,35405028.52888522
2012,6.0,59.0,13506324.0
2012,18.0,127.0,30575.219490088137
2012,17.0,97.0,141205.34242435795
2012,17.0,111.0,28688.335219015273
2012,18.0,89.0,191874.43672036435
2012,17.0,89.0,87306.77997627556
2012,17.0,31.0,5881580.351911516
2012,17.0,37.0,19105.371152486652
2012,17.0,93.0,6518.7808496570415
2012,17.0,43.0,153591.3822562391
2012,34.0,15.0,37570.5353436497
2012,42.0,101.0,1201257.321886717
2012,42.0,91.0,111773.39817445575
2012,42.0,45.0,162624.36781873446
2012,34.0,33.0,12441.37677644302
2012,48.0,439.0,90283.03919491568
2012,48.0,397.0,2695.7511851047457
2012,48.0,113.0,191090.84167839968
2012,48.0,139.0,6412.481786694463
2012,48.0,257.0,3605.8861548854325
2012,48.0,71.0,70889.32199316143
2012,48.0,201.0,18903950.445532516
2012,48.0,157.0,677244.2324743253
2012,51.0,510.0,12458273.75277367
2012,51.0,683.0,804738.8362281803
2012,51.0,685.0,229925.3817794801
2012,51.0,610.0,238542.68739983538
2012,51.0,59.0,26863324.146291357
2012,51.0,600.0,218370.35833400366
2012,11.0,1.0,187933741.11112624
2012,51.0,153.0,7267424.279712145
2012,51.0,13.0,17191867.446355093
2012,26.0,115.0,323125.6667387386
2012,26.0,125.0,3887764.744579621
2012,26.0,147.0,819604.7483747887
2012,26.0,99.0,2794125.6372044156
2012,26.0,93.0,258489.2031024355
2012,4.0,13.0,4090350.0
2012,27.0,3.0,16593.15029611907
2012,27.0,53.0,163182.41189649334
2012,27.0,123.0,72077.42817638579
2012,27.0,19.0,3204.009631001784
2012,8.0,59.0,8277.227446810437
2012,8.0,123.0,6401.996594148469
2012,8.0,1.0,5994.025855422123
2012,8.0,14.0,850.780439091049
2012,8.0,5.0,9994.233431371662
2012,8.0,31.0,23714.736233156258
2012,24.0,31.0,1860683.979304581
2012,24.0,33.0,2112117.8041062215
2012,24.0,35.0,141678.0411274151
2012,24.0,13.0,233514.6568361864
2012,24.0,3.0,543964.1831786297
2012,24.0,510.0,7400088.438242272
2012,24.0,27.0,231456.89720469445
2012,29.0,510.0,3840529.1354522035
2012,17.0,163.0,674397.1161125563
2012,29.0,189.0,1700482.7484352402
2012,6.0,71.0,26496.390009900282
2012,6.0,65.0,29477.609990099718
2012,32.0,3.0,573677.0
2012,41.0,67.0,291503.9976433688
2012,41.0,51.0,1435013.0023566312
2012,39.0,93.0,201449.27904738724
2012,39.0,35.0,2548128.0433923188
2012,39.0,85.0,97066.67756029406
2012,6.0,115.0,1021207.0
2012,6.0,81.0,1686258.8176004933
2012,6.0,85.0,5384339.182399507
2012,18.0,57.0,0.0
2012,18.0,97.0,0.0
2012,18.0,11.0,0.0
2012,18.0,109.0,0.0
2012,18.0,63.0,0.0
2012,18.0,59.0,0.0
2012,51.0,650.0,103851.90201795053
2012,51.0,810.0,100815.65634110868
2012,51.0,95.0,16098.024246871637
2012,51.0,740.0,99172.25704940468
2012,51.0,800.0,30613.00967498476
2012,51.0,700.0,133644.92036235536
2012,51.0,199.0,21951.85124573405
2012,51.0,550.0,36370.03214176482
2012,51.0,710.0,486801.51992096304
2012,51.0,735.0,5853.826998862413
2012,55.0,89.0,2076516.6538490066
2012,55.0,131.0,3060129.8056722204
2012,55.0,133.0,6824706.518597833
2012,55.0,79.0,71895136.02188094
2012,12.0,109.0,69866497.21351981
2012,12.0,19.0,52249310.25597544
2012,12.0,31.0,444201607.5305047
2012,28.0,33.0,43471077.80262501
2012,5.0,35.0,70292598.19737498
2012,49.0,35.0,347345.0
2012,21.0,111.0,1081767.386122318
2012,21.0,211.0,9303.912416635654
2012,21.0,29.0,12039.486545699156
2012,21.0,185.0,18559.718693700357
2012,18.0,43.0,66571.49622164678
2012,47.0,37.0,1802819.9195164016
2012,47.0,147.0,88686.31256206123
2012,47.0,165.0,288733.76792153716
2012,51.0,149.0,6907.265517539044
2012,51.0,570.0,4933.7610839564595
2012,51.0,670.0,6907.265517539044
2012,51.0,760.0,164146.65781318105
2012,51.0,87.0,44308.87130015906
2012,51.0,85.0,4264.362029683634
2012,51.0,75.0,927.0352238442684
2012,51.0,730.0,10854.274384704211
2012,51.0,53.0,6907.265517539044
2012,51.0,41.0,16847.206388009938
2012,51.0,145.0,927.0352238442684
2012,36.0,29.0,2010015.0948390171
2012,36.0,63.0,322135.9051609828
2012,9.0,3.0,17798.0
2012,22.0,71.0,0.0
2012,22.0,87.0,0.0
2012,22.0,89.0,0.0
2012,37.0,183.0,0.0
2012,4.0,19.0,0.0
2012,48.0,141.0,0.0
2012,48.0,215.0,1510423.0
2012,31.0,153.0,2992208.689371496
2012,31.0,55.0,32042704.310628504
2012,55.0,89.0,0.0
2013,36.0,85.0,1730242.460824675
2013,36.0,87.0,349173.4613453178
2013,34.0,13.0,3801125.5433497233
2013,36.0,61.0,23819055.18970491
2013,36.0,119.0,3175401.224876857
2013,34.0,39.0,709619.0713216963
2013,36.0,5.0,13807110.918643204
2013,34.0,23.0,953338.4834250867
2013,36.0,59.0,1370152.0263441338
2013,36.0,81.0,21228149.166634284
2013,34.0,17.0,3966933.543649551
2013,36.0,103.0,1040265.8885845307
2013,34.0,3.0,916279.4434302283
2013,34.0,35.0,174940.4682110236
2013,36.0,27.0,510103.90989663673
2013,36.0,47.0,29907239.152287234
2013,34.0,21.0,699132.0474709085
2013,6.0,59.0,6600663.0
2013,17.0,111.0,63651.45203944368
2013,17.0,31.0,9909992.013660347
2013,17.0,97.0,225300.35597478162
2013,17.0,43.0,253472.4891423385
2013,17.0,37.0,42922.60183789566
2013,18.0,89.0,292816.9702459094
2013,17.0,93.0,3736.48845700579
2013,18.0,127.0,55119.39098000264
2013,17.0,89.0,107696.23766227452
2013,34.0,33.0,70530.6851421042
2013,42.0,101.0,4742636.467819979
2013,42.0,45.0,691801.6683940417
2013,34.0,15.0,125660.81386110192
2013,42.0,91.0,520747.3647827724
2013,48.0,139.0,2827.434647081365
2013,48.0,113.0,116286.28009286255
2013,48.0,397.0,1944.0430740825448
2013,48.0,439.0,52065.973097347414
2013,48.0,257.0,1419.2690886261157
2013,48.0,201.0,2993543.9041071627
2013,48.0,157.0,177344.02261223574
2013,48.0,71.0,17043.07328060137
2013,51.0,600.0,342887.7397470244
2013,51.0,683.0,729665.1101816678
2013,51.0,153.0,10315323.555714969
2013,51.0,685.0,208475.7457661908
2013,51.0,610.0,489087.658186188
2013,51.0,13.0,27892601.6808787
2013,51.0,510.0,18131755.402043298
2013,51.0,59.0,35103845.93378974
2013,11.0,1.0,296877098.1736922
2013,26.0,115.0,241443.87439947153
2013,26.0,99.0,1989331.0912810501
2013,26.0,125.0,2553927.822514174
2013,26.0,147.0,460031.32812296506
2013,26.0,93.0,327716.8836823393
2013,4.0,13.0,7513084.0
2013,27.0,53.0,1895212.6149269342
2013,27.0,19.0,19416.92222037225
2013,27.0,123.0,878529.5516733013
2013,27.0,3.0,229977.91117939196
2013,8.0,14.0,21374.205841331142
2013,8.0,1.0,197615.50950202026
2013,8.0,123.0,182940.2215625708
2013,8.0,31.0,847855.7705894762
2013,8.0,5.0,350296.72575140075
2013,8.0,59.0,258740.56675320078
2013,24.0,27.0,53388.260371282646
2013,24.0,510.0,1856059.4906847242
2013,24.0,33.0,578344.4579727954
2013,24.0,3.0,138534.18069806788
2013,24.0,35.0,31464.40412335464
2013,24.0,31.0,536525.6739430424
2013,24.0,13.0,57985.53220673307
2013,29.0,510.0,2055601.7584441162
2013,17.0,163.0,328710.6715289854
2013,29.0,189.0,986904.5700268983
2013,6.0,65.0,238383.1826812409
2013,6.0,71.0,153189.8173187591
2013,32.0,3.0,558692.0
2013,41.0,67.0,269658.22162223276
2013,41.0,51.0,1099286.7783777672
2013,39.0,85.0,154026.3094427879
2013,39.0,93.0,346191.24894763844
2013,39.0,35.0,4576519.441609574
2013,6.0,115.0,110556.0
2013,6.0,85.0,12308101.03833351
2013,6.0,81.0,5865002.961666492
2013,18.0,11.0,0.0
2013,18.0,63.0,0.0
2013,18.0,109.0,0.0
2013,18.0,57.0,0.0
2013,18.0,59.0,0.0
2013,18.0,97.0,0.0
2013,51.0,199.0,35405.786361370345
2013,51.0,700.0,239242.71930458397
2013,51.0,735.0,9441.54302969876
2013,51.0,550.0,104052.134798197
2013,51.0,650.0,116071.55696650644
2013,51.0,740.0,142731.9733084921
2013,51.0,800.0,88112.00605297234
2013,51.0,95.0,25964.24333167159
2013,51.0,810.0,249781.43876615845
2013,51.0,710.0,857001.5980803489
2013,55.0,79.0,130853061.36523886
2013,55.0,131.0,6864102.358977889
2013,55.0,89.0,4657783.743592138
2013,55.0,133.0,8269806.5321911
2013,12.0,19.0,47917395.88575914
2013,12.0,109.0,89953282.56668647
2013,12.0,31.0,527651061.5475544
2013,28.0,33.0,33144991.504340205
2013,5.0,35.0,55278202.4956598
2013,49.0,35.0,30830.0
2013,18.0,43.0,33104.30617090387
2013,21.0,111.0,713139.4840787661
2013,21.0,211.0,7794.559362058275
2013,21.0,185.0,14044.251102807702
2013,21.0,29.0,12504.399285464142
2013,47.0,147.0,142419.4118798783
2013,47.0,37.0,2325514.463217775
2013,47.0,165.0,444805.12490234716
2013,51.0,75.0,4344.428749407781
2013,51.0,145.0,4344.428749407781
2013,51.0,87.0,97849.22702626821
2013,51.0,670.0,24216.04110442366
2013,51.0,41.0,34180.89149660461
2013,51.0,760.0,490215.57732193934
2013,51.0,570.0,17297.172217445474
2013,51.0,149.0,24216.04110442366
2013,51.0,53.0,24216.04110442366
2013,51.0,85.0,19984.37224727579
2013,51.0,730.0,38053.77887838004
2013,36.0,29.0,1799756.7066386451
2013,36.0,63.0,291943.2933613549
2013,9.0,3.0,787344.0
2013,22.0,89.0,0.0
2013,22.0,87.0,0.0
2013,22.0,71.0,0.0
2013,37.0,183.0,0.0
2013,4.0,19.0,0.0
2013,48.0,141.0,0.0
2013,48.0,215.0,369805.0
2013,31.0,153.0,837765.1506212668
2013,31.0,55.0,6549159.849378733
2013,55.0,89.0,0.0
2014,36.0,119.0,3489114.135926299
2014,36.0,27.0,665306.9311956856
2014,34.0,23.0,827071.0114176986
2014,34.0,21.0,708234.6865528014
2014,36.0,81.0,23071732.12498602
2014,34.0,35.0,234503.0366462969
2014,36.0,47.0,34311953.42358779
2014,36.0,59.0,1246200.5022439056
2014,34.0,13.0,4028653.0650464487
2014,36.0,61.0,27041186.858118847
2014,36.0,5.0,15105785.063986475
2014,34.0,3.0,992944.8309845707
2014,36.0,103.0,1096503.714331912
2014,34.0,17.0,4250087.878935306
2014,36.0,87.0,356490.2656143658
2014,36.0,85.0,1796417.581884898
2014,34.0,39.0,688672.8885406806
2014,6.0,59.0,11286027.0
2014,17.0,97.0,362066.527389455
2014,17.0,111.0,74496.99883913477
2014,17.0,43.0,393215.48806065426
2014,17.0,31.0,14677781.389239397
2014,17.0,37.0,44818.34993366168
2014,17.0,93.0,18599.89485231461
2014,18.0,89.0,503478.04610901664
2014,18.0,127.0,32207.945955225292
2014,17.0,89.0,161319.35962114186
2014,34.0,15.0,4435.072129070334
2014,34.0,33.0,1249.1282710003538
2014,42.0,91.0,9636.718206270523
2014,42.0,101.0,99888.99149944863
2014,42.0,45.0,14513.089894210158
2014,48.0,439.0,536305.4418963048
2014,48.0,139.0,21800.24056884422
2014,48.0,397.0,23186.18895103394
2014,48.0,113.0,1090569.1436285914
2014,48.0,257.0,13810.984955225686
2014,48.0,71.0,97646.83270480022
2014,48.0,157.0,354106.068042215
2014,48.0,201.0,10607766.099252984
2014,51.0,685.0,364921.88368057244
2014,11.0,1.0,282022347.0412669
2014,51.0,59.0,44664605.26070444
2014,51.0,610.0,409173.9960368133
2014,51.0,510.0,23169773.856694084
2014,51.0,600.0,623085.5463017137
2014,51.0,683.0,1277226.5928820034
2014,51.0,13.0,27100625.779995598
2014,51.0,153.0,10971521.042437859
2014,26.0,125.0,2997711.6492864927
2014,26.0,147.0,499175.6695250807
2014,26.0,115.0,383297.34267337696
2014,26.0,99.0,2034500.8859404589
2014,26.0,93.0,291270.45257459057
2014,4.0,13.0,2371856.0
2014,27.0,53.0,464620.458260091
2014,27.0,3.0,53277.10736015768
2014,27.0,19.0,6821.771702700706
2014,27.0,123.0,234903.6626770506
2014,8.0,31.0,3036993.426176254
2014,8.0,59.0,933660.3917067247
2014,8.0,14.0,112802.36074494635
2014,8.0,5.0,1119611.8265095695
2014,8.0,1.0,843987.2757050543
2014,8.0,123.0,544000.7191574508
2014,24.0,33.0,1534980.26715004
2014,24.0,27.0,135397.57776241968
2014,24.0,510.0,5016805.363520728
2014,24.0,35.0,114788.6619906468
2014,24.0,13.0,147419.01193495266
2014,24.0,3.0,388690.14917189267
2014,24.0,31.0,1608616.9684693194
2014,29.0,510.0,3213167.029333926
2014,17.0,163.0,477696.7494916326
2014,29.0,189.0,1435843.2211744417
2014,6.0,65.0,2729196.510283125
2014,6.0,71.0,2268990.489716875
2014,32.0,3.0,168959.0
2014,41.0,51.0,6599416.559392132
2014,41.0,67.0,1491232.4406078684
2014,39.0,35.0,4926328.0612040935
2014,39.0,85.0,151222.7465925803
2014,39.0,93.0,438024.1922033267
2014,6.0,115.0,844814.0
2014,6.0,81.0,3232092.387000913
2014,6.0,85.0,7851428.612999086
2014,18.0,109.0,0.0
2014,18.0,97.0,0.0
2014,18.0,63.0,0.0
2014,18.0,11.0,0.0
2014,18.0,57.0,0.0
2014,18.0,59.0,0.0
2014,51.0,710.0,877338.081308595
2014,51.0,95.0,17480.327012787366
2014,51.0,650.0,156381.9650471654
2014,51.0,700.0,329377.4640321039
2014,51.0,800.0,155296.52146674215
2014,51.0,550.0,87038.51904602545
2014,51.0,199.0,23836.80956289186
2014,51.0,735.0,6356.482550104495
2014,51.0,740.0,179772.6885342898
2014,51.0,810.0,191362.1414392945
2014,55.0,89.0,4213198.025381152
2014,55.0,131.0,6208923.405824855
2014,55.0,133.0,8128524.138788612
2014,55.0,79.0,116377170.43000539
2014,12.0,19.0,49279386.92498085
2014,12.0,109.0,82863568.89311136
2014,12.0,31.0,684510537.1819078
2014,28.0,33.0,21501374.170680575
2014,5.0,35.0,36618538.829319425
2014,49.0,35.0,74630.0
2014,21.0,211.0,32212.273144974253
2014,18.0,43.0,112156.39524612934
2014,21.0,185.0,65799.4148259437
2014,21.0,29.0,39206.169610688914
2014,21.0,111.0,2055820.7471722637
2014,47.0,37.0,1742553.63340092
2014,47.0,147.0,129146.86748376483
2014,47.0,165.0,251612.4991153151
2014,51.0,87.0,283058.1064797858
2014,51.0,670.0,36409.21893814892
2014,51.0,75.0,9375.809594488434
2014,51.0,53.0,36409.21893814892
2014,51.0,149.0,36409.21893814892
2014,51.0,730.0,57214.48690280545
2014,51.0,760.0,1045452.1161517472
2014,51.0,570.0,26006.58495582066
2014,51.0,41.0,59679.70537177061
2014,51.0,145.0,9375.809594488434
2014,51.0,85.0,43128.72413464679
2014,36.0,63.0,112706.9868546895
2014,36.0,29.0,691502.0131453106
2014,9.0,3.0,1191732.0
2014,22.0,89.0,0.0
2014,22.0,87.0,0.0
2014,22.0,71.0,0.0
2014,37.0,183.0,0.0
2014,4.0,19.0,0.0
2014,48.0,141.0,0.0
2014,48.0,215.0,0.0
2014,31.0,55.0,6758902.386593665
2014,31.0,153.0,1230685.613406335
2014,55.0,89.0,0.0
2015,36.0,59.0,1715373.0230403533
2015,34.0,23.0,1196767.6286599373
2015,36.0,103.0,1415497.2325054894
2015,34.0,39.0,1318166.1684806861
2015,36.0,27.0,784650.1595779719
2015,34.0,21.0,727110.4525815394
2015,34.0,13.0,6056114.504024807
2015,36.0,61.0,37092922.86260054
2015,36.0,47.0,47555779.57270544
2015,36.0,87.0,558566.3631825565
2015,36.0,119.0,4873872.601631306
2015,34.0,3.0,1290973.9219295208
2015,36.0,85.0,2640959.6940713986
2015,34.0,17.0,6134796.970974618
2015,34.0,35.0,293176.125470958
2015,36.0,81.0,29948363.941586833
2015,36.0,5.0,21584363.77697604
2015,6.0,59.0,12185428.0
2015,17.0,111.0,92922.12731174822
2015,17.0,97.0,314895.3714828312
2015,17.0,43.0,463423.15949883685
2015,17.0,31.0,16016279.061765943
2015,17.0,93.0,6541.360700679406
2015,17.0,37.0,49723.55450924895
2015,18.0,127.0,117627.7922804801
2015,17.0,89.0,175468.1619690228
2015,18.0,89.0,530420.4104812101
2015,34.0,33.0,2123.1731555231113
2015,42.0,91.0,27782.318002885804
2015,34.0,15.0,6885.246317994403
2015,42.0,45.0,35937.07544214816
2015,42.0,101.0,236172.1870814485
2015,48.0,257.0,164.47344407094016
2015,48.0,397.0,203.30912767340843
2015,48.0,439.0,5499.905087208592
2015,48.0,113.0,11742.347372272628
2015,48.0,139.0,216.9649687744317
2015,48.0,71.0,103353.91536135052
2015,48.0,201.0,24428323.600979026
2015,48.0,157.0,692473.4836596234
2015,51.0,510.0,11003110.373736866
2015,51.0,59.0,24366464.953363325
2015,51.0,685.0,342115.43616916664
2015,51.0,610.0,119402.38156307682
2015,51.0,153.0,7875510.671023642
2015,51.0,13.0,20134678.872822173
2015,11.0,1.0,183766168.69260624
2015,51.0,683.0,1197404.0265920833
2015,51.0,600.0,534406.5921234199
2015,26.0,115.0,453108.6461678849
2015,26.0,99.0,3555330.41314627
2015,26.0,147.0,779218.6709076358
2015,26.0,125.0,4248070.501223912
2015,26.0,93.0,666959.768554297
2015,4.0,13.0,1325671.0
2015,27.0,123.0,106237.30396909369
2015,27.0,3.0,18643.045780871824
2015,27.0,19.0,2019.4921573640815
2015,27.0,53.0,273613.1580926704
2015,8.0,31.0,3189440.5921728886
2015,8.0,1.0,910056.8355604582
2015,8.0,5.0,1620420.4201870284
2015,8.0,14.0,103007.20535512823
2015,8.0,123.0,837725.2387996089
2015,8.0,59.0,1089649.7079248878
2015,24.0,31.0,338792.0351960916
2015,24.0,33.0,249517.81363954258
2015,24.0,35.0,16080.99247567448
2015,24.0,510.0,1042847.2290202548
2015,24.0,27.0,57556.53240627616
2015,24.0,13.0,41478.25941522954
2015,24.0,3.0,70614.1378469308
2015,29.0,189.0,2953558.987569193
2015,17.0,163.0,1094421.1992499828
2015,29.0,510.0,6531921.813180825
2015,6.0,65.0,183005.14807153423
2015,6.0,71.0,151637.8519284658
2015,32.0,3.0,510908.0
2015,41.0,51.0,8407374.788403615
2015,41.0,67.0,2026884.2115963856
2015,39.0,85.0,33380.45906392738
2015,39.0,93.0,65857.91967588945
2015,39.0,35.0,826140.6212601832
2015,6.0,115.0,677398.0
2015,6.0,81.0,9614504.91778009
2015,6.0,85.0,28137026.08221991
2015,18.0,57.0,0.0
2015,18.0,97.0,0.0
2015,18.0,59.0,0.0
2015,18.0,11.0,0.0
2015,18.0,63.0,0.0
2015,18.0,109.0,0.0
2015,51.0,199.0,30816.850505941762
2015,51.0,800.0,151101.810368657
2015,51.0,700.0,363625.94728315924
2015,51.0,650.0,166171.26315474944
2015,51.0,95.0,22599.023704357292
2015,51.0,810.0,347757.39590594656
2015,51.0,735.0,8217.82680158447
2015,51.0,740.0,180076.86750893624
2015,51.0,710.0,831331.9083223334
2015,51.0,550.0,98164.1064443347
2015,55.0,89.0,2767372.3501351825
2015,55.0,79.0,105004777.92518039
2015,55.0,131.0,4078232.9370413222
2015,55.0,133.0,11678672.787643097
2015,12.0,109.0,68515824.48992474
2015,12.0,19.0,20968914.055888314
2015,12.0,31.0,763037527.454187
2015,28.0,33.0,26133850.0443686
2015,5.0,35.0,18570508.9556314
2015,49.0,35.0,59409.0
2015,18.0,43.0,66073.84306193756
2015,21.0,211.0,7486.985357827666
2015,21.0,29.0,18677.55409095601
2015,21.0,185.0,9341.969789767058
2015,21.0,111.0,919117.6476995117
2015,47.0,165.0,932341.5242083346
2015,47.0,147.0,449195.3562012144
2015,47.0,37.0,5308001.119590451
2015,51.0,145.0,2172.7028332142195
2015,51.0,149.0,16857.408346648957
2015,51.0,41.0,49373.78143281232
2015,51.0,87.0,90283.031094954
2015,51.0,730.0,26490.21311616265
2015,51.0,570.0,12041.005961892113
2015,51.0,85.0,9994.433032785411
2015,51.0,75.0,2172.7028332142195
2015,51.0,760.0,386027.9046550182
2015,51.0,53.0,16857.408346648957
2015,51.0,670.0,16857.408346648957
2015,36.0,29.0,1193208.3850150292
2015,36.0,63.0,167662.6149849707
2015,9.0,3.0,368345.0
2015,22.0,87.0,0.0
2015,22.0,89.0,0.0
2015,22.0,71.0,0.0
2015,37.0,183.0,0.0
2015,4.0,19.0,0.0
2015,48.0,141.0,50090.0
2015,48.0,215.0,435742.0
2015,31.0,55.0,6337708.553446018
2015,31.0,153.0,322400.44655398134
2015,55.0,89.0,66018.0
2016,34.0,21.0,1419534.442023889
2016,34.0,39.0,1886225.0370218158
2016,36.0,119.0,7692370.548813158
2016,36.0,27.0,1259465.8670267356
2016,34.0,13.0,9866548.6772767
2016,34.0,35.0,554725.5929981727
2016,36.0,87.0,816409.5339456303
2016,36.0,47.0,77924129.55145015
2016,36.0,103.0,2257874.802354842
2016,34.0,23.0,1997676.8370837984
2016,34.0,3.0,2188903.7849837146
2016,36.0,59.0,2623624.156953228
2016,36.0,81.0,50811542.88757989
2016,36.0,5.0,35928217.099477656
2016,36.0,85.0,4231703.541997652
2016,36.0,61.0,61178771.1352043
2016,34.0,17.0,9918271.503808668
2016,6.0,59.0,13129882.0
2016,17.0,37.0,36054.98338558867
2016,17.0,93.0,22140.859054363038
2016,18.0,127.0,58702.31749492034
2016,17.0,111.0,90973.45207534575
2016,17.0,89.0,138142.23288273098
2016,17.0,43.0,379375.3722522669
2016,18.0,89.0,365598.32144509244
2016,17.0,31.0,13038981.127414502
2016,17.0,97.0,274132.33399519004
2016,34.0,33.0,10992.747612783482
2016,42.0,91.0,63235.51044718928
2016,42.0,45.0,78491.43628208226
2016,34.0,15.0,20506.602005106495
2016,42.0,101.0,593448.7036528385
2016,48.0,113.0,1476912.5022181317
2016,48.0,257.0,24654.024690039412
2016,48.0,139.0,35663.909172797314
2016,48.0,397.0,35144.84846779318
2016,48.0,439.0,598835.7154512384
2016,48.0,157.0,2019226.7389014382
2016,48.0,201.0,45159001.48384933
2016,48.0,71.0,205669.77724923185
2016,51.0,510.0,6417180.121064195
2016,51.0,59.0,13647190.0940673
2016,51.0,683.0,292648.66222698474
2016,51.0,600.0,205669.26172353898
2016,51.0,610.0,134470.30275597205
2016,51.0,13.0,9064430.209932182
2016,51.0,153.0,2680381.5372110866
2016,51.0,685.0,83613.90349342422
2016,11.0,1.0,101153103.90752532
2016,26.0,125.0,2809668.763055306
2016,26.0,147.0,731758.1984440414
2016,26.0,115.0,317669.14732453093
2016,26.0,99.0,2056895.1211884946
2016,26.0,93.0,395411.76998762693
2016,4.0,13.0,1694834.0
2016,27.0,3.0,4047.6749123301593
2016,27.0,19.0,636.2924412068282
2016,27.0,53.0,52581.464387157204
2016,27.0,123.0,27443.568259305805
2016,8.0,31.0,826706.0334343713
2016,8.0,123.0,212550.40131612725
2016,8.0,1.0,183786.23094034477
2016,8.0,5.0,367727.10795797873
2016,8.0,14.0,42185.51680851484
2016,8.0,59.0,324902.70954266307
2016,24.0,33.0,356349.1444655652
2016,24.0,510.0,1228386.2224870033
2016,24.0,3.0,85670.43566801264
2016,24.0,27.0,51964.16162932847
2016,24.0,13.0,54753.02364508182
2016,24.0,31.0,431249.82575359417
2016,24.0,35.0,20178.186351414344
2016,29.0,189.0,5556483.0432267
2016,17.0,163.0,2841625.062008624
2016,29.0,510.0,10944235.894764677
2016,6.0,71.0,8434.741941215238
2016,6.0,65.0,9249.258058784762
2016,32.0,3.0,206646.0
2016,41.0,51.0,52544606.79208663
2016,41.0,67.0,10482715.207913367
2016,39.0,35.0,1402773.8077668191
2016,39.0,93.0,92264.30128912853
2016,39.0,85.0,48419.8909440523
2016,6.0,115.0,534713.0
2016,6.0,81.0,7759493.608789569
2016,6.0,85.0,19722537.39121043
2016,18.0,57.0,0.0
2016,18.0,109.0,0.0
2016,18.0,97.0,0.0
2016,18.0,63.0,0.0
2016,18.0,59.0,0.0
2016,18.0,11.0,0.0
2016,51.0,710.0,186768.70052337233
2016,51.0,199.0,6238.209678917845
2016,51.0,735.0,1663.5225810447585
2016,51.0,700.0,49907.37924472489
2016,51.0,810.0,38156.35784102765
2016,51.0,800.0,19310.476447176345
2016,51.0,550.0,20057.997975282644
2016,51.0,650.0,27354.097397875114
2016,51.0,740.0,44374.57121270532
2016,51.0,95.0,4574.687097873086
2016,55.0,133.0,9561770.374917503
2016,55.0,131.0,5615044.761078944
2016,55.0,89.0,3810208.9450178556
2016,55.0,79.0,158679228.9189857
2016,12.0,19.0,80577587.52427723
2016,12.0,31.0,750844459.201979
2016,12.0,109.0,65471602.27374365
2016,28.0,33.0,20172592.25630163
2016,5.0,35.0,26374234.74369837
2016,49.0,35.0,0.0
2016,21.0,185.0,13263.317865259145
2016,21.0,29.0,20768.086210688365
2016,18.0,43.0,42455.05314859615
2016,21.0,111.0,903723.5132688219
2016,21.0,211.0,9352.029506634412
2016,47.0,147.0,105637.9312119296
2016,47.0,37.0,1909093.475425227
2016,47.0,165.0,360853.59336284327
2016,51.0,730.0,10814.948843578803
2016,51.0,145.0,1168.3825934064373
2016,51.0,670.0,6882.240173186509
2016,51.0,85.0,5374.559929669612
2016,51.0,53.0,6882.240173186509
2016,51.0,87.0,47775.1396813354
2016,51.0,75.0,1168.3825934064373
2016,51.0,41.0,11156.539045379197
2016,51.0,760.0,173680.44095567422
2016,51.0,570.0,4915.885837990364
2016,51.0,149.0,6882.240173186509
2016,36.0,29.0,369218.7374193102
2016,36.0,63.0,50776.26258068978
2016,9.0,3.0,15991.0
2016,22.0,71.0,0.0
2016,22.0,87.0,0.0
2016,22.0,89.0,0.0
2016,37.0,183.0,0.0
2016,4.0,19.0,0.0
2016,48.0,141.0,240798.0
2016,48.0,215.0,2187478.0
2016,31.0,153.0,87074.53532945602
2016,31.0,55.0,794449.464670544
2016,55.0,89.0,0.0
2017,36.0,103.0,1396135.4795020926
2017,36.0,119.0,5977256.095474649
2017,36.0,85.0,2854335.4227797124
2017,36.0,87.0,599220.3710755984
2017,36.0,5.0,25001593.88408692
2017,36.0,59.0,1880074.8606109996
2017,34.0,39.0,1195313.0764740412
2017,34.0,3.0,1624207.0009180512
2017,34.0,21.0,1131339.4233077154
2017,36.0,61.0,42742630.50223749
2017,34.0,35.0,259163.3394694224
2017,36.0,81.0,34357426.92025901
2017,36.0,47.0,53041308.81476818
2017,34.0,13.0,6825300.998248606
2017,34.0,23.0,1360023.8309994463
2017,34.0,17.0,6889031.442575339
2017,36.0,27.0,780318.5372127243
2017,6.0,59.0,14201694.0
2017,17.0,37.0,31878.135006888104
2017,17.0,31.0,12281597.292403601
2017,17.0,89.0,126767.48769185811
2017,17.0,93.0,13913.173677692275
2017,17.0,43.0,323383.63185505755
2017,18.0,89.0,377205.3679918734
2017,18.0,127.0,80927.16240624522
2017,17.0,111.0,95143.48490878477
2017,17.0,97.0,325568.26405799924
2017,42.0,101.0,2652655.923216915
2017,42.0,91.0,241497.86141306136
2017,34.0,15.0,74528.25237899098
2017,34.0,33.0,41416.675918406676
2017,42.0,45.0,297289.28707262565
2017,48.0,397.0,22361.620261110525
2017,48.0,139.0,41548.70912190275
2017,48.0,257.0,18668.939013079766
2017,48.0,113.0,1394346.4216926943
2017,48.0,439.0,660943.3099112128
2017,48.0,157.0,1028595.7717825697
2017,48.0,71.0,273899.69393202494
2017,48.0,201.0,34857124.534285404
2017,51.0,685.0,49912.75389631697
2017,11.0,1.0,61626054.20803809
2017,51.0,683.0,174694.63863710943
2017,51.0,13.0,6622116.777287022
2017,51.0,610.0,56374.96805971431
2017,51.0,600.0,217748.52072317092
2017,51.0,153.0,1483383.9074358072
2017,51.0,510.0,4147584.5747644166
2017,51.0,59.0,9531319.651158348
2017,26.0,115.0,344813.5217183049
2017,26.0,93.0,232352.71574786198
2017,26.0,99.0,1419373.2690339948
2017,26.0,125.0,2583652.049318655
2017,26.0,147.0,268504.4441811835
2017,4.0,13.0,2336655.0
2017,27.0,53.0,213182.66111852255
2017,27.0,123.0,98224.50500699291
2017,27.0,3.0,16762.858621952582
2017,27.0,19.0,2114.9752525319614
2017,8.0,1.0,380183.4421021788
2017,8.0,31.0,1547870.5357303189
2017,8.0,123.0,310331.0074269815
2017,8.0,59.0,582133.8983045472
2017,8.0,5.0,638543.783990645
2017,8.0,14.0,60476.33244532856
2017,24.0,31.0,871120.3109082294
2017,24.0,33.0,764349.1165537842
2017,24.0,3.0,158145.1603336854
2017,24.0,27.0,75401.53744583616
2017,24.0,13.0,84151.51910602194
2017,24.0,510.0,2830578.7853220534
2017,24.0,35.0,51676.57033038974
2017,29.0,189.0,2070511.9408135822
2017,17.0,163.0,726885.5497932547
2017,29.0,510.0,4005838.509393163
2017,6.0,71.0,220192.9007684656
2017,6.0,65.0,288545.0992315344
2017,32.0,3.0,223180.0
2017,41.0,67.0,1638774.5618052534
2017,41.0,51.0,8635329.438194746
2017,39.0,85.0,25784.379985284773
2017,39.0,35.0,737055.2944894634
2017,39.0,93.0,47260.32552525177
2017,6.0,115.0,867668.0
2017,6.0,81.0,15832283.713684529
2017,6.0,85.0,46661349.28631547
2017,18.0,59.0,3346.2161167762165
2017,18.0,63.0,6965.204353024238
2017,18.0,57.0,6971.094780853364
2017,18.0,109.0,3811.1068054441103
2017,18.0,11.0,2258.7525175530723
2017,18.0,97.0,272827.625426349
2017,51.0,740.0,46191.82295720771
2017,51.0,810.0,89808.02388397098
2017,51.0,700.0,152098.91384445893
2017,51.0,95.0,9626.065743360552
2017,51.0,550.0,25955.252140037876
2017,51.0,650.0,50236.7787541876
2017,51.0,710.0,247697.08470142126
2017,51.0,800.0,37039.217145914154
2017,51.0,199.0,13126.453286400752
2017,51.0,735.0,3500.3875430402004
2017,55.0,133.0,9302064.159307435
2017,55.0,79.0,136978466.5485374
2017,55.0,89.0,2698259.24576485
2017,55.0,131.0,3976382.046390305
2017,12.0,19.0,121456213.65983368
2017,12.0,31.0,1221809841.5944679
2017,12.0,109.0,106963831.74569847
2017,28.0,33.0,15303818.246719258
2017,5.0,35.0,37479060.753280744
2017,49.0,35.0,0.0
2017,18.0,43.0,182473.6792759341
2017,21.0,29.0,57335.25827006598
2017,21.0,185.0,106625.61206776515
2017,21.0,211.0,50821.744242946654
2017,21.0,111.0,3708639.7061432884
2017,47.0,37.0,2651136.88259286
2017,47.0,147.0,235430.6539785959
2017,47.0,165.0,234675.46342854426
2017,51.0,730.0,21174.258701822935
2017,51.0,87.0,45306.53514698283
2017,51.0,760.0,285758.5238709033
2017,51.0,41.0,20248.240825298886
2017,51.0,670.0,13474.528264796412
2017,51.0,149.0,13474.528264796412
2017,51.0,145.0,3358.6656991393425
2017,51.0,53.0,13474.528264796412
2017,51.0,75.0,3358.6656991393425
2017,51.0,85.0,15449.862216040978
2017,51.0,570.0,9624.66304628315
2017,36.0,29.0,721588.3640486904
2017,36.0,63.0,98633.63595130967
2017,9.0,3.0,839237.0
2017,22.0,71.0,0.0
2017,22.0,87.0,0.0
2017,22.0,89.0,0.0
2017,37.0,183.0,0.0
2017,4.0,19.0,0.0
2017,48.0,141.0,368711.0
2017,48.0,215.0,352106.0
2017,31.0,55.0,54976.12706863143
2017,31.0,153.0,7968.87293136857
2017,55.0,89.0,517733.0
2018,36.0,61.0,80490379.92756176
2018,36.0,119.0,10841127.149021734
2018,34.0,21.0,1574340.8929515264
2018,36.0,5.0,48414150.24822821
2018,36.0,59.0,3340197.0530980355
2018,36.0,85.0,4899962.423354822
2018,34.0,39.0,2374233.22083026
2018,36.0,103.0,3095493.347344423
2018,36.0,47.0,102917332.3090499
2018,34.0,17.0,13357357.592687972
2018,34.0,3.0,3107339.129629392
2018,36.0,81.0,66207419.00565792
2018,36.0,87.0,1166765.7501135683
2018,34.0,13.0,12276209.781643031
2018,36.0,27.0,1620294.5972146648
2018,34.0,23.0,2804932.7693354506
2018,34.0,35.0,663778.8022773294
2018,6.0,59.0,24513861.0
2018,17.0,93.0,30628.244013374304
2018,17.0,31.0,29139080.930409636
2018,17.0,97.0,774701.6959667405
2018,17.0,43.0,886777.8523109573
2018,18.0,127.0,108027.51324344013
2018,17.0,89.0,259602.4959925432
2018,18.0,89.0,805058.4826570807
2018,17.0,37.0,104111.02699729844
2018,17.0,111.0,214872.75840892963
2018,42.0,45.0,698411.0890968975
2018,42.0,101.0,4479851.484674374
2018,42.0,91.0,405160.5076406897
2018,34.0,15.0,110878.5483238373
2018,34.0,33.0,41136.37026420148
2018,48.0,257.0,2487.3450657200747
2018,48.0,139.0,3749.8286516331364
2018,48.0,113.0,128992.07370496403
2018,48.0,397.0,2297.9645906799287
2018,48.0,439.0,62996.787987002834
2018,48.0,157.0,483180.7260420019
2018,48.0,71.0,53071.46703172598
2018,48.0,201.0,10290128.806926273
2018,51.0,13.0,10299069.691732867
2018,51.0,510.0,5346626.163257086
2018,51.0,683.0,111854.28852584897
2018,51.0,600.0,112781.2577677759
2018,51.0,153.0,2352692.077403009
2018,11.0,1.0,86528892.92760698
2018,51.0,59.0,12105225.118235005
2018,51.0,685.0,31958.368150242557
2018,51.0,610.0,151758.10732117944
2018,26.0,93.0,26272.74660652544
2018,26.0,147.0,40927.654078719715
2018,26.0,125.0,232022.12154406618
2018,26.0,115.0,19592.082782809513
2018,26.0,99.0,159109.39498787915
2018,4.0,13.0,2431744.0
2018,27.0,3.0,31906.495260802614
2018,27.0,19.0,7938.258245240106
2018,27.0,123.0,164976.97250181754
2018,27.0,53.0,328964.27399213973
2018,8.0,14.0,196467.20741183625
2018,8.0,1.0,949050.2705142007
2018,8.0,5.0,2358090.749131393
2018,8.0,123.0,1225213.886442271
2018,8.0,59.0,2300812.7387930793
2018,8.0,31.0,6715535.147707219
2018,24.0,510.0,4053755.06710112
2018,24.0,13.0,137667.76307609273
2018,24.0,3.0,293284.9648792092
2018,24.0,33.0,1207958.446677128
2018,24.0,31.0,1310478.1413427421
2018,24.0,27.0,192947.71902567742
2018,24.0,35.0,96887.89789802997
2018,17.0,163.0,3732652.3828170025
2018,29.0,510.0,22014447.798686977
2018,29.0,189.0,9011174.81849602
2018,6.0,65.0,393562.7392901772
2018,6.0,71.0,315531.2607098228
2018,32.0,3.0,882896.0
2018,41.0,51.0,21867683.655930214
2018,41.0,67.0,3841490.344069787
2018,39.0,93.0,123161.74243667934
2018,39.0,85.0,70657.42914305493
2018,39.0,35.0,2023596.8284202656
2018,6.0,115.0,2659591.0
2018,6.0,81.0,15161028.94158457
2018,6.0,85.0,40276921.05841543
2018,18.0,57.0,4558.632096427144
2018,18.0,97.0,102133.7151216011
2018,18.0,109.0,2544.4290843437116
2018,18.0,63.0,2969.7762754952814
2018,18.0,59.0,1617.376315968374
2018,18.0,11.0,1446.0711061643997
2018,51.0,550.0,99364.89332405553
2018,51.0,700.0,420974.26823199476
2018,51.0,740.0,164235.958656459
2018,51.0,710.0,799822.1310861087
2018,51.0,199.0,38577.700919525545
2018,51.0,735.0,10287.38691187348
2018,51.0,650.0,244927.21156267604
2018,51.0,800.0,120074.04351023611
2018,51.0,810.0,286717.0917894188
2018,51.0,95.0,28290.31400765207
2018,55.0,79.0,162268356.93783492
2018,55.0,133.0,14259848.694058862
2018,55.0,131.0,5493653.836318596
2018,55.0,89.0,3727836.5317876185
2018,12.0,31.0,1277242908.896995
2018,12.0,19.0,110334633.60121733
2018,12.0,109.0,92905106.50178756
2018,28.0,33.0,27869173.66090247
2018,5.0,35.0,24827152.33909753
2018,49.0,35.0,0.0
2018,21.0,211.0,42620.13571241168
2018,18.0,43.0,307507.3128206056
2018,21.0,185.0,88655.40462486316
2018,21.0,111.0,3527705.4364262256
2018,21.0,29.0,49308.7104158939
2018,47.0,165.0,539557.6076755665
2018,47.0,37.0,2023777.8875572572
2018,47.0,147.0,85261.50476717643
2018,51.0,53.0,8756.294772930878
2018,51.0,75.0,2367.293210500514
2018,51.0,145.0,2367.293210500514
2018,51.0,670.0,8756.294772930878
2018,51.0,41.0,23476.823383362538
2018,51.0,149.0,8756.294772930878
2018,51.0,570.0,6254.4962663791985
2018,51.0,87.0,58926.23217883142
2018,51.0,85.0,10889.548768302364
2018,51.0,760.0,272179.5368772966
2018,51.0,730.0,13759.891786034237
2018,36.0,63.0,25230.96088572453
2018,36.0,29.0,180851.03911427545
2018,9.0,3.0,549624.0
2018,22.0,89.0,0.0
2018,22.0,87.0,0.0
2018,22.0,71.0,0.0
2018,37.0,183.0,0.0
2018,4.0,19.0,0.0
2018,48.0,141.0,71637.0
2018,48.0,215.0,2923625.0
2018,31.0,153.0,27626.05488744443
2018,31.0,55.0,135038.94511255555
2018,55.0,89.0,301602.0
2019,36.0,5.0,31263188.818725985
2019,34.0,23.0,1973933.3066311027
2019,36.0,81.0,42309810.37425346
2019,36.0,87.0,622447.7361579981
2019,34.0,3.0,2119207.9958008374
2019,36.0,119.0,6362332.529643192
2019,34.0,17.0,8898434.33129173
2019,36.0,61.0,51634034.36578081
2019,34.0,13.0,8548374.45340201
2019,36.0,103.0,1994636.915370265
2019,36.0,27.0,928418.5367031787
2019,34.0,39.0,1553262.766530984
2019,36.0,85.0,3265788.9896554635
2019,36.0,59.0,2199480.3420895142
2019,34.0,35.0,411102.0368206688
2019,36.0,47.0,65250693.00512927
2019,34.0,21.0,1356214.4960135266
2019,6.0,59.0,25375441.0
2019,18.0,89.0,1097071.688572208
2019,17.0,97.0,693094.7683994155
2019,17.0,111.0,180795.20210889747
2019,17.0,89.0,404533.10044467106
2019,17.0,37.0,78939.24134665217
2019,17.0,43.0,709455.8833565006
2019,17.0,31.0,29270752.985096715
2019,18.0,127.0,150859.10408959328
2019,17.0,93.0,17191.026585343017
2019,34.0,33.0,70855.45543455632
2019,42.0,45.0,608982.7277996828
2019,42.0,101.0,4938062.457615506
2019,42.0,91.0,474261.93678112864
2019,34.0,15.0,144704.42236912614
2019,48.0,397.0,6137.834303198459
2019,48.0,113.0,341156.66448986804
2019,48.0,439.0,156316.60730641382
2019,48.0,139.0,9225.350952686169
2019,48.0,257.0,2811.5429478335063
2019,48.0,71.0,12919.465529016543
2019,48.0,201.0,3044299.5802300703
2019,48.0,157.0,112989.95424091326
2019,51.0,510.0,10151223.31594896
2019,51.0,153.0,4521162.801315586
2019,51.0,13.0,13193537.129123718
2019,51.0,59.0,16935182.508756265
2019,51.0,610.0,214838.17570486863
2019,51.0,683.0,473848.68660139246
2019,11.0,1.0,124469386.14381126
2019,51.0,600.0,257193.89970898826
2019,51.0,685.0,135385.3390289693
2019,26.0,125.0,1026338.1558573698
2019,26.0,93.0,44745.64844255506
2019,26.0,147.0,194785.9069634712
2019,26.0,99.0,573333.4086613747
2019,26.0,115.0,73342.8800752292
2019,4.0,13.0,2431593.0
2019,27.0,53.0,1404925.065168457
2019,27.0,3.0,149865.7974049004
2019,27.0,123.0,706832.5233786928
2019,27.0,19.0,17227.61404794989
2019,8.0,14.0,38351.59092720092
2019,8.0,5.0,565680.0504595813
2019,8.0,59.0,448936.3405794569
2019,8.0,31.0,1487546.878279104
2019,8.0,123.0,311697.6304267291
2019,8.0,1.0,321532.5093279279
2019,24.0,33.0,5161467.330384918
2019,24.0,35.0,302459.1280923253
2019,24.0,3.0,891200.460898166
2019,24.0,13.0,378367.84512813
2019,24.0,27.0,724056.4154488392
2019,24.0,31.0,4792143.235737543
2019,24.0,510.0,14769352.584310079
2019,17.0,163.0,5472869.554575103
2019,29.0,189.0,12518866.520467274
2019,29.0,510.0,27211832.92495762
2019,6.0,65.0,639420.0104110386
2019,6.0,71.0,517634.98958896124
2019,32.0,3.0,408231.0
2019,41.0,67.0,1806030.6894147561
2019,41.0,51.0,8365581.310585244
2019,39.0,35.0,11852595.943109974
2019,39.0,85.0,339740.96233419224
2019,39.0,93.0,942716.0945558329
2019,6.0,115.0,217853.0
2019,6.0,85.0,39051422.77445225
2019,6.0,81.0,14309711.225547753
2019,18.0,109.0,506.0718907475092
2019,18.0,11.0,362.38523840391537
2019,18.0,97.0,29439.674963963702
2019,18.0,57.0,1260.536746833548
2019,18.0,63.0,861.4991256445971
2019,18.0,59.0,569.8320344067278
2019,51.0,740.0,151147.11173568436
2019,51.0,800.0,74058.18088854772
2019,51.0,710.0,759591.87944021
2019,51.0,95.0,23703.847413675583
2019,51.0,650.0,131208.15974567967
2019,51.0,735.0,8619.580877700211
2019,51.0,550.0,95732.38579601896
2019,51.0,810.0,240362.6994307013
2019,51.0,199.0,32323.428291375792
2019,51.0,700.0,354320.7263804065
2019,55.0,89.0,6494939.694284113
2019,55.0,79.0,140178610.28425375
2019,55.0,133.0,12887200.945675047
2019,55.0,131.0,9571490.075787114
2019,12.0,109.0,135440988.5283756
2019,12.0,19.0,226585866.61787003
2019,12.0,31.0,1645470724.8537545
2019,5.0,35.0,22165768.36264374
2019,28.0,33.0,26454760.63735626
2019,49.0,35.0,0.0
2019,21.0,29.0,335606.28004920785
2019,21.0,111.0,7840857.72974963
2019,21.0,211.0,129120.0927372401
2019,18.0,43.0,373331.32316360134
2019,21.0,185.0,152714.57430032073
2019,47.0,147.0,216626.72899126468
2019,47.0,37.0,4579867.037034367
2019,47.0,165.0,635649.2339743678
2019,51.0,53.0,16866.621761661496
2019,51.0,760.0,317654.3926860145
2019,51.0,730.0,26504.69133975378
2019,51.0,670.0,16866.621761661496
2019,51.0,85.0,23730.948997108993
2019,51.0,570.0,12047.586972615354
2019,51.0,149.0,16866.621761661496
2019,51.0,145.0,5158.90195589326
2019,51.0,41.0,31588.997590493585
2019,51.0,75.0,5158.90195589326
2019,51.0,87.0,96662.71321724278
2019,36.0,63.0,343613.36346174206
2019,36.0,29.0,1915550.636538258
2019,9.0,3.0,64310.0
2019,22.0,87.0,0.0
2019,22.0,89.0,0.0
2019,22.0,71.0,0.0
2019,37.0,183.0,0.0
2019,4.0,19.0,0.0
2019,48.0,141.0,45612.0
2019,48.0,215.0,45696.0
2019,31.0,55.0,1373896.94035586
2019,31.0,153.0,177850.0596441399
2019,55.0,89.0,282443.0
2020,36.0,87.0,392304.7397820669
2020,34.0,13.0,4567044.163508265
2020,36.0,61.0,26275581.931259047
2020,34.0,3.0,951763.0107405325
2020,34.0,35.0,155110.5182394956
2020,36.0,27.0,529227.1915477256
2020,36.0,119.0,3288189.8852120503
2020,36.0,5.0,17342910.855744693
2020,34.0,39.0,610217.5436695913
2020,36.0,103.0,1286464.1317169862
2020,36.0,47.0,34383162.078600384
2020,36.0,81.0,21863640.21101848
2020,36.0,85.0,1805463.563987602
2020,34.0,23.0,934103.0474221692
2020,34.0,21.0,590835.9963642709
2020,34.0,17.0,4256857.041910819
2020,36.0,59.0,1115378.0892758216
2020,6.0,59.0,24581501.0
2020,18.0,89.0,656663.3693268606
2020,17.0,43.0,478438.693429078
2020,17.0,111.0,114096.64243936865
2020,17.0,89.0,253418.2995853314
2020,18.0,127.0,69232.50598253822
2020,17.0,93.0,21817.313215685514
2020,17.0,97.0,479966.73132060375
2020,17.0,31.0,19880522.238296412
2020,17.0,37.0,60857.20640412093
2020,34.0,15.0,64090.8968981837
2020,42.0,45.0,407134.97286822175
2020,42.0,101.0,2644083.488421822
2020,42.0,91.0,232525.2208109044
2020,34.0,33.0,38349.421000867995
2020,48.0,397.0,87.5998242282723
2020,48.0,257.0,139.97524040312027
2020,48.0,113.0,7423.500617446306
2020,48.0,439.0,3478.5952302673786
2020,48.0,139.0,259.3290876549229
2020,48.0,201.0,9180631.550608823
2020,48.0,157.0,386132.6342697726
2020,48.0,71.0,26404.815121404867
2020,51.0,510.0,13619134.371158676
2020,51.0,59.0,21481083.626465525
2020,51.0,610.0,354404.12157672603
2020,51.0,683.0,469389.5940518796
2020,51.0,13.0,15996345.718943266
2020,51.0,600.0,327981.274194326
2020,11.0,1.0,156377592.6004104
2020,51.0,685.0,134111.31258625136
2020,51.0,153.0,3133757.3806129294
2020,26.0,115.0,37508.135594223
2020,26.0,125.0,542108.5750795642
2020,26.0,99.0,322255.7877780846
2020,26.0,93.0,61480.14818722788
2020,26.0,147.0,61200.35336090026
2020,4.0,13.0,3265478.0
2020,27.0,3.0,185122.981833198
2020,27.0,123.0,1109408.526833279
2020,27.0,19.0,46957.86289937226
2020,27.0,53.0,1844676.6284341507
2020,8.0,59.0,739417.3230082799
2020,8.0,5.0,1037755.9131453269
2020,8.0,1.0,622663.8086091073
2020,8.0,31.0,2216496.845540035
2020,8.0,123.0,358587.92908542085
2020,8.0,14.0,141857.18061183026
2020,24.0,27.0,553049.4003970604
2020,24.0,33.0,4362489.7609542
2020,24.0,510.0,12382923.409126591
2020,24.0,3.0,895462.7588081756
2020,24.0,13.0,221601.0747682327
2020,24.0,35.0,344803.28800529515
2020,24.0,31.0,4073760.3079404463
2020,17.0,163.0,1657201.3176097544
2020,29.0,189.0,6467575.480206251
2020,29.0,510.0,13615973.202183995
2020,6.0,65.0,40861.536133702124
2020,6.0,71.0,43634.463866297876
2020,32.0,3.0,1587614.0
2020,41.0,67.0,1189008.5884932005
2020,41.0,51.0,5778976.411506799
2020,39.0,35.0,5356674.301912073
2020,39.0,93.0,280782.41540429555
2020,39.0,85.0,194051.28268363164
2020,6.0,115.0,384170.0
2020,6.0,81.0,7367685.96671519
2020,6.0,85.0,24349535.03328481
2020,18.0,57.0,0.0
2020,18.0,97.0,0.0
2020,18.0,63.0,0.0
2020,18.0,109.0,0.0
2020,18.0,59.0,0.0
2020,18.0,11.0,0.0
2020,51.0,95.0,183067.56172022977
2020,51.0,199.0,249637.5841639497
2020,51.0,740.0,761130.6503505189
2020,51.0,735.0,66570.02244371992
2020,51.0,800.0,418109.07976162323
2020,51.0,650.0,956472.1767647164
2020,51.0,550.0,495411.22892861837
2020,51.0,700.0,1653055.882978515
2020,51.0,810.0,1500843.7696172358
2020,51.0,710.0,3496211.043270873
2020,55.0,133.0,14354483.926691039
2020,55.0,131.0,4580859.176014896
2020,55.0,79.0,136585281.7421411
2020,55.0,89.0,3108440.155152965
2020,12.0,109.0,210784520.10843152
2020,12.0,19.0,163509923.22342783
2020,12.0,31.0,1761780520.6681406
2020,5.0,35.0,19510338.331643734
2020,28.0,33.0,28949692.668356266
2020,49.0,35.0,0.0
2020,18.0,43.0,182261.7061456016
2020,21.0,29.0,51537.19698012972
2020,21.0,211.0,21666.65832225862
2020,21.0,111.0,2482412.3844817667
2020,21.0,185.0,28599.054070243415
2020,47.0,147.0,154923.91300418033
2020,47.0,37.0,5853873.795390352
2020,47.0,165.0,771389.2916054683
2020,51.0,670.0,1103.8456492859514
2020,51.0,85.0,1709.1004208115216
2020,51.0,87.0,9870.738158498205
2020,51.0,145.0,371.54356974163517
2020,51.0,53.0,1103.8456492859514
2020,51.0,760.0,32264.29212727934
2020,51.0,75.0,371.54356974163517
2020,51.0,730.0,1734.6145917350666
2020,51.0,41.0,2545.169436273347
2020,51.0,149.0,1103.8456492859514
2020,51.0,570.0,788.461178061394
2020,36.0,29.0,164539.74587850683
2020,36.0,63.0,20299.254121493155
2020,9.0,3.0,447338.0
2020,22.0,71.0,0.0
2020,22.0,87.0,0.0
2020,22.0,89.0,0.0
2020,37.0,183.0,0.0
2020,4.0,19.0,0.0
2020,48.0,141.0,517671.0
2020,48.0,215.0,945151.0
2020,31.0,55.0,1261447.5199316372
2020,31.0,153.0,164473.4800683629
2020,55.0,89.0,74286.0
2021,36.0,87.0,349230.05905161455
2021,34.0,23.0,1104963.2438419294
2021,34.0,13.0,5362511.412569828
2021,36.0,61.0,31681375.478848845
2021,36.0,85.0,2094042.9285624204
2021,34.0,21.0,899986.5541717957
2021,36.0,103.0,1074332.0028667792
2021,36.0,27.0,671220.0706182995
2021,34.0,17.0,6379928.519747366
2021,36.0,119.0,4262602.571160234
2021,34.0,3.0,1301309.53659594
2021,36.0,59.0,1353625.3642596807
2021,34.0,35.0,304012.8757387513
2021,36.0,47.0,42866964.29358787
2021,34.0,39.0,1053382.8098226972
2021,36.0,5.0,20564732.676029813
2021,36.0,81.0,28171964.60252614
2021,6.0,59.0,51884142.0
2021,18.0,89.0,1197849.9713702193
2021,17.0,37.0,136689.54274758263
2021,17.0,93.0,26900.189175823172
2021,17.0,89.0,669552.961861163
2021,17.0,43.0,1676499.890821247
2021,18.0,127.0,378706.0981895753
2021,17.0,97.0,1396214.4261590182
2021,17.0,31.0,51737319.9041305
2021,17.0,111.0,343616.01554486435
2021,42.0,101.0,1841485.5373240795
2021,34.0,15.0,51979.711326227756
2021,42.0,45.0,272804.7329656256
2021,34.0,33.0,26117.08732398933
2021,42.0,91.0,159425.93106007794
2021,48.0,397.0,245.15361116344815
2021,48.0,439.0,10044.555974772946
2021,48.0,139.0,883.7214540189492
2021,48.0,113.0,21829.8343006779
2021,48.0,257.0,357.7346593667594
2021,48.0,157.0,1135926.865731866
2021,48.0,71.0,92145.82912618022
2021,48.0,201.0,22039772.305141956
2021,51.0,13.0,12547962.75610425
2021,51.0,685.0,76887.09492091087
2021,51.0,610.0,175793.62940823755
2021,51.0,683.0,269104.832223188
2021,11.0,1.0,122337222.48390561
2021,51.0,59.0,18240001.802758243
2021,51.0,510.0,9761598.933144925
2021,51.0,600.0,315259.35915254004
2021,51.0,153.0,3964529.1083821007
2021,26.0,93.0,222209.86923641287
2021,26.0,115.0,360581.7412644471
2021,26.0,147.0,467550.65089397604
2021,26.0,125.0,2862722.721837105
2021,26.0,99.0,1832909.016768059
2021,4.0,13.0,1970449.0
2021,27.0,19.0,7886.4239311370575
2021,27.0,123.0,195575.91847883345
2021,27.0,3.0,43151.811378559454
2021,27.0,53.0,410014.8462114701
2021,8.0,14.0,68554.67235568211
2021,8.0,59.0,564241.0833176849
2021,8.0,123.0,475738.92280482635
2021,8.0,1.0,451330.93991248566
2021,8.0,31.0,1804964.584548301
2021,8.0,5.0,686788.7970610199
2021,24.0,3.0,1410968.470774035
2021,24.0,35.0,406565.23230661673
2021,24.0,31.0,6649154.451970921
2021,24.0,510.0,18571020.417052045
2021,24.0,27.0,789361.4458456613
2021,24.0,33.0,7020464.272445488
2021,24.0,13.0,416311.70960523037
2021,17.0,163.0,1259339.3565631479
2021,29.0,189.0,3619302.634562429
2021,29.0,510.0,7967434.008874424
2021,6.0,65.0,27355.90733401716
2021,6.0,71.0,20962.09266598284
2021,32.0,3.0,5520007.0
2021,41.0,51.0,5832273.421079062
2021,41.0,67.0,1305803.578920938
2021,39.0,85.0,95705.01784144556
2021,39.0,35.0,2278338.211685296
2021,39.0,93.0,131877.77047325828
2021,6.0,115.0,0.0
2021,6.0,85.0,40949972.59955213
2021,6.0,81.0,18714107.400447868
2021,18.0,57.0,0.0
2021,18.0,59.0,0.0
2021,18.0,63.0,0.0
2021,18.0,109.0,0.0
2021,18.0,11.0,0.0
2021,18.0,97.0,0.0
2021,51.0,810.0,610437.649057897
2021,51.0,800.0,175240.20310745316
2021,51.0,710.0,1815385.1515177253
2021,51.0,700.0,834823.1977235847
2021,51.0,550.0,242364.3207485859
2021,51.0,95.0,66899.03848117818
2021,51.0,735.0,24326.923084064794
2021,51.0,650.0,348665.9925785382
2021,51.0,740.0,441359.5621357296
2021,51.0,199.0,91225.96156524298
2021,55.0,131.0,6815901.946573661
2021,55.0,133.0,9170588.875600189
2021,55.0,89.0,4625076.32088927
2021,55.0,79.0,110208378.85693689
2021,12.0,109.0,221700233.59042045
2021,12.0,31.0,1453440500.8239915
2021,12.0,19.0,200147413.58558816
2021,28.0,33.0,32795557.69398014
2021,5.0,35.0,12080571.306019865
2021,49.0,35.0,0.0
2021,21.0,111.0,6009907.040646318
2021,18.0,43.0,361195.984350174
2021,21.0,185.0,103770.31211623893
2021,21.0,211.0,80263.15977970316
2021,21.0,29.0,194410.50310756598
2021,47.0,147.0,76437.24787595581
2021,47.0,37.0,2248759.662064571
2021,47.0,165.0,435497.09005947324
2021,51.0,145.0,11567.072347715535
2021,51.0,53.0,34916.98905841123
2021,51.0,75.0,11567.072347715535
2021,51.0,87.0,195585.9086130475
2021,51.0,670.0,34916.98905841123
2021,51.0,41.0,84479.39788231335
2021,51.0,760.0,680996.788129543
2021,51.0,149.0,34916.98905841123
2021,51.0,570.0,24940.706470293735
2021,51.0,85.0,53208.53279949146
2021,51.0,730.0,54869.55423464622
2021,36.0,63.0,45628.573832134185
2021,36.0,29.0,254141.42616786584
2021,9.0,3.0,1214810.0
2021,22.0,87.0,0.0
2021,22.0,89.0,0.0
2021,22.0,71.0,0.0
2021,37.0,183.0,0.0
2021,4.0,19.0,0.0
2021,48.0,141.0,972693.0
2021,48.0,215.0,1639677.0
2021,31.0,55.0,151469.26116612385
2021,31.0,153.0,18425.738833876152
2021,55.0,89.0,635738.0
